﻿"OrderID","ReversalID","RefundCompletionDate","Currency","AmountRefunded","Status","DisbursementType"
"111-2590168-2073031","F1DEGCz0QMuKxkwa/OIjEg","2025-01-25T15:50:05.299Z","USD","7.51","Completed","Refund"
"114-7069176-4152233","YhsXntt7RUGMh7ont/VAhg","2025-01-16T02:25:55.229Z","USD","18.54","Completed","Refund"
"114-7069176-4152233","RIje5QIQRSOz9BsfKcmlBQ","2025-01-16T01:11:56.013Z","USD","14.18","Completed","Refund"
"111-6570361-9095464","RHlZxOVIROKBHYQDWRl/VA","2025-01-16T00:43:50.644Z","USD","35.77","Completed","Refund"
"114-7069176-4152233","4BVynfftR5+0DWtqSb3lRA","2025-01-15T23:55:15.765Z","USD","10.47","Completed","Refund"
"111-9637805-6637061","90LxO/iZTWOk06Io1Y6SVw","2025-01-15T23:40:15.788Z","USD","62.16","Completed","Refund"
"114-3322265-2624254","J6z/gogaQLCte4fC7LipWg","2025-01-15T23:40:03.133Z","USD","43.63","Completed","Refund"
"111-6570361-9095464","Pa+lHCZvSgeJWRN9K0sFRg","2025-01-15T23:39:55.475Z","USD","34.9","Completed","Refund"
"111-1759842-8318653","SmKmySiWRlOvF4wsrHBNoA","2025-01-15T23:38:34.719Z","USD","36","Completed","Refund"
"114-3382779-5911436","NH7GywqRSPui3nv4aQ6yQQ","2025-01-15T23:32:11.332Z","USD","30.1","Completed","Refund"
"114-3911941-7601026","F9VrZBf1RoOXZFIF0C05Vw","2025-01-15T23:14:08.918Z","USD","10.9","Completed","Refund"
"114-2700911-5975414","cYuEX+1PSTKTm4ugLq+/JA","2025-01-15T23:13:06.234Z","USD","21.8","Completed","Refund"
"114-6299082-1387414","y0i1oww+QR+pPlgH39AyeA","2025-01-15T22:45:08.905Z","USD","10.36","Completed","Refund"
"111-6562703-8537852","s+25B3z4R0yVI4NGuiAoww","2025-01-15T22:33:12.097Z","USD","8.72","Completed","Refund"
"114-7811232-3912243","ONEq9Y3iR96cZKjq3nNsIw","2025-01-15T22:18:56.584Z","USD","27.18","Completed","Refund"
"114-8357928-9670656","i7MNnpq+TaqnkZiup7VA0g","2025-01-15T20:42:43.730Z","USD","22.85","Completed","Refund"
"111-5760012-3666621","jNlru5c2TbuFen6WJigzZA","2025-01-15T20:39:21.440Z","USD","15.27","Completed","Refund"
"112-4139043-8937836","2YOpnkgDRyOE3dNyCIUPKw","2024-12-19T14:52:06.917Z","USD","24.08","Completed","Refund"
"112-6564276-8989835","gkdig0eMSIGL9qcUHwXTyw","2024-12-14T11:05:12.340Z","USD","20.79","Completed","Refund"
"114-0490949-1612238","71SjLjIKS2msx/zQI+uzfQ","2024-12-14T10:59:35.821Z","USD","34.91","Completed","Refund"
"114-2217064-3528210","yyXk+chkSl6DDBDJV/N+Zg","2024-12-09T00:02:27.886Z","USD","34.91","Completed","Refund"
"114-2217064-3528210","QtwKNSw4SVi5GB60m+lcBg","2024-12-08T23:06:13.964Z","USD","48.43","Completed","Refund"
"114-0099174-3024260","zXqc5Q5BQru4NhIdjwO73g","2024-12-08T21:39:42.928Z","USD","15.7","Completed","Refund"
"114-2217064-3528210","mtzxS3E0RfieigFGN5uw6A","2024-12-08T20:56:04.600Z","USD","21.81","Completed","Refund"
"111-5303349-1143432","OOaq+tiTQj25yP4eme+j5Q","2024-12-04T02:21:49.381Z","USD","8.72","Completed","Refund"
"111-6570361-9095464","zyv/NHehSdixTBr+rXZ2MA","2024-11-29T23:55:31.488Z","USD","49.1","Completed","Refund"
"111-8265233-0044246","J68x3eeYRICmp+eB/allfg","2024-11-29T23:55:30.694Z","USD","10.35","Completed","Refund"
"111-8265233-0044246","gra7u5TmToiFXB/kq35klQ","2024-11-29T23:55:08.906Z","USD","31.08","Completed","Refund"
"111-0615355-7638652","x0yztZaaQL6SwUAvOJtztA","2024-11-29T22:02:23.139Z","USD","16.29","Completed","Refund"
"111-0615355-7638652","5GgH+eLTRRe2Dl6Sup9cxQ","2024-11-29T22:02:09.061Z","USD","27.98","Completed","Refund"
"111-5101568-6652200","qoOKNik7Sd6pjZHVsnfK1w","2024-11-29T22:01:37.662Z","USD","16.03","Completed","Refund"
"111-5794216-3739465","AXH2jLUiTqyFn2r6kXFezg","2024-11-29T22:01:31.660Z","USD","11.98","Completed","Refund"
"114-6391965-6081835","bySjwEUuQsmJ5w18Dish/Q","2024-11-23T04:21:25.428Z","USD","229.15","Completed","Refund"
"114-2023949-6199409","D336wS5ZTTyt+AEWaZBdBw","2024-11-17T02:14:34.121Z","USD","45.17","Completed","Refund"
"114-5757124-7024244","HFSa67aqR1GHF6idbHIJBA","2024-11-17T02:11:28.620Z","USD","45.17","Completed","Refund"
"114-5757124-7024244","/N9LIGA2S2G6x/BjT5j9Yw","2024-11-10T20:51:18.497Z","USD","45.17","Completed","Refund"
"114-2023949-6199409","MVvFZ5F/SaCVSxjkWpjE7g","2024-11-10T20:20:46.769Z","USD","45.17","Completed","Refund"
"114-6116324-6263419","7xq6HDTGTsSV9G0pyO/N3Q","2024-11-10T19:41:09.894Z","USD","23.56","Completed","Refund"
"114-6584182-1894648","wsuWgjfsQAWTOF0wcenubQ","2024-11-10T19:40:57.972Z","USD","23.56","Completed","Refund"
"114-3284722-6154655","6ZaxqXqESLKLQw39HXjDQw","2024-11-10T19:40:49.953Z","USD","23.56","Completed","Refund"
"113-2372681-2997068","qSucL8e6Q++qQJBNfzbx1A","2024-10-15T13:09:57.305Z","USD","32.84","Completed","Refund"
"114-8642267-0680257","cr4508aATXy54zwN+Jr4hg","2024-10-09T16:49:26.929Z","USD","41.46","Completed","Refund"
"114-8642267-0680257","1/mhm7sSQHS7JhOCMAQZ7w","2024-10-09T15:30:46.236Z","USD","17.44","Completed","Refund"
"114-1228501-4151453","asVRgaDASrShR7DrFrXUlA","2024-10-09T14:41:47.623Z","USD","16.36","Completed","Refund"
"114-8642267-0680257","fYODUNAmTAmw4/BX6rpSRA","2024-10-09T14:38:53.606Z","USD","17.44","Completed","Refund"
"114-1228501-4151453","BBIx0p1dRlK24ynSEbmRRQ","2024-10-09T14:30:40.948Z","USD","16.36","Completed","Refund"
"113-2582862-9233857","BhWszuekTFWnMbhzP1G69g","2024-10-09T14:18:35.426Z","USD","24.28","Completed","Refund"
"114-3590723-0921063","xRGnUez5QwmmRYHpJkrD0A","2024-10-09T14:15:07.511Z","USD","21.79","Completed","Refund"
"113-1958694-0457006","oP8LuXvxTwuOT7ADXg6Q3g","2024-10-09T13:36:39.011Z","USD","44.89","Completed","Refund"
"113-2522447-3288227","Nbgg+VPyRt+J4MLwGAL1sw","2024-10-09T12:40:32.989Z","USD","8.16","Completed","Refund"
"114-1228501-4151453","N2xNWNaYRgSGgL9KwBZzcw","2024-10-03T22:52:58.795Z","USD","10.9","Completed","Refund"
"114-8568225-7581037","ALw+iPg8QyipQyTNpTpFsA","2024-10-03T18:13:59.396Z","USD","25.09","Completed","Refund"
"114-0669266-8401822","uxpoiRzhRgGGuENRrXRJ+Q","2024-08-26T23:13:12.864Z","USD","141.85","Completed","Refund"
"113-7812787-0976238","ZAZdLkpHSD2tANyd0xvKrg","2024-08-15T03:01:26.753Z","USD","28.67","Completed","Refund"
"113-9499662-9945012","zTiXgmw9T6ejYCHgNdgwsw","2024-08-15T02:58:16.750Z","USD","16.36","Completed","Refund"
"113-7812787-0976238","1pKlntt8SKSxupvK37To9Q","2024-08-15T02:55:11.025Z","USD","43.35","Completed","Refund"
"113-9499662-9945012","CEjA149LSVeEWqCmfYUwfg","2024-08-15T02:55:09.126Z","USD","21.81","Completed","Refund"
"113-9499662-9945012","TFcWpisfRWScmJNky7twpg","2024-08-15T02:55:09.057Z","USD","10.35","Completed","Refund"
"113-7812787-0976238","c/lZ379sQKmgpPpfl2BqKQ","2024-08-15T02:54:52.691Z","USD","25.31","Completed","Refund"
"113-7812787-0976238","PsgxVka1S92jvqj0yvjESw","2024-08-15T02:54:26.166Z","USD","16.58","Completed","Refund"
"113-7812787-0976238","crFt5fNxQhKoKiB1uuW+yg","2024-08-15T01:02:08.586Z","USD","30.54","Completed","Refund"
"114-0669266-8401822","Yp0U56VfSoKb/dvnZ0n8/g","2024-08-06T07:00:42.582Z","USD","30.68","Completed","Refund"
"114-0669266-8401822","Q+pxWzVdQx2eO55lrkIHuA","2024-08-06T06:04:53.649Z","USD","15.27","Completed","Refund"
"113-7827997-3532266","Htqa9H6RRxWCg9cxlbBFjQ","2024-08-06T05:20:45.813Z","USD","37.6","Completed","Refund"
"114-1263909-2493806","hMH9v4LwSrmmpebRRSyBGQ","2024-08-06T04:39:24.836Z","USD","21.81","Completed","Refund"
"113-7028313-8477018","dMhEp/dvTGOsrNgR+Z528g","2024-08-06T04:37:51.961Z","USD","29.45","Completed","Refund"
"114-0485339-3426645","S2eVcIv7R6WjpVFRKf60uA","2024-08-06T02:26:43.209Z","USD","172.73","Completed","Refund"
"113-3822410-3600205","Jnp0+uqjQCGphso/+09QnQ","2024-07-19T02:52:59.584Z","USD","7.63","Completed","Refund"
"113-2038973-3225823","tHP+SU8XQWGfnj3Zkc8hzQ","2024-07-19T02:52:04.782Z","USD","14.18","Completed","Refund"
"113-1722362-6190653","ysv/IuLxTdWwARBbEzpSfw","2024-07-19T02:51:51.895Z","USD","76.38","Completed","Refund"
"113-3822410-3600205","wv4r3zF9TcOJ95MW8Rd78A","2024-07-19T02:50:05.110Z","USD","10.9","Completed","Refund"
"113-3612100-3412251","kiU5qbv+Q2agFvygulkLhA","2024-07-13T19:29:10.237Z","USD","27.27","Completed","Refund"
"114-4775753-9152249","Y09fIYOZSx6VbxYgUbn87g","2024-06-11T13:27:21.129Z","USD","9.34","Completed","Refund"
"113-3904734-4445058","eXMumGmJTwSaGTTvBZ9Jrw","2024-06-05T04:19:28.342Z","USD","70.92","Completed","Refund"
"114-4775753-9152249","3JUIWh5jQz2cXSneIWUmaw","2024-06-04T08:56:40.441Z","USD","10.64","Completed","Refund"
"113-5545510-6885032","cKZuZDafT8aGdWx/ukU+DQ","2024-06-04T08:54:07.753Z","USD","102.54","Completed","Refund"
"114-4775753-9152249","4FcbAxeHRFGCmyeDyX+cGw","2024-06-04T08:51:31.311Z","USD","10.64","Completed","Refund"
"114-4775753-9152249","thxWs1fvQ9W6kPDovUFZzA","2024-06-04T08:49:18.680Z","USD","9.34","Completed","Refund"
"114-4775753-9152249","Kxl6cLXcRaCRwFJDRDDnyA","2024-06-04T08:49:17.858Z","USD","10.64","Completed","Refund"
"113-5545510-6885032","7+Zu4b49RE6m9S9oTmomtA","2024-06-04T08:46:39.177Z","USD","46.14","Completed","Refund"
"114-5321359-4697057","/qAyyCyhSf69XAaeK3xNsw","2024-06-04T07:03:39.313Z","USD","52.36","Completed","Refund"
"111-5194713-1465866","U62KsyNnSrWDGEH/CdLtwA","2024-06-04T04:39:31.548Z","USD","42.55","Completed","Refund"
"113-3822410-3600205","Gw8XBvOGRZyLMwW0kqdSsw","2024-06-03T23:49:47.016Z","USD","89.47","Completed","Refund"
"113-3396791-0281805","sckJzgsWQyuR6VdhsDdujA","2024-05-24T00:31:58.597Z","USD","70.92","Completed","Refund"
"113-3822410-3600205","/TElAbocTNuGCzs6Yefgrw","2024-05-22T23:36:41.718Z","USD","111.31","Completed","Refund"
"114-4775753-9152249","rlmbtCtaRQavJ/E/RL/y1A","2024-05-22T23:34:54.520Z","USD","9.57","Completed","Refund"
"113-1722362-6190653","ELiPaKegRDymsaxfBzwrnA","2024-05-22T23:30:42.099Z","USD","76.38","Completed","Refund"
"114-6576065-9223443","CvURnsS+T/aUN6Fs+kXGAA","2024-05-17T00:01:37.079Z","USD","9.81","Completed","Refund"
"114-6576065-9223443","jxUFn1ttTI+r1PO/t01INw","2024-05-16T23:01:13.269Z","USD","7.63","Completed","Refund"
"114-6907301-1361841","6oEgvuwuSPO2Yi43K00gXw","2024-05-16T22:18:52.134Z","USD","7.63","Completed","Refund"
"113-6156789-3829018","lAMHkMlnT+eNZXaAVGRjtQ","2024-05-16T21:52:24.233Z","USD","16.36","Completed","Refund"
"114-4775753-9152249","vCnD0Q9qSnmNludROJDIGA","2024-05-16T21:50:31.121Z","USD","13.08","Completed","Refund"
"113-1722362-6190653","mINxPnu2R3Cgb1JeGXMfZg","2024-05-16T21:50:24.825Z","USD","76.38","Completed","Refund"
"113-3822410-3600205","iJkr9teEQOeGGE9db8JP9w","2024-05-16T21:49:44.060Z","USD","7.63","Completed","Refund"
"113-3822410-3600205","Wdb30nXZTneYz20kOP/wwg","2024-05-16T21:49:36.481Z","USD","10.9","Completed","Refund"
"113-0139379-7776207","AqiQxdp5SU219ubVlF3ymw","2024-05-16T21:49:27.065Z","USD","27.49","Completed","Refund"
"114-6576065-9223443","JUVk5rreRby1V3gDuGCHvQ","2024-05-16T21:48:41.424Z","USD","6.54","Completed","Refund"
"113-6466891-1052244","gRwK79sjTwWL9X2W/xLGww","2024-05-16T21:40:53.996Z","USD","15.7","Completed","Refund"
"114-6907301-1361841","U9usWrVWTYGUwzCEyPZZMw","2024-05-16T21:39:59.072Z","USD","9.81","Completed","Refund"
"113-2038973-3225823","uTfiN9IgQZORkvg8nn1DHg","2024-05-16T21:28:02.827Z","USD","14.18","Completed","Refund"
"113-9814017-0678628","d6Z9p7CcSyy+i2jBfyqMgQ","2024-05-16T21:12:55.069Z","USD","32.73","Completed","Refund"
"114-9854625-9034654","6aQDz4CVTpC/zMveCOx8wA","2024-05-16T20:49:31.904Z","USD","52.36","Completed","Refund"
"113-2038973-3225823","nkAtHn36Sym6bmcyYf14uw","2024-05-16T19:51:16.485Z","USD","7.42","Completed","Refund"
"113-9944763-3994635","JLVzxia7Q4+GXzdfn71xkA","2024-03-26T19:12:18.485Z","USD","63.26","Completed","Refund"
"114-3320252-8511407","5Np4kflTSiyG3IKjAwMXTw","2024-02-22T00:10:21.432Z","USD","74.84","Completed","Refund"
"113-5082884-9138614","cJ8p8DLrRYWFQeECe38A1Q","2024-02-21T23:31:07.832Z","USD","4.2","Completed","Refund"
"112-2957479-4247422","oiDnX7lERriBJkh0hTq4wQ","2024-02-01T02:44:02.513Z","USD","9.32","Completed","Refund"
"112-1117831-3464263","lLXdbpxVQmeVaOBQqPVFcg","2024-02-01T00:28:29.230Z","USD","20.52","Completed","Refund"
"113-6831187-2691403","oheMt5JjSL+rfD4/WNJX2g","2023-12-30T00:31:05.054Z","USD","7.63","Completed","Refund"
"113-2027181-1960221","fO6eZ2w2Q6qdbvcpIkCWBA","2023-12-30T00:29:07.477Z","USD","54.33","Completed","Refund"
"113-1168281-1839414","ZyQ64AQETcS5xhzd1ibRTw","2023-12-29T22:20:00.503Z","USD","21.77","Completed","Refund"
"112-9716451-3520222","/cZD7oVNSIeMy1T54XoF6w","2023-11-28T23:25:14.720Z","USD","65.46","Completed","Refund"
"113-1043041-1446652","//cPYSyYQHS9sWpIryEXBg","2023-11-10T00:54:05.578Z","USD","23.04","Completed","Refund"
"113-6026830-7575450","n5LsxnykQhWKOADiVjgWuw","2023-11-10T00:33:33.387Z","USD","23.04","Completed","Refund"
"113-1989979-0825057","fSpeCFP3TT+8Mf4jCnFkHg","2023-11-10T00:32:12.035Z","USD","23.04","Completed","Refund"
"113-1452429-3089847","WwCnhCgKSdi1uFaw5JLoJw","2023-11-10T00:29:57.118Z","USD","23.04","Completed","Refund"
"113-2613210-8173034","y3wW09f9RxSjUlJgBxhDwA","2023-10-06T04:11:21.332Z","USD","28.36","Completed","Refund"
"113-1204845-2915426","ZbJhGx01TRWP3NY0NKXZJg","2023-10-06T03:23:59.218Z","USD","21.81","Completed","Refund"
"113-2325150-1672209","f4wXecd4TFmLQWZtbXXpdQ","2023-10-06T03:02:35.344Z","USD","52.22","Completed","Refund"
"114-4930779-1046607","0WQL7ZNoQuexiLE9jF9JdA","2023-09-09T19:51:29.787Z","USD","71.59","Completed","Refund"
"113-8440614-3917033","QBZS7akCQk2JF2M9Q0f7lQ","2023-08-23T06:00:49.048Z","USD","52.28","Completed","Refund"
"113-8440614-3917033","g2ntgGo9RLSUb7u77DDv8Q","2023-08-22T19:57:02.320Z","USD","9.06","Completed","Refund"
"113-2716199-8375457","ogFk7hXYQ0KFc1GWk69AHA","2023-08-11T21:12:36.262Z","USD","217.16","Completed","Refund"
"111-9857438-4977037","6GuSd77gRL2+ijEbGrRDug","2023-07-16T20:30:07.878Z","USD","54.55","Completed","Refund"
"113-2960499-9040215","IvUhWZlQRAKhdegQQ9o5yA","2023-07-16T19:51:59.547Z","USD","20.61","Completed","Refund"
"113-1795546-7518664","cWvrNZh0QSKc772C5Gl+Vw","2023-07-14T21:18:49.049Z","USD","18.54","Completed","Refund"
"113-2960499-9040215","nkg7+L8OSGyZV79XJu0eNA","2023-07-14T21:18:43.879Z","USD","13.08","Completed","Refund"
"114-5116592-8136237","y3JlmRUsQTGeMYtaXQEPxw","2023-07-13T06:03:55.064Z","USD","80.74","Completed","Refund"
"111-0771553-8128240","5gHkslw4RxeebIFdHVNCJw","2023-06-20T00:59:03.814Z","USD","53.43","Completed","Refund"
"111-0771553-8128240","EsLHYvxjSkKS/81tpujjlA","2023-06-13T21:08:37.729Z","USD","23.99","Completed","Refund"
"112-7566339-2865003","FPMror1IQHu4stMU5kMbcA","2023-06-13T19:56:48.724Z","USD","98.16","Completed","Refund"
"112-2238290-5869819","bCTW2BNXRHqeW0QzStwl3w","2023-05-16T23:56:11.674Z","USD","24.97","Completed","Refund"
"112-6836595-2691416","9+uLKiBrShS7ZoHhNaxWMw","2023-05-16T23:24:35.741Z","USD","19.99","Completed","Refund"
"114-5059605-8577859","z/NN0Aj+RjeO+eu/vbioMw","2023-04-27T21:50:26.072Z","USD","10.86","Completed","Refund"
"114-1078595-7046660","m3/JVBPeReuT22859GzRkg","2023-04-27T21:50:25.495Z","USD","57.93","Completed","Refund"
"114-8106471-2777046","hUJjC8N3RQWvL3P6RqPxEg","2023-04-27T21:35:29.639Z","USD","76.38","Completed","Refund"
"114-0846640-9053053","PwEmwqpHRUmaYL4XKiTf4Q","2023-04-27T21:34:49.083Z","USD","13.04","Completed","Refund"
"114-9178129-4009801","BVIPsxG0Sd+9ujAalwH7ww","2023-04-27T21:33:49.203Z","USD","44.18","Completed","Refund"
"114-1791246-1776217","U/mBQ5kYTnWQzXWQHFXw6A","2023-04-27T21:19:04.115Z","USD","14.18","Completed","Refund"
"114-0846640-9053053","Gt3xw3DcT/WyZG9xvIZyWg","2023-04-27T21:03:00.955Z","USD","76.38","Completed","Refund"
"113-8279433-4292236","5bnLsubnTzSw5mgPDiW8Ug","2023-04-27T20:25:36.348Z","USD","21.81","Completed","Refund"
"113-6720774-2765063","Pdzr/Qf9QYWWaWeN7UvBIg","2023-04-27T20:09:41.076Z","USD","5.45","Completed","Refund"
"113-1983993-0086626","3iUBwS88RAWh9ZF2GIyAzQ","2023-03-01T23:28:16.080Z","USD","15.27","Completed","Refund"
"114-3030211-5061047","Kv8+Klc5SMWsRx+0rMWqEw","2023-03-01T22:17:07.033Z","USD","15.27","Completed","Refund"
"114-7451746-4400264","3+mEMUcnRam5RHTY/QBswg","2023-03-01T21:52:12.212Z","USD","15.27","Completed","Refund"
"113-8728760-6266643","c6SB5wxgTjqoYSc2U26fMA","2023-02-01T23:51:11.679Z","USD","22.91","Completed","Refund"
"114-4741600-9576248","djlV2ngTTR29zYlqzAR0cw","2022-12-20T23:31:13.331Z","USD","27.27","Completed","Refund"
"114-1402363-1293868","Fox3rVrFT7iVfw12wSfvOw","2022-12-20T23:00:53.885Z","USD","22.58","Completed","Refund"
"114-1402363-1293868","odSjXSJ1SgmLN14XLpgXGQ","2022-12-20T21:25:17.562Z","USD","28.58","Completed","Refund"
"114-8563916-4603450","AAo1Wi1xRtuV/2tW0qVSTg","2022-12-20T21:23:16.009Z","USD","7.63","Completed","Refund"
"113-1848408-3533839","gj+DWQ6CTQmB1VUjbDDpLQ","2022-11-19T01:37:09.342Z","USD","18.54","Completed","Refund"
"114-5320861-4157033","Q2QcIHeZSXKZ+0agqQnbMg","2022-11-18T23:47:34.423Z","USD","17.45","Completed","Refund"
"114-3685668-4398619","5vUAG+AxR2+BtWH/GLRFHQ","2022-11-18T23:07:39.102Z","USD","24","Completed","Refund"
"111-3114922-2871424","o8bFOBFdR/u4XRxECq4XeA","2022-10-31T22:50:38.997Z","USD","17.46","Completed","Refund"
"113-8683496-1169044","2fTW5pTORRa67oLDpyt8tw","2022-10-04T01:55:46.596Z","USD","18.54","Completed","Refund"
"112-2287598-8099454","AZMGelkoRo6zjeja5v4DEw","2022-10-01T23:10:05.323Z","USD","1","Completed","Disbursement"
"112-2287598-8099454","AZMGelkoRo6zjeja5v4DEw","2022-10-01T22:21:58.395Z","USD","10.89","Completed","Refund"
"113-1637507-9106602","SYNC1IjzRImz+pKYoSiFMg","2022-09-29T21:47:39.401Z","USD","24","Completed","Refund"
"114-1938703-5920232","IPSyH7ZASoOIzOPnReNqXA","2022-09-29T21:46:31.972Z","USD","18.54","Completed","Refund"
"113-0521710-8284240","ixuaLs+mSViuJT7Dp6KxwQ","2022-09-07T20:03:30.866Z","USD","34.88","Completed","Refund"
"113-0984381-3204207","tRO9IvOURKKufbY3rmwNpw","2022-09-07T18:46:21.937Z","USD","27.16","Completed","Refund"
"113-4999576-0561029","'+gABpKVwRaK/53Q/DXWGrg'","2022-08-30T06:06:24.713Z","USD","20.71","Completed","Refund"
"113-5661966-2268246","jyuKV+FRR3afLAz1N1ywfw","2022-08-27T04:35:07.911Z","USD","21.62","Completed","Refund"
"111-5866916-2741013","GKuV4rV7S2OD/TkUwT6UpQ","2022-08-11T20:36:47.330Z","USD","42.99","Completed","Refund"
"111-1081794-5988248","SCB2N1ilRoaT49rxtRLj8g","2022-08-11T20:25:59.024Z","USD","65.45","Completed","Refund"
"113-7471199-1837865","F8PeWVDnSzGKHKQqHWjpIw","2022-07-29T01:55:03.993Z","USD","26.18","Completed","Refund"
"113-0248121-9157832","2Wjg1tHPQPSSScGVeNG6jA","2022-07-06T09:19:46.290Z","USD","22.92","Completed","Refund"
"113-5661966-2268246","bfAF624QRTaecyeHbHyQ/Q","2022-07-01T04:50:12.475Z","USD","21.62","Completed","Refund"
"112-9133170-2183413","jkuMvBeASFGMymvO9XHHAg","2022-07-01T01:03:53.663Z","USD","23.28","Completed","Refund"
"114-5326754-8357001","I0kJgMaFTKeKqrWQjs10Zg","2022-06-06T07:09:22.661Z","USD","44.73","Completed","Refund"
"114-8993573-2389826","7KLrOMgJRhanQSQ9hgcbfQ","2022-06-06T06:03:35.788Z","USD","8.72","Completed","Refund"
"114-2115935-2525820","EJJakJOaSC+rbQrIwf+t/A","2022-06-06T05:59:59.128Z","USD","17.23","Completed","Refund"
"114-0840597-0000220","vvtNOyKcRdCArIQuYUityg","2022-06-06T05:57:15.354Z","USD","51.08","Completed","Refund"
"114-5326754-8357001","ejADnLvpQiOly7JbWTXR9w","2022-06-06T05:52:42.517Z","USD","42.49","Completed","Refund"
"114-6623598-0063407","3TUbQpVQQpWNSHLPFcDrwQ","2022-06-06T05:15:09.829Z","USD","8.72","Completed","Refund"
"114-9159208-5430642","02JmX+HNR7ewvwLNkTlL+A","2022-06-06T04:20:49.718Z","USD","10.9","Completed","Refund"
"114-8751235-7361814","AfjEsda3TsWXvl/Ens/hIA","2022-06-06T03:49:51.457Z","USD","23.87","Completed","Refund"
"114-8883610-2217848","pbGtkaZETtu+PllBLNeD4A","2022-06-06T03:41:06.854Z","USD","7.36","Completed","Refund"
"114-3135071-0496203","My74bebLT76kUOpnqKJ/sw","2022-05-29T17:24:47.807Z","USD","12.8","Completed","Refund"
"114-1288549-8050629","1B3sIAnOS/G6t1hj43vW/A","2022-05-12T00:10:17.896Z","USD","98.16","Completed","Refund"
"113-6634782-3317019","WNGFAeFIStaL3D1cHw7mIg","2021-12-31T15:09:15.622Z","USD","15.26","Completed","Refund"
"113-0078109-6107446","lDET+Uf0RB+wBaTuCi3BGg","2021-12-31T14:42:14.613Z","USD","17.45","Completed","Refund"
"113-0406312-6741063","FzZ0KoE6QaaRAk/YBto7Tg","2021-12-22T05:01:12.603Z","USD","65.42","Completed","Refund"
"112-9492398-5390655","stVweSEAQnOrPDZjH5qSSA","2021-12-08T00:47:02.326Z","USD","18","Completed","Refund"
"113-3307811-7994614","/Ub+nNwPTQ+TXbJsrZ+nBg","2021-12-06T05:06:45.986Z","USD","35.24","Completed","Refund"
"112-4876219-7493001","6qQD5pT2R/i2iXNiqbW4KQ","2021-12-06T04:15:23.719Z","USD","31.64","Completed","Refund"
"112-6554532-8720219","Dn1Fj3swQ2SffxJ/nksGIw","2021-12-06T03:22:58.069Z","USD","10.9","Completed","Refund"
"113-3307811-7994614","NumZdp+oSWiRJQoMI9k1IQ","2021-12-06T03:12:28.135Z","USD","31.64","Completed","Refund"
"112-4075741-8884261","YB/a/l22QbSGLOdmqZEDOw","2021-12-06T03:11:24.736Z","USD","43.64","Completed","Refund"
"112-1882202-8079450","qbHP9Xc/SLGZuBeL6TjYIg","2021-12-06T03:03:17.656Z","USD","17.45","Completed","Refund"
"112-1856501-0984227","s0BCVGUYRX69nKLKBbWY2Q","2021-12-06T03:00:08.078Z","USD","16.36","Completed","Refund"
"112-4876219-7493001","5Yb5EIoDS1Kjan3TsbHaKQ","2021-12-06T02:57:33.288Z","USD","56.73","Completed","Refund"
"112-4876219-7493001","I88YJConRlSI6Mr0lQiLtA","2021-12-06T02:57:17.378Z","USD","21.81","Completed","Refund"
"112-1882202-8079450","D6w7DQy8T0ayL1hxNmYGSA","2021-12-06T01:56:47.198Z","USD","17.61","Completed","Refund"
"114-5875814-4632262","/Ty6KWuXRku2Mjx8GfUjrA","2021-12-06T01:29:30.021Z","USD","30.18","Completed","Refund"
"111-1154213-7485865","ZFoik1ZIQPq1NfaiNwZjgA","2021-11-25T00:34:45.974Z","USD","21.17","Completed","Refund"
"112-8771680-1065046","bXCA77veRNGHmHEYiFzakw","2021-10-29T21:24:17.662Z","USD","64.37","Completed","Refund"
"114-3473701-9650657","3D40w9giT6G+tvOAhgureg","2021-10-05T20:49:18.533Z","USD","16.36","Completed","Refund"
"113-3793008-5475407","m6jU7aQYSxa5DVYtAR5SOA","2021-09-17T02:28:07.165Z","USD","25.03","Completed","Refund"
"113-7969800-2659464","uDYAWyetTDOgaofgntE1bQ","2021-09-16T05:15:21.997Z","USD","145.13","Completed","Refund"
"112-6105922-8116211","EoqAf19uSHC8BjAtpPM/1w","2021-08-26T05:52:23.022Z","USD","25.7","Completed","Refund"
"114-5089606-5285811","U366orPPRHWzr2r/ycrFPQ","2021-08-26T04:07:26.677Z","USD","38.18","Completed","Refund"
"113-1430436-0229812","xzGg6vJTRHaPz5x79cdRbg","2021-08-26T03:04:13.040Z","USD","17.42","Completed","Refund"
"113-4307291-3803441","1ruM+KRrT5+CJuGvn+c4XQ","2021-08-26T02:36:27.991Z","USD","55.86","Completed","Refund"
"113-4307291-3803441","fyXZsY6AQNmsyoI7SGlu3A","2021-08-26T00:13:57.858Z","USD","13.08","Completed","Refund"
"113-0413602-1501801","HV7Q0tlEQuyOtt3oUe8zcA","2021-08-26T00:07:08.671Z","USD","18.54","Completed","Refund"
"113-6210395-4641032","qksLmtdXSiCSpCkSp+CThA","2021-08-22T14:16:38.905Z","USD","20.72","Completed","Refund"
"113-0584992-7727451","/tIUgmyOQ+qcyc3EOwqYeA","2021-08-14T20:14:14.042Z","USD","80.09","Completed","Refund"
"112-5173032-9648249","usiPdEg5TAeue9vMCc+VjA","2021-08-13T07:50:26.031Z","USD","39.27","Completed","Refund"
"113-6842019-6820226","hsMhVTvKQySjowOjqHm/Qw","2021-08-13T07:44:41.305Z","USD","31.48","Completed","Refund"
"113-6842019-6820226","OQoXsau1RDO3mwlDJSXTmA","2021-08-13T07:18:32.953Z","USD","19.48","Completed","Refund"
"114-3473701-9650657","LY4yBlh4QwC2kOmfOdDeVA","2021-08-13T07:15:56.193Z","USD","16.36","Completed","Refund"
"113-6842019-6820226","e/m4ZfxaQK64FuzGiS/EAA","2021-08-13T07:06:29.338Z","USD","30.27","Completed","Refund"
"113-3883027-6170604","6p8bw+O3SLaJD4Ckw1EdvQ","2021-08-13T07:02:36.389Z","USD","25.09","Completed","Refund"
"114-3473701-9650657","FosF6e1XQtGhDjcQUt0VuQ","2021-08-04T09:06:12.318Z","USD","38.47","Completed","Refund"
"114-5972921-9353039","sqEpaBhBRgqFLneEkxPjdw","2021-07-27T00:04:51.708Z","USD","54.45","Completed","Refund"
"113-3043777-1344239","6DYmals+QwOB9v/9R8PXlw","2021-07-20T02:18:16.874Z","USD","63.2","Completed","Refund"
"113-2124416-1654635","o69ibEQVSY6K/BfebCkJVQ","2021-07-20T01:56:13.844Z","USD","20.7","Completed","Refund"
"113-3536483-9206620","vLsvhSbQRFOvT0Yua60Z1w","2021-07-20T01:51:06.797Z","USD","41.41","Completed","Refund"
"113-1550615-0521021","xQPeO1sGS4iumJnH6ruTXw","2021-07-20T01:49:57.496Z","USD","31.6","Completed","Refund"
"114-5972921-9353039","RQewZ13tRpuioz5X06EuXw","2021-07-20T01:47:59.917Z","USD","22.75","Completed","Refund"
"113-5902192-9820231","zCKXNdKXTgaftZdAkhfgEQ","2021-07-20T01:41:54.293Z","USD","15.25","Completed","Refund"
"112-6169135-1910653","9H8De5nlR9qiivBgGUY0Cg","2021-07-20T01:16:54.547Z","USD","17.43","Completed","Refund"
"114-5972921-9353039","1F9+FM0fThCKe0YwJ1bMlg","2021-07-19T22:53:07.703Z","USD","19.3","Completed","Refund"
"114-9605844-7826601","z5N2qphvTwOpCjjDPP87ug","2021-06-30T05:46:15.775Z","USD","42.51","Completed","Refund"
"114-1946441-6242608","pnSVZnQ1R7K9QjknDJzhxw","2021-06-29T09:18:09.163Z","USD","76.77","Completed","Refund"
"114-3346364-9122625","WHoTA7WwSEWjvnF+t3m3JQ","2021-06-25T02:29:21.123Z","USD","67.57","Completed","Refund"
"114-2081154-0781835","TuzPIrnqQAeRMX620eeyOA","2021-06-25T01:45:38.584Z","USD","163.45","Completed","Refund"
"113-3105753-2029869","Q9r5LqEtR/mbRxasdS/K7g","2021-06-25T01:40:35.415Z","USD","61.03","Completed","Refund"
"114-5972921-9353039","iTrO4hTtS6e4kDjIGL7AXA","2021-06-25T00:52:05.121Z","USD","17.42","Completed","Refund"
"113-2124416-1654635","JC3VF8XiSG20Mmk1gZTOYA","2021-06-25T00:52:03.155Z","USD","17.43","Completed","Refund"
"114-5972921-9353039","tCUey+FyStKWEfWR+nkaEw","2021-06-25T00:49:28.611Z","USD","17.43","Completed","Refund"
"114-5679534-7943444","uX+K+VwJSh2Z12yjZK/g9g","2021-06-25T00:45:43.597Z","USD","19.57","Completed","Refund"
"114-6559850-2361014","UvSlYbAQQNq74VSBdRJuGg","2021-06-25T00:45:43.481Z","USD","14.12","Completed","Refund"
"113-4218241-4688247","OASHE4NHT+GsqHGEePvh8A","2021-06-11T22:30:11.334Z","USD","87.19","Completed","Refund"
"113-3379875-9794623","FkcgUSsKSo2ZxaGpuFcivg","2021-06-11T02:19:45.882Z","USD","152.59","Completed","Refund"
"113-5418647-1147413","lfPgJNJiR1mRB2YKywpZvw","2021-05-18T02:15:29.961Z","USD","141.69","Completed","Refund"
"113-5754120-7624228","zQPz8rhmTfuewl48gIwDFw","2021-05-14T23:36:34.175Z","USD","13.04","Completed","Refund"
"113-4777384-8714629","nllQTNdPT3eo1LhZdr9cnQ","2021-05-13T01:13:05.094Z","USD","217.99","Completed","Refund"
"112-5622103-7459462","8e0G1qI9Sk63QP60ZBrbJw","2021-05-03T00:48:30.349Z","USD","39.23","Completed","Refund"
"113-2520283-7803469","6OW2SK3eT+Gsxc+x+Od9yA","2021-04-07T03:50:18.192Z","USD","18.52","Completed","Refund"
"113-3397901-8525823","/fsQoAQ+S3a7gwQzuTHSqQ","2021-04-06T19:46:29.414Z","USD","17.42","Completed","Refund"
"113-3397901-8525823","pnA4fPpqQzKv3hLIjylj+Q","2021-04-06T19:46:03.394Z","USD","34.84","Completed","Refund"
"113-0746114-2241012","mrfT2+1NR3W3hSi1a19I1Q","2021-03-14T08:41:01.590Z","USD","21.78","Completed","Refund"
"113-0746114-2241012","eowW730EQGKkLtPCsePzmQ","2021-03-14T07:22:38.764Z","USD","54.82","Completed","Refund"
"114-1108494-5686649","anJEjjgfSOujqdQnlEKv5g","2021-03-14T07:02:44.076Z","USD","43.59","Completed","Refund"
"113-7318337-0774662","K5i4l3Z1S0ij2wtwXhJQFw","2021-03-14T03:39:25.984Z","USD","50.12","Completed","Refund"
"112-1262807-3299429","lu2zUxiwTNmneqwzpjez8A","2021-03-13T00:40:33.887Z","USD","61.4","Completed","Refund"
"112-1262807-3299429","rOHxFswITTqMCTwkQOcGYg","2021-03-13T00:40:31.619Z","USD","38.1","Completed","Refund"
"112-5622103-7459462","yXtdfxp4Q6eVNlTc10HLRA","2021-03-13T00:40:30.444Z","USD","39.23","Completed","Refund"
"112-4094795-6339423","mTPt210SR6CX4haw5q6YKw","2021-03-12T22:47:08.571Z","USD","43.55","Completed","Refund"
"112-1262807-3299429","I0HCSRHPStm+vf5DRGTQUg","2021-03-12T22:45:36.603Z","USD","33.09","Completed","Refund"
"112-4094795-6339423","X/sjuKDzTxCDaDUNv20/QQ","2021-03-12T22:45:29.405Z","USD","9.15","Completed","Refund"
"111-7097674-3051456","BKuU8ti6Tdi8jN1F0va3gQ","2021-03-09T05:05:15.846Z","USD","11.98","Completed","Refund"
"111-7097674-3051456","F5by5jtCS06tjSQkT2Ovww","2021-03-09T05:03:51.651Z","USD","10.89","Completed","Refund"
"111-7097674-3051456","5GOAywTZQxOYiFiETdWXqA","2021-03-09T05:03:50.346Z","USD","9.8","Completed","Refund"
"114-1969146-2835439","axsIxXqATQiRyQC93Xi8mg","2021-03-09T03:08:47.631Z","USD","19.61","Completed","Refund"
"114-2885981-3466652","Y4pfNCqRQD2RAKT3v/Ua/A","2021-01-31T12:53:08.968Z","USD","22.88","Completed","Refund"
"114-1598172-3630601","JxTDuA83Rnu6s7sZjzBtOw","2021-01-31T12:53:08.488Z","USD","87.19","Completed","Refund"
"114-8793469-6185057","fK5Onc+LRMOeJ1nOsigQ/Q","2021-01-31T12:53:08.105Z","USD","25.06","Completed","Refund"
"114-8969131-8049869","lFH+idf8R8Cxtg3Cmo1sLg","2021-01-22T21:36:20.871Z","USD","26.15","Completed","Refund"
"114-0815070-1827414","86On2UKVQGyyFv0UEF3pnw","2021-01-22T19:34:35.437Z","USD","21.75","Completed","Refund"
"114-8598073-9028260","M9HniG3YSrKwXGjyUoe5ow","2021-01-11T07:55:27.835Z","USD","58.83","Completed","Refund"
"114-6599579-1901008","yxoGknAGRR6LLhi4489Ftg","2021-01-08T00:33:01.202Z","USD","134.05","Completed","Refund"
"111-5970648-1747464","iSGtnzroTUGb2sVEIIyIvg","2020-12-16T06:24:04.769Z","USD","37.05","Completed","Refund"
"111-2021928-3203417","S00qyWqnQAeK8+xZ/jc4LQ","2020-12-09T10:14:42.220Z","USD","41.37","Completed","Refund"
"114-1689206-7960200","LIRxzL37QuKIj6V3v/XBZw","2020-12-09T10:09:45.117Z","USD","30.51","Completed","Refund"
"114-1100775-3079416","GGaNrqkUQ0a31+L8s++ULw","2020-12-09T10:05:34.878Z","USD","18.52","Completed","Refund"
"114-4624849-1326619","QUtKACCUT6e7/fxx1OF9iA","2020-12-09T10:03:22.744Z","USD","33.12","Completed","Refund"
"114-5976669-0316203","YQfxLbksR/mNK3PB/vaH/w","2020-12-09T10:02:52.801Z","USD","17.43","Completed","Refund"
"114-1753059-1446623","C4WreJ+wSXC93hzb33y2NQ","2020-12-09T09:51:08.468Z","USD","19.61","Completed","Refund"
"114-8598073-9028260","nm8JZH/oSza32a5szjpvYg","2020-12-09T09:42:48.934Z","USD","41.41","Completed","Refund"
"114-0896702-4633820","lJUs42MfRLu9MonIRiwHxQ","2020-11-23T10:16:29.864Z","USD","18.52","Completed","Refund"
"114-5976669-0316203","hZa12OmnQ0KipOTOBYG0kg","2020-11-18T05:16:36.243Z","USD","35.02","Completed","Refund"
"114-5976669-0316203","Qktt5bToSf6PLwFGHMKoPg","2020-11-18T04:27:43.796Z","USD","32.69","Completed","Refund"
"112-2378298-9425862","65/1kxu7Rc+dMt2EiQPb2g","2020-11-18T04:18:54.822Z","USD","38.02","Completed","Refund"
"111-6667149-0009067","irim7gwMTG23QkrSgEmCEg","2020-11-15T14:09:41.604Z","USD","12.17","Completed","Refund"
"114-8469355-6973834","ic4yXoAkQb20l59K+8Tm3w","2020-11-15T14:09:39.201Z","USD","17.43","Completed","Refund"
"114-6267164-2994663","2fCGlJd8QS+C9x4Tw28gEA","2020-11-13T20:43:57.146Z","USD","21.79","Completed","Refund"
"114-1663303-3687456","'+q7ivPmjSa2lg+m7+FTGxA'","2020-11-11T01:43:57.963Z","USD","14.16","Completed","Refund"
"111-6667149-0009067","HrET8VWiRCuOaEI9D5Wk0g","2020-11-02T03:34:34.532Z","USD","12.59","Completed","Refund"
"111-2091612-0225053","jj5yV8cbQHSA1EWeeQXuuw","2020-11-02T01:39:33.677Z","USD","27.2","Completed","Refund"
"112-8685759-0047437","Bc+xsRZTSYeTXf1h8TjDiA","2020-10-19T08:15:22.090Z","USD","75.45","Completed","Refund"
"111-2089757-2078613","bIf8ybjtQPusBMm67nxHeQ","2020-10-19T06:20:20.055Z","USD","19.62","Completed","Refund"
"111-1424676-9693059","dGiGO1hfQOqOSnu/mXoOcA","2020-10-11T05:00:00.360Z","USD","489.52","Completed","Refund"
"111-2097554-7114668","sBkJCxNkQPi9VBMunDuQ3w","2020-09-24T05:01:17.946Z","USD","70.8","Completed","Refund"
"111-2762960-6677019","P2anQXgASHmJbXPxWIPGWA","2020-09-21T07:09:11.781Z","USD","26.15","Completed","Refund"
"112-5427263-8206633","'+aBGBBdISjOEJf73eMAJwQ'","2020-08-13T10:26:08.346Z","USD","87.2","Completed","Refund"
"112-0555103-7261848","r1RuFR2nS46R54rkcQ8doA","2020-08-07T17:39:24.904Z","USD","25.06","Completed","Refund"
"112-6155471-3921053","lhf+o5ZMSOOuIOLxZrpIXA","2020-08-07T04:08:12.079Z","USD","156.57","Completed","Refund"
"112-3309076-4090651","1VLRqHGGRPmm4RJw1kHLsw","2020-07-29T05:19:07.022Z","USD","71","Completed","Refund"
"114-4070388-2781051","5w21lx1VQKyPkJ2fsZKy6w","2020-06-29T08:41:54.419Z","USD","279.48","Completed","Refund"
"114-8661952-1382638","L9530/GbQ2Wvrjfd9BzBzA","2020-03-28T07:36:33.777Z","USD","176.52","Completed","Refund"
"114-1604069-3925037","n6BmA7fyRuCglHENN9P2pw","2020-03-12T01:14:39.462Z","USD","35.96","Completed","Refund"
"114-7239861-8332208","cdoff8xDRleQOYgiowQMIw","2020-02-21T03:44:04.134Z","USD","11.98","Completed","Refund"
"111-4832920-7931415","/jDfSZnITD2FOAKNKUZLcA","2020-02-21T03:40:09.625Z","USD","9.8","Completed","Refund"
"114-4766820-3856241","bmINdw7zRwSDThpZF0Fxcw","2020-02-21T03:30:19.150Z","USD","11.86","Completed","Refund"
"114-7228561-5021820","gkqvfhkiRiWfd3sXnsfWKw","2020-02-21T03:30:15.174Z","USD","17.43","Completed","Refund"
"114-3204312-8552236","kcS/nb2iTJyTtiHVHaWSmg","2020-01-17T17:53:11.141Z","USD","38.11","Completed","Refund"
"114-8963895-7565806","l1C+8UCmRFCchDBSDrTdWw","2020-01-17T17:19:27.406Z","USD","15.86","Completed","Refund"
"113-2996686-3831448","qKn1SFTCRH2CXO1IAw25Jw","2020-01-06T08:54:35.259Z","USD","21.78","Completed","Refund"
"114-4827259-2616266","IoWj8rIXSJ6ki6BaG7J2/A","2020-01-04T03:30:58.174Z","USD","39.23","Completed","Refund"
"114-4827259-2616266","vHaVaqdzT3+LiZ7Y42JXmA","2020-01-04T03:30:36.272Z","USD","39.23","Completed","Refund"
"114-3519236-0639411","XNsxsJ3IQ/m97+CULoJeZQ","2020-01-03T09:25:58.560Z","USD","25.88","Completed","Refund"
"113-4698481-7767460","2JgYYryYSGmOn4qn2MnPSw","2019-12-29T05:59:07.776Z","USD","21.78","Completed","Refund"
"111-4126144-8801035","b20BYgd2SfemqAgjht3bBA","2019-12-29T00:08:59.535Z","USD","281.91","Completed","Refund"
"114-7379593-9361020","RkqBXEgrSlGc5RyfKspqAQ","2019-12-21T11:06:23.892Z","USD","108.99","Completed","Refund"
"111-5738712-9309829","L99CGivFTPKUD/zAM1H3NA","2019-12-02T00:32:21.951Z","USD","40.21","Completed","Refund"
"114-4831266-9915450","A87E1uFPQjWAtgSB2d6aWw","2019-11-27T22:49:11.220Z","USD","32.65","Completed","Refund"
"111-4960441-6547429","NeeGC9NkTI6Vs53qiobYBA","2019-11-21T00:01:30.092Z","USD","28.98","Completed","Refund"
"111-5768800-3289844","rZJ3OdGSS3i0wnZwhUro4Q","2019-11-20T23:56:36.492Z","USD","28.3","Completed","Refund"
"111-1477267-5201044","FjqSex18TpO/DRZPsPPdwg","2019-11-20T23:53:29.464Z","USD","32.69","Completed","Refund"
"111-0115313-8241018","dhrpWRh/SCykEnIN0GGrdw","2019-11-20T23:36:16.426Z","USD","15.25","Completed","Refund"
"113-2398290-9178638","fF4ltUFTSbWShhWub+Q5cQ","2019-11-20T23:36:16.391Z","USD","21.78","Completed","Refund"
"111-2590161-2301002","msgbMdLARqyZXSFhpNVPpw","2019-11-20T22:18:25.394Z","USD","26.16","Completed","Refund"
"111-1829080-5637044","iRfo3wnVSiKBm8x8y+UqpA","2019-11-20T22:18:25.377Z","USD","26.16","Completed","Refund"
"111-7213036-8018649","d8wQ4qkvRG6wDvx1x8Hn9A","2019-11-20T22:10:07.736Z","USD","19.6","Completed","Refund"
"114-2188657-8469059","zfEv0J7ATXOnlDZAI1FAFA","2019-11-20T22:06:16.100Z","USD","14.88","Completed","Refund"
"111-9752011-9724242","tZ+62M5DSoaEvwuXjpkphA","2019-11-20T21:41:20.300Z","USD","24.41","Completed","Refund"
"111-9857896-7820208","xv9eIeY8Qsi8C7lsTHrBow","2019-11-02T21:06:38.339Z","USD","105.63","Completed","Refund"
"111-2429706-0345856","rncINhaGTHeAxf6Y0QCmtQ","2019-10-31T20:01:04.229Z","USD","9.97","Completed","Refund"
"111-2178773-2752201","dxpLT5WkTtiNmzxmDv5Fdw","2019-10-31T19:58:56.047Z","USD","31.6","Completed","Refund"
"114-6201185-4373005","'+2tOjTYLRQaaaMRrmW7GzQ'","2019-10-31T19:52:10.838Z","USD","31.07","Completed","Refund"
"114-2111674-5093830","c5c9R26ATdWoYLMawJZG7A","2019-10-30T18:21:25.903Z","USD","27.24","Completed","Refund"
"111-1829080-5637044","05DWmN5IQNewUjVN3pzpPw","2019-10-30T17:41:42.405Z","USD","16.34","Completed","Refund"
"111-5768800-3289844","JFwu4VbbRm6/k43rPrRvXA","2019-10-30T17:41:42.311Z","USD","16.34","Completed","Refund"
"114-2188657-8469059","oShhiRwcTWO64JsG91dSLg","2019-10-30T16:33:17.553Z","USD","12.4","Completed","Refund"
"111-5492184-4424242","GRaSmpTtRtysUW2tWJYlDg","2019-10-30T15:46:54.827Z","USD","13.01","Completed","Refund"
"111-3336860-6333859","jJJZm1yATwi+YTihEB7wHg","2019-10-28T20:41:26.723Z","USD","37.64","Completed","Refund"
"112-5665832-2865833","CBzHeAVMS7+S/c6etgpkEQ","2019-10-28T19:54:02.252Z","USD","27.24","Completed","Refund"
"111-3336860-6333859","d8Qn6mPrRmiiV85DoYDE6A","2019-10-28T19:42:37.249Z","USD","32.69","Completed","Refund"
"113-7392341-8045013","MP7O0zIES32mEQ1pf6iQ5w","2019-10-28T19:06:52.030Z","USD","149.99","Completed","Refund"
"111-2429706-0345856","c9Gt7fa/T9m1szTKK+hlsw","2019-10-28T19:03:14.645Z","USD","63.23","Completed","Refund"
"112-5665832-2865833","g45B7/0KRCqxz2uDtT0mlA","2019-10-28T18:58:13.975Z","USD","14.15","Completed","Refund"
"111-0430875-7049020","nI+B9MA7RIKswz3pDT3Lig","2019-10-28T18:54:59.466Z","USD","16.56","Completed","Refund"
"111-9151758-0277045","G2Gg6kbIQkGc6YYhRFUDiQ","2019-10-28T18:54:46.581Z","USD","17.44","Completed","Refund"
"111-3336860-6333859","YHb/Z0+VSSuq69EjBQYKTQ","2019-10-28T18:45:49.234Z","USD","36.87","Completed","Refund"
"112-6052692-8872222","RoJE8/pmSAyFeKRrxgp3zQ","2019-10-28T18:44:54.047Z","USD","89.33","Completed","Refund"
"112-1719362-6575469","'+hNpG3vhSJ2imFxSI3GCrw'","2019-10-28T18:40:52.659Z","USD","20.7","Completed","Refund"
"111-2412321-6657835","9O8FH/bMQlOye7/Tik7yAg","2019-10-28T18:09:20.824Z","USD","60.46","Completed","Refund"
"112-5665832-2865833","yw+ileFrRyi0sLwbMgR5EQ","2019-10-28T17:24:04Z","USD","10.89","Completed","Refund"
"111-1256541-7150605","WEBB3VjDRV+nRZFGX+ftHw","2019-10-28T17:23:42.426Z","USD","17.23","Completed","Refund"
"111-5477771-5231449","kg38Xu2dRLycNyg3vpEk2g","2019-10-28T16:32:39.512Z","USD","32.66","Completed","Refund"
"111-5492184-4424242","oTGZXxKxR6aD12b2bTtDww","2019-10-28T16:24:42.701Z","USD","32.66","Completed","Refund"
"111-1256541-7150605","rg8AzjxNRyumj74O+qgBzQ","2019-10-28T16:23:59.264Z","USD","17.57","Completed","Refund"
"114-9305305-2046650","GBywYnoqRWKmcm1eAOMxHQ","2019-10-17T19:14:07.485Z","USD","27.24","Completed","Refund"
"112-1778280-3823427","ZHVHG09ISSGCWEMxQb44Gw","2019-10-15T07:47:50.775Z","USD","28.87","Completed","Refund"
"114-8594189-7155439","IZAkVUUCQUOZNWkUdCFWqA","2019-08-30T17:53:21.773Z","USD","19.99","Completed","Refund"
"114-3944618-0386649","4WbB81NGQ7iWICgMz9Lv1g","2019-08-29T04:29:17.498Z","USD","17.99","Completed","Refund"
"114-9983448-5845801","05/FlXmCT6C5KpA2s0tvPw","2019-08-26T18:41:18.544Z","USD","17.09","Completed","Refund"
"114-6879390-9690621","444OPN3mSeKBVyuJvEtHXg","2019-08-23T07:10:33.989Z","USD","690.76","Completed","Refund"
"114-1846757-1853037","Ha8M1o83TD64Em/c+pH6jg","2019-08-17T22:37:15.070Z","USD","114.28","Completed","Refund"
"114-0927643-2097811","HJd0ClVCT9iRfsHjdWzszw","2019-08-16T01:03:02.903Z","USD","19.99","Completed","Refund"
"114-9263017-8457030","OWVnzW/GThum+Yv9+F8OhA","2019-08-16T01:01:27.103Z","USD","12.99","Completed","Refund"
"114-8052476-7953805","cxL1fTafQfmXrUhEa0RvgA","2019-08-15T23:52:07.941Z","USD","18.56","Completed","Refund"
"114-4920665-7296267","7IWVuaztRi6K+7hSJ5myMA","2019-08-15T23:45:28.857Z","USD","31.98","Completed","Refund"
"114-8052476-7953805","Xzby2bkXRiyLLqQeSHNeUQ","2019-08-15T22:18:43.311Z","USD","14.19","Completed","Refund"
"114-8608328-5945832","dYQn37R0QzGXf1ntxTvofw","2019-08-14T17:02:23.427Z","USD","166.77","Completed","Refund"
"114-0622046-3833023","3QMNhIYQSFKOt5YCa7pm7w","2019-08-12T20:51:02.599Z","USD","10.99","Completed","Refund"
"114-6292017-6519427","KHQgR3UKQa6x5TG4kxPfAQ","2019-08-12T20:40:53.122Z","USD","29.99","Completed","Refund"
"114-3814928-3399429","atIdet7PRiatNSc10UhhTA","2019-08-12T20:26:35.769Z","USD","64.92","Completed","Refund"
"114-3069694-9919416","cO7UEmS2R3GugTIlvYWh3w","2019-08-12T20:25:12.244Z","USD","22.99","Completed","Refund"
"114-9263017-8457030","F98hqI++R+eOt/b0g1+A+w","2019-08-12T20:20:28.574Z","USD","20.99","Completed","Refund"
"114-0782849-5348251","3lM8gI3kQNK4YUSek6VxyQ","2019-08-12T20:11:27.303Z","USD","29.98","Completed","Refund"
"114-2658042-2621851","WDda7fveTEalasNJSEZ/yA","2019-08-12T19:54:27.708Z","USD","38.08","Completed","Refund"
"114-4358876-6012244","h9tQz3HwTcmCWk06XVcgjA","2019-08-12T19:46:44.512Z","USD","38.95","Completed","Refund"
"114-4920665-7296267","bBH/gSDgTSCExvbTbdjJtg","2019-08-12T19:41:56.515Z","USD","22.98","Completed","Refund"
"114-3944618-0386649","y2gZ3HeUT2K6SWtcUJMrqg","2019-08-12T19:26:12.843Z","USD","7.09","Completed","Refund"
"114-3944618-0386649","36eEqYg2STmpfU6a54v3cg","2019-08-12T19:25:01.442Z","USD","17.99","Completed","Refund"
"114-4358876-6012244","jF4hI5fMQICKMH75k9Ji/w","2019-08-12T19:24:58.830Z","USD","14.19","Completed","Refund"
"114-6292017-6519427","Lji7a037S2y3hHMTHUB3dA","2019-08-12T18:26:21.201Z","USD","37.12","Completed","Refund"
"111-9616809-4217007","nMfRP4NFRomU3ojEY53gFA","2019-08-08T17:19:56.184Z","USD","14.99","Completed","Refund"
"114-6062003-4685018","ZehgynR9RmaxWZWkMcNqhA","2019-08-07T22:09:56.019Z","USD","62.01","Completed","Refund"
"114-9617827-0969855","/s+lSEjaTsiWXPQ3bsteQg","2019-08-06T04:17:06.731Z","USD","173.71","Completed","Refund"
"114-3476361-9195435","kAQ5VzCnRTmxDH7Rs4HHHQ","2019-08-03T04:13:04.160Z","USD","185","Completed","Refund"
"114-2676769-9796239","YRwxA6DtT4S1X+Q+Ab8kkA","2019-08-02T19:39:58.688Z","USD","10.8","Completed","Refund"
"114-7994448-4572261","YCZj4WTaSgOB5YaPH5zCrg","2019-08-02T19:13:47.684Z","USD","13.99","Completed","Refund"
"114-0837298-0039450","kcJEAQbtQuadL1cHan5QpQ","2019-08-01T12:48:13.108Z","USD","99.99","Completed","Refund"
"114-9214902-2712230","IsmtvllUQ4yXUetWA2kriA","2019-07-31T05:34:19.800Z","USD","24.76","Completed","Refund"
"114-6973310-7031464","vUXBAky7TuqWtWAsmgxvmg","2019-07-30T08:41:42.582Z","USD","184","Completed","Refund"
"114-1846757-1853037","yodAEEWNRHClCuOaL55x8g","2019-07-30T04:55:22.334Z","USD","199.49","Completed","Refund"
"114-1846757-1853037","4aB9bOtFQzqd5iIIxzbgMA","2019-07-30T04:47:32.669Z","USD","142.01","Completed","Refund"
"114-1360847-2821033","sJW7CZmLTgSpyhPaSJEydA","2019-07-30T02:30:15.195Z","USD","76.85","Completed","Refund"
"112-4242818-5885804","6d9bUkywQ4Snh4RQ+V+gTQ","2019-07-30T01:03:58.578Z","USD","16.99","Completed","Refund"
"114-7610245-5868263","HT83qSJ6SVqfgdzdMJ+Rlg","2019-07-30T01:03:54.573Z","USD","82.99","Completed","Refund"
"114-7610245-5868263","'+QjXZkcnTNK2AU1Xs6/yjg'","2019-07-30T01:01:12.857Z","USD","23.99","Completed","Refund"
"114-3814928-3399429","74h5CL4fS6usq2UXfpUjGQ","2019-07-30T00:59:29.331Z","USD","29.99","Completed","Refund"
"114-1846757-1853037","Kpp6tYhETUeJFtXmOdjr1Q","2019-07-25T19:57:25.043Z","USD","199.33","Completed","Refund"
"112-2837772-7060213","Fn2/2CcFTfSzVm3hfj50Nw","2019-07-25T19:44:38.333Z","USD","10.91","Completed","Refund"
"114-3814928-3399429","5Nwk2rkcSP6uVerbPo5gXQ","2019-07-25T19:44:25.520Z","USD","26","Completed","Refund"
"114-9806915-1934653","fRG1PWEoSpGcJ0nbJhWGYw","2019-07-24T04:45:46.582Z","USD","113","Completed","Refund"
"114-2299648-4256235","SXEXSiNTRkO8WqKd0GuWtg","2019-07-24T04:41:47.722Z","USD","17.43","Completed","Refund"
"114-2209705-8336240","fVl20FXnS12rhMWljeQ+Rg","2019-07-24T04:28:42.959Z","USD","99.99","Completed","Refund"
"114-3814928-3399429","MEfhhhs1RXSIM7KCGbtFPw","2019-07-24T04:27:56.331Z","USD","25.12","Completed","Refund"
"114-3814928-3399429","NB2FVBwzSImuDgG8OOO4Pw","2019-07-24T04:25:54.876Z","USD","49.6","Completed","Refund"
"114-0090413-3515464","2E26F4jhTe+IrS5SLPTNEQ","2019-07-24T03:01:29.009Z","USD","18.02","Completed","Refund"
"114-6926272-5576229","CwkF2MOnT9KfffQZMVX+Ww","2019-07-20T01:00:34.056Z","USD","82.99","Completed","Refund"
"114-5346678-6092244","HwpvXIZqTDK9PyzZPrHa8g","2019-07-20T00:22:45.921Z","USD","89.99","Completed","Refund"
"114-1434242-6846666","Zg//MURaQiuy/XAmt/EJqg","2019-07-20T00:20:55.067Z","USD","43.04","Completed","Refund"
"114-6926272-5576229","QO0zNpBKQu6gde6Zmbk4vQ","2019-07-20T00:20:44.162Z","USD","82.99","Completed","Refund"
"114-3663530-3214610","fEjKNgSlRWOp1VTfM5qzkQ","2019-07-20T00:18:58.072Z","USD","29.64","Completed","Refund"
"114-1232244-4330615","rV/RF4baS7eItkU8XjgX8g","2019-07-20T00:14:48.920Z","USD","54.61","Completed","Refund"
"114-7892093-3293006","IKZGky2IRaOJURKHttqPpg","2019-07-20T00:14:25.800Z","USD","230.13","Completed","Refund"
"114-6990567-6835437","qCvsgWprToG1IZDR+rNq3w","2019-07-20T00:13:39.526Z","USD","218.44","Completed","Refund"
"114-2209705-8336240","nZKvyy0NSeyCL/ihueP3jA","2019-07-19T19:28:29.936Z","USD","312.68","Completed","Refund"
"114-4519026-3257058","H1EI88t3SG6Un9QVPoNrig","2019-07-18T19:33:24.973Z","USD","32.76","Completed","Refund"
"114-0940524-8857815","fGXrBp53QzeyWOaJUlrRPw","2019-07-18T19:28:26.848Z","USD","79.99","Completed","Refund"
"114-8724373-9636262","ZIdJDb8PQFqMagc74bBHOQ","2019-07-18T19:27:06.101Z","USD","38.97","Completed","Refund"
"114-5390695-5804264","alB5BWvlTIKswPZdHFkhkw","2019-07-18T19:26:18.645Z","USD","27.26","Completed","Refund"
"114-6639080-3048203","CGgcijPTSdWz5VUCKi1iKg","2019-07-18T19:26:17.279Z","USD","69.89","Completed","Refund"
"114-0293229-1201037","lakWbhJyQFGhKRw9md2aew","2019-07-18T19:26:12.665Z","USD","59.99","Completed","Refund"
"114-1481315-7300247","'+yeey5x9Swqy0eQVzzqs/A'","2019-07-18T19:13:56.101Z","USD","51.99","Completed","Refund"
"114-9806868-8453803","yoXrUCztRuePD1qsSwku9w","2019-07-18T19:13:54.967Z","USD","24.99","Completed","Refund"
"114-0486708-1046602","xoFgS6eXTWuDOh0XaRF+HQ","2019-07-18T17:58:05.350Z","USD","32.5","Completed","Refund"
"114-4684448-8805816","KTRsiWXxT5iAKWnxKdxgmA","2019-07-18T17:45:50.397Z","USD","36.04","Completed","Refund"
"114-0964910-0429045","mzflWBF2Tielb1/DN8p2hw","2019-07-18T17:41:01.403Z","USD","34.1","Completed","Refund"
"114-1419363-3049031","Ze+gI7F8TLu0QDr1RsuikQ","2019-07-17T23:58:43.245Z","USD","37.8","Completed","Refund"
"114-2209705-8336240","vshzfe0dQ/aO70bW/XeNTg","2019-07-17T23:40:27.232Z","USD","91.96","Completed","Refund"
"114-0293229-1201037","w3PaPgixQMW21yWOjeCv+w","2019-07-17T23:29:30.570Z","USD","12.8","Completed","Refund"
"114-1134555-8629067","'+sFHDpvESoOrjLG5pfSqVw'","2019-07-17T23:24:21.517Z","USD","39.12","Completed","Refund"
"114-2041806-6201812","NjUlEMOzQCyTc7eCm5eeHA","2019-07-17T23:22:27.643Z","USD","89.99","Completed","Refund"
"114-2041806-6201812","FmmDN7zAQMK4t8YJQCdyVg","2019-07-17T23:19:20.260Z","USD","75.99","Completed","Refund"
"113-4633052-3701854","SByRa/97SOaLePQYGJ8VoA","2019-07-08T23:02:48.302Z","USD","23.99","Completed","Refund"
"113-4633052-3701854","G7kF9BAKTgiSoYzAgpsqPQ","2019-06-29T20:39:03.995Z","USD","14.89","Completed","Refund"
"114-5002935-4473867","91QyPJoST6eAy+D8r4Ygrw","2019-06-17T18:03:12.290Z","USD","160","Completed","Refund"
"112-1763189-4601035","IAa4Cp9+SbOojJhgf4xQaA","2019-06-05T02:31:12.355Z","USD","13","Completed","Refund"
"114-8805511-7905007","3GE/KbVzT0eDR39lC4ydgw","2019-05-29T06:48:39.442Z","USD","10.85","Completed","Refund"
"111-1171559-2809840","YTSxB2S4SwybHTcohgz7xw","2019-04-20T20:51:57.251Z","USD","17.47","Completed","Refund"
"111-9958185-7733815","IViTDM70RhCBRBxGMoRbPg","2019-01-04T16:34:33.174Z","USD","6.05","Completed","Refund"
"112-0244442-8789806","IzIwBYz6RN6oKoTQAu3QGw","2018-11-15T09:14:50.806Z","USD","60","Completed","Refund"
"111-9958185-7733815","wWUcTsqHSlm5AtHz9DWN9w","2018-09-29T00:06:01.626Z","USD","16.6","Completed","Refund"
"111-1381848-8225866","cgcTTBqmRxOLukJQI1G/sA","2018-09-28T23:54:03.590Z","USD","8.73","Completed","Refund"
"111-9958185-7733815","ikQ1mSV/Q5C+dP4pagOkcA","2018-09-28T23:47:00.439Z","USD","22.93","Completed","Refund"
"114-5181948-0773831","HYWcBSTZRxiPHKoYsbGhIw","2018-08-16T00:49:47.085Z","USD","6.95","Completed","Refund"
"114-1938781-5678636","GjenNKK9Tn6NfeWWoMjWDw","2018-08-02T07:27:47.538Z","USD","4.33","Completed","Refund"
"114-7010595-2442660","q7sKmVTjTwGxp9Do8Ffu5A","2018-08-02T05:03:50.752Z","USD","12.48","Completed","Refund"
"114-9044376-2957034","u+pkmR+QRoy+OMc0TQEXWw","2018-07-10T23:16:47.143Z","USD","4.9","Completed","Refund"
"114-2225300-6783410","UExpw52TTBmgrP6KCpo7Iw","2018-07-09T07:54:19.074Z","USD","23.98","Completed","Refund"
"113-1708885-7953804","Hh+3p5fFQaadJuQmRkggRw","2018-05-15T20:31:28Z","USD","149.99","Completed","Refund"
"112-2868033-2058601","8dP7AwBeS/eBJX/HYVLaSA","2018-04-28T02:21:06Z","USD","27.24","Completed","Refund"
"113-8345583-1990659","0IA/DYUwTkuB5ZxKz9NQtg","2018-04-25T19:19:01Z","USD","26.76","Completed","Refund"
"113-8345583-1990659","CQaXelpCQRm6a4IMWVHcUw","2018-04-25T18:49:06Z","USD","21.56","Completed","Refund"
"113-0998509-4469839","diB40XasQYq8VKkv2aVxLQ","2018-02-27T01:22:12Z","USD","5.74","Completed","Refund"
"112-8095774-1589028","JqLTWk7ESsOMokiKsY0p4Q","2018-02-04T08:50:04Z","USD","8.73","Completed","Refund"
"112-8095774-1589028","cFJI+2H7Tz6JjmLZRTDLtQ","2018-02-02T22:09:00Z","USD","23.84","Completed","Refund"
"114-3058902-8776229","EegkFnLFSHq0wCqs51IHDg","2018-01-30T20:42:19Z","USD","20.99","Completed","Refund"
"114-7709588-4172227","AY1TV84aQjyfCFRZ06LEBA","2018-01-30T20:41:24Z","USD","21.89","Completed","Refund"
"114-4834556-9761825","lOSie8lkTm++Z2iQqpOZNA","2018-01-30T20:41:17Z","USD","45.87","Completed","Refund"
"114-5714342-0857031","QsFDMB8ASMSslCNYKv/X/w","2018-01-30T20:09:02Z","USD","21.89","Completed","Refund"
"114-4699018-2131407","TKTohLzASAWGiowRmDKolw","2018-01-30T17:52:56Z","USD","12.01","Completed","Refund"
"114-0753195-9724251","a9M9YSM0T3u99Mf6JsiASg","2017-12-27T23:56:51Z","USD","17.97","Completed","Refund"
"114-4699018-2131407","B+NeYwL3SQW8Iyvx3ORN0Q","2017-12-27T23:22:56Z","USD","41.41","Completed","Refund"
"114-8305900-3359406","EHLCRmgKQsyIT3DNTJwQiQ","2017-12-25T05:32:57Z","USD","30.54","Completed","Refund"
"114-0812780-3282632","4EYXQgeaSNCc+2A3Lben+g","2017-12-24T02:36:16Z","USD","22.99","Completed","Refund"
"114-7709588-4172227","6UKOPyhZQNq2aUexvjLsSw","2017-12-23T21:14:47Z","USD","21.89","Completed","Refund"
"114-0881759-6072226","2kFW7OuFQQCbKa/3BY/dfA","2017-12-22T09:33:23Z","USD","14.99","Completed","Refund"
"114-9071408-5716255","W/pFG1BMT1aYvEE2dUiOlg","2017-12-22T08:50:15Z","USD","26.99","Completed","Refund"
"114-0693541-9743457","Ru+GHZdIRPKw8mgvoSPXcA","2017-12-22T08:46:11Z","USD","24.98","Completed","Refund"
"114-7709588-4172227","2CcPomI8RL2qm9hN0jHDOw","2017-12-21T23:20:21Z","USD","14.99","Completed","Refund"
"114-0881759-6072226","HwnseSMGSbqOXzaUEaUx1g","2017-12-21T22:46:05Z","USD","18.99","Completed","Refund"
"114-6976211-8841800","ZzCv1iOrTWyqm4x3HZOSpQ","2017-12-21T22:39:57Z","USD","22.94","Completed","Refund"
"114-2925725-2219437","q5HnEfFFRSyKOvxhb9Fp9g","2017-12-21T22:34:08Z","USD","19.99","Completed","Refund"
"114-9071408-5716255","7aEB0uWpTeiyA7VJ8gBsxg","2017-12-21T22:01:03Z","USD","21.89","Completed","Refund"
"113-4390595-2494655","3Sib+8JIQB+XfYuABUD5Aw","2017-12-21T22:01:00Z","USD","24.99","Completed","Refund"
"114-0881759-6072226","20z5fng0SViHTPpY7FpwgA","2017-12-21T21:48:23Z","USD","21.89","Completed","Refund"
"112-0485977-5057024","234SJNxKSDat6xzOMLehsA","2017-12-16T01:14:15Z","USD","89.99","Completed","Refund"
"114-6879390-9690621","J4AH1l/2TqipK9aMkoFdnw","2017-12-14T13:04:17Z","USD","156.22","Completed","Refund"
"112-0784871-7154606","UHiwK6eTTMiTldLJC9RgEg","2017-12-14T02:14:51Z","USD","89.99","Completed","Refund"
"112-8182849-2008206","'+F+JhDztTZ+2qwqGWco4kw'","2017-12-11T04:03:51Z","USD","10","Completed","Disbursement"
"112-9710811-4926606","5zZrj/u9Sb6lSIQC1FnKxQ","2017-12-03T06:22:20Z","USD","45.88","Completed","Refund"
"112-5267881-8305867","XLUoRopkT0OUx7P6IEbJkw","2017-11-28T09:55:42Z","USD","169.99","Completed","Refund"
"114-9645664-5825008","Iq4IZ5WpQ72VoXmy9AMgXw","2017-11-09T13:46:28Z","USD","26.99","Completed","Refund"
"114-5642801-0747458","8pML23fdR4OuKroMQCIlrQ","2017-11-07T14:03:00Z","USD","8.98","Completed","Refund"
"114-4279074-7320245","hEBzxmPkQ4agWQXwVm20eA","2017-10-22T01:31:25Z","USD","19.99","Completed","Refund"
"114-8517695-1156229","i5Sa/ojLTFe7DgxjaoK5eQ","2017-10-06T17:36:19Z","USD","9.28","Completed","Refund"
"114-7576631-4873810","wkg5dRd2S8uL5Z50VMcVJw","2017-10-06T17:36:17Z","USD","17.47","Completed","Refund"
"114-1007463-1041018","/SbnO3IFQxeIcB88MizYiQ","2017-09-25T16:58:41Z","USD","17.99","Completed","Refund"
"114-2448054-7522661","2YeBuTPXQNOMTeJwB7dG6A","2017-08-23T08:10:19Z","USD","11","Completed","Refund"
"114-7876400-2881824","H0M+cK6qTB6PYIShgX/rJQ","2017-08-18T12:28:25Z","USD","7.75","Completed","Refund"
"114-3893013-6864219","8QGnkk46QZmQ6qYrGAK1ig","2017-08-17T16:38:29Z","USD","22.46","Completed","Refund"
"114-3613078-1887421","3Y7NVg44SeelCQe7pOtjdQ","2017-06-15T20:40:47Z","USD","30.47","Completed","Refund"
"114-1687301-1521008","onkwjiVVTpC6Wmx7BqaQZA","2017-06-15T19:37:55Z","USD","46.86","Completed","Refund"
"114-1687301-1521008","D6Toj8LsSGeuvqJBG6iTqQ","2017-06-15T19:29:52Z","USD","46.86","Completed","Refund"
"114-0551456-5058614","NgBvcBh7S9CpALIwx4/oMA","2017-06-09T18:37:08Z","USD","14.98","Completed","Refund"
"114-9401320-9021831","I+rBybpcTw+c4Vspe1jBdQ","2017-05-13T02:32:53Z","USD","21.94","Completed","Refund"
"116-1099713-9125841","mesq+jinQR+yXZGaC/Nf/A","2017-03-17T18:30:58Z","USD","99.95","Completed","Refund"
"107-5688348-3363415","jCOsC817QyqAl8zfevOc3Q","2017-02-25T22:21:20Z","USD","10.57","Completed","Refund"
"107-3744014-3886641","xyRNsvePSCSp/Ck+9iazDw","2017-02-25T22:18:13Z","USD","8.25","Completed","Refund"
"107-1257285-8309869","5kcp5k5STNql58JqWQpvsw","2017-02-25T20:25:18Z","USD","11.5","Completed","Refund"
"002-0040130-9809009","hS89XzpGS9OW1fwnPdiQsw","2017-02-21T21:08:04Z","USD","11.81","Completed","Refund"
"112-8949816-4284207","DSfw6XdzQii/BFtzA9+6wg","2016-12-30T01:10:31Z","USD","19.92","Completed","Refund"
"112-9179542-5989864","GuWMvWYHTJi4gjMgYyC12w","2016-12-08T22:17:34Z","USD","32.69","Completed","Refund"
"112-9179542-5989864","tImO1IaRTU2MWHlwrDQiMA","2016-12-08T21:28:58Z","USD","18.99","Completed","Refund"
"112-9711611-8211413","HvIZWAvIRy6xLHNMqZe9UA","2016-12-06T05:48:32Z","USD","75.33","Completed","Refund"
"115-9798705-5625013","2QzhUDyYSX+JekRzCJW1yg","2016-08-10T09:35:17Z","USD","14.95","Completed","Refund"
"105-8246370-2444253","cYSY526zTF2bygaisJXThw","2016-08-05T23:49:28Z","USD","23.91","Completed","Refund"
"105-5577048-2672251","atNyQc9oTN2y7hIVJLqkYQ","2016-07-08T20:44:41Z","USD","5.95","Completed","Refund"
"105-7433625-8750638","tmUlCNaCSB6AcLjVPhViHw","2016-07-02T22:01:01Z","USD","39.1","Completed","Refund"
"105-0412695-3147453","hqkPrs8pTte3elczH/MxZg","2016-07-02T21:45:39Z","USD","9.99","Completed","Refund"
"102-2717620-9293864","XYkfAi3kTEOyu37sDRonYw","2016-06-11T20:10:19Z","USD","4.55","Completed","Refund"
"102-0300775-3092205","/aZjJSGPSH2bsm1XkT0ikw","2016-06-11T17:47:43Z","USD","9.99","Completed","Refund"
"113-6356069-2460239","HnkVZ8Q7QXe4U7lys4mAnQ","2016-02-25T01:29:51Z","USD","29.99","Completed","Refund"
"112-3811801-2549002","dfCdQ8WzTFWC3FpPMQzJiw","2015-12-11T18:14:36Z","USD","7.09","Completed","Refund"
"106-1239124-5442616","Sd965zT+QmesYSZ+ktH+Cw","2015-11-19T21:50:46Z","USD","27.36","Completed","Refund"
"103-5320683-0372239","'+onAbF1CQPmlBlIJFsrg7Q'","2015-10-01T20:26:20Z","USD","14.99","Completed","Refund"
"106-9985245-3232240","0JxqBxLWQZWviSAzUCeo9g","2015-10-01T18:21:02Z","USD","18.48","Completed","Refund"
"110-1557779-6802646","prawxbF6TGaFb+jq8b7pMg","2015-06-06T17:00:26Z","USD","13.35","Completed","Refund"
"105-6598301-1296243","Gyy1LXb9QK+unmbjg0PFlw","2015-06-05T18:57:02Z","USD","16.35","Completed","Refund"
"104-5947969-4036262","/Uq3ZhFIT72+LG1+BPpJ9Q","2015-05-29T13:11:17Z","USD","8.73","Completed","Refund"
"103-3726695-2691401","mHSKTgDcQd2+XSkeRV1elw","2015-04-09T04:50:27Z","USD","6.29","Completed","Refund"
"103-3098018-8879421","jNl5VA/uSCi9KW/stqygWg","2015-04-09T03:41:20Z","USD","8.99","Completed","Refund"
"110-5195163-1845038","o1bJjPlTSne2ym0xibC6Qw","2015-02-16T20:54:19Z","USD","35.96","Completed","Refund"
"110-5195163-1845038","hKZuH+OqTW2kNfxFOVAC5Q","2015-01-05T22:41:37Z","USD","31.41","Completed","Refund"
"110-5195163-1845038","yzHJWuVpTLqsbuyIRbTo+Q","2014-12-28T02:41:16Z","USD","77.37","Completed","Refund"
"105-6392370-5689861","le+LsZ3oQkqvhbI+iBLiHQ","2014-12-28T02:24:15Z","USD","39.99","Completed","Refund"
"105-8205474-6529810","LCiliWgiSKKGqnXOml49EQ","2014-12-27T23:20:25Z","USD","21.72","Completed","Refund"
"110-0627842-5226631","oDOdjwJrQ4O1YpqniYzm3g","2014-10-06T19:36:24Z","USD","40.28","Completed","Refund"
"105-8270033-3120232","dLX/GVE2QViFYoD0MAqRqg","2014-10-06T17:38:06Z","USD","17.02","Completed","Refund"
"105-4623581-6113030","CheNrw88S0GOvWZj07F0sw","2014-09-19T06:30:06Z","USD","5.89","Completed","Refund"
"103-9813427-0516237","/EZJIv7nQs+42cUql0fzgg","2014-05-13T13:36:47Z","USD","21.74","Completed","Refund"
"103-9612197-6922656","E3h3rcwbT2Gs8hN6qo+3bg","2014-04-15T16:43:24Z","USD","6.55","Completed","Refund"
"103-9975236-7499465","wQi+9UJDTzSgNb2BznGauw","2014-03-19T16:23:57Z","USD","21.98","Completed","Refund"
"116-5195472-4596229","HyR9WYcZRPqWdici6dPSHw","2014-03-10T19:33:55Z","USD","49.55","Completed","Refund"
"103-6229980-1769001","V4TS0E4qTWeqGI9dFHnY2A","2014-03-10T16:51:51Z","USD","14.15","Completed","Refund"
"103-8056181-6285823","SjHEhHXdQSeV4y7Qu06bLQ","2014-02-26T02:54:51Z","USD","39.99","Completed","Refund"
"103-8056181-6285823","ZBxMjD08Txm2/Ee25xqYmw","2014-02-26T02:44:52Z","USD","19.99","Completed","Refund"
"103-9018005-7092226","AFd+OnS/Sb+B9xTBzzPL4g","2014-02-12T22:41:09Z","USD","6.07","Completed","Refund"
"103-2390218-2781802","YKZkTb3KRWu296TlVoqhrg","2014-01-14T15:10:58Z","USD","23.17","Completed","Refund"
"103-8485120-3741860","UU43ezmESeGTicNrK3hNUg","2014-01-08T04:31:00Z","USD","19.8","Completed","Refund"
"103-6938154-0399441","f+gm2CwGQGuCOf/JF0MxIw","2013-12-31T02:07:26Z","USD","26.13","Completed","Refund"
"109-9233405-5397009","aqibjjmPR2qWggVb/jjnig","2013-08-06T07:58:08Z","USD","17.04","Completed","Refund"
"109-1769253-8497006","zIiUgoywTYGR0zOTrV5ziw","2012-12-18T09:14:31Z","USD","88.94","Completed","Refund"
"105-6844927-8574606","0qUNp+6tTDK4izmbQwEUEg","2012-11-15T23:15:57Z","USD","12.38","Completed","Refund"
"002-9409100-9022620","ENrCvs+ZQbuc9vLKMdjRnw","2010-07-09T14:06:21Z","USD","9.98","Completed","Refund"
"102-0022262-2318623","/vTbHRL6SamBzhkTH7OcvA","2010-03-27T15:55:54Z","USD","224","Completed","Refund"
