﻿order id,replacement order id
116-5195472-4596229,No Replacement Order ID
114-2217064-3528210,No Replacement Order ID
103-6229980-1769001,No Replacement Order ID
114-6391965-6081835,No Replacement Order ID
103-9612197-6922656,No Replacement Order ID
113-1983993-0086626,No Replacement Order ID
113-3536483-9206620,No Replacement Order ID
114-7451746-4400264,No Replacement Order ID
113-1550615-0521021,No Replacement Order ID
114-5089606-5285811,No Replacement Order ID
113-5902192-9820231,No Replacement Order ID
111-3114922-2871424,No Replacement Order ID
113-2124416-1654635,No Replacement Order ID
113-9944763-3994635,No Replacement Order ID
113-1550615-0521021,No Replacement Order ID
112-6105922-8116211,No Replacement Order ID
110-5195163-1845038,No Replacement Order ID
112-9716451-3520222,No Replacement Order ID
113-2582862-9233857,No Replacement Order ID
112-9716451-3520222,No Replacement Order ID
113-3379875-9794623,No Replacement Order ID
114-5089606-5285811,No Replacement Order ID
113-3379875-9794623,No Replacement Order ID
112-1763189-4601035,No Replacement Order ID
113-2038973-3225823,No Replacement Order ID
112-9492398-5390655,No Replacement Order ID
114-9605844-7826601,No Replacement Order ID
105-8205474-6529810,No Replacement Order ID
113-6026830-7575450,No Replacement Order ID
105-6392370-5689861,No Replacement Order ID
112-7566339-2865003,No Replacement Order ID
110-5195163-1845038,No Replacement Order ID
113-3904734-4445058,No Replacement Order ID
110-5195163-1845038,No Replacement Order ID
112-9710811-4926606,No Replacement Order ID
103-3098018-8879421,No Replacement Order ID
114-5757124-7024244,No Replacement Order ID
103-3726695-2691401,No Replacement Order ID
114-3284722-6154655,No Replacement Order ID
103-9018005-7092226,No Replacement Order ID
114-3284722-6154655,No Replacement Order ID
114-7811232-3912243,No Replacement Order ID
114-6584182-1894648,No Replacement Order ID
114-7811232-3912243,No Replacement Order ID
111-9637805-6637061,No Replacement Order ID
111-6570361-9095464,No Replacement Order ID
111-6570361-9095464,No Replacement Order ID
114-3814928-3399429,No Replacement Order ID
114-7069176-4152233,No Replacement Order ID
114-3814928-3399429,No Replacement Order ID
111-5760012-3666621,No Replacement Order ID
114-1846757-1853037,No Replacement Order ID
114-6116324-6263419,No Replacement Order ID
114-1846757-1853037,No Replacement Order ID
114-7811232-3912243,No Replacement Order ID
114-8642267-0680257,No Replacement Order ID
111-6562703-8537852,No Replacement Order ID
114-8642267-0680257,No Replacement Order ID
114-3322265-2624254,No Replacement Order ID
112-0244442-8789806,No Replacement Order ID
114-3382779-5911436,No Replacement Order ID
112-2378298-9425862,No Replacement Order ID
114-7069176-4152233,No Replacement Order ID
114-5976669-0316203,No Replacement Order ID
114-2700911-5975414,No Replacement Order ID
105-8270033-3120232,No Replacement Order ID
111-6570361-9095464,No Replacement Order ID
110-0627842-5226631,No Replacement Order ID
114-5972921-9353039,No Replacement Order ID
113-9944763-3994635,No Replacement Order ID
114-5972921-9353039,No Replacement Order ID
114-1288549-8050629,No Replacement Order ID
113-3043777-1344239,No Replacement Order ID
112-4876219-7493001,No Replacement Order ID
112-6169135-1910653,No Replacement Order ID
112-4876219-7493001,No Replacement Order ID
111-3114922-2871424,No Replacement Order ID
112-1882202-8079450,No Replacement Order ID
105-5577048-2672251,No Replacement Order ID
112-6554532-8720219,No Replacement Order ID
113-5661966-2268246,No Replacement Order ID
112-4876219-7493001,No Replacement Order ID
112-9133170-2183413,No Replacement Order ID
112-4876219-7493001,No Replacement Order ID
113-2520283-7803469,No Replacement Order ID
113-3307811-7994614,No Replacement Order ID
112-9133170-2183413,No Replacement Order ID
112-1856501-0984227,No Replacement Order ID
107-1257285-8309869,No Replacement Order ID
112-4075741-8884261,No Replacement Order ID
107-5688348-3363415,No Replacement Order ID
114-7379593-9361020,No Replacement Order ID
107-3744014-3886641,No Replacement Order ID
114-1663303-3687456,No Replacement Order ID
112-8771680-1065046,No Replacement Order ID
111-4126144-8801035,No Replacement Order ID
112-1117831-3464263,No Replacement Order ID
111-9857896-7820208,No Replacement Order ID
114-5002935-4473867,No Replacement Order ID
113-0078109-6107446,No Replacement Order ID
114-7010595-2442660,No Replacement Order ID
113-6634782-3317019,No Replacement Order ID
113-1168281-1839414,No Replacement Order ID
114-9645664-5825008,No Replacement Order ID
113-2027181-1960221,No Replacement Order ID
114-8563916-4603450,No Replacement Order ID
113-8345583-1990659,No Replacement Order ID
114-7876400-2881824,No Replacement Order ID
113-8345583-1990659,No Replacement Order ID
111-5768800-3289844,No Replacement Order ID
114-0896702-4633820,No Replacement Order ID
111-9752011-9724242,No Replacement Order ID
115-9798705-5625013,No Replacement Order ID
111-4832920-7931415,No Replacement Order ID
114-6639080-3048203,No Replacement Order ID
114-4766820-3856241,No Replacement Order ID
114-6639080-3048203,No Replacement Order ID
114-7228561-5021820,No Replacement Order ID
114-4519026-3257058,No Replacement Order ID
114-7239861-8332208,No Replacement Order ID
114-5390695-5804264,No Replacement Order ID
111-2091612-0225053,No Replacement Order ID
114-0293229-1201037,No Replacement Order ID
114-4766820-3856241,No Replacement Order ID
114-2041806-6201812,No Replacement Order ID
103-9813427-0516237,No Replacement Order ID
114-1419363-3049031,No Replacement Order ID
113-3536483-9206620,No Replacement Order ID
114-2209705-8336240,No Replacement Order ID
110-1557779-6802646,No Replacement Order ID
114-0293229-1201037,No Replacement Order ID
114-1938703-5920232,No Replacement Order ID
113-6026830-7575450,No Replacement Order ID
113-1637507-9106602,No Replacement Order ID
114-9044376-2957034,No Replacement Order ID
114-1938703-5920232,No Replacement Order ID
114-2188657-8469059,No Replacement Order ID
113-1637507-9106602,No Replacement Order ID
114-2188657-8469059,No Replacement Order ID
113-9499662-9945012,No Replacement Order ID
111-5768800-3289844,No Replacement Order ID
112-3811801-2549002,No Replacement Order ID
111-1154213-7485865,No Replacement Order ID
114-5972921-9353039,No Replacement Order ID
114-4775753-9152249,No Replacement Order ID
112-4094795-6339423,No Replacement Order ID
114-1263909-2493806,No Replacement Order ID
112-1262807-3299429,No Replacement Order ID
113-7827997-3532266,No Replacement Order ID
112-4094795-6339423,No Replacement Order ID
114-0669266-8401822,No Replacement Order ID
112-1262807-3299429,No Replacement Order ID
114-6584182-1894648,No Replacement Order ID
112-4094795-6339423,No Replacement Order ID
114-9401320-9021831,No Replacement Order ID
114-6879390-9690621,No Replacement Order ID
112-4139043-8937836,No Replacement Order ID
112-8095774-1589028,No Replacement Order ID
114-2209705-8336240,No Replacement Order ID
113-3612100-3412251,No Replacement Order ID
114-6990567-6835437,No Replacement Order ID
112-2287598-8099454,113-7228461-3949013
114-6990567-6835437,No Replacement Order ID
114-0485339-3426645,No Replacement Order ID
114-6990567-6835437,No Replacement Order ID
114-0669266-8401822,No Replacement Order ID
114-1232244-4330615,No Replacement Order ID
113-7827997-3532266,No Replacement Order ID
113-4999576-0561029,No Replacement Order ID
114-8969131-8049869,No Replacement Order ID
114-4279074-7320245,No Replacement Order ID
113-2522447-3288227,No Replacement Order ID
112-8685759-0047437,No Replacement Order ID
113-3612100-3412251,No Replacement Order ID
114-9214902-2712230,No Replacement Order ID
114-8568225-7581037,No Replacement Order ID
114-4920665-7296267,No Replacement Order ID
114-1228501-4151453,No Replacement Order ID
114-4920665-7296267,No Replacement Order ID
114-5116592-8136237,No Replacement Order ID
114-9263017-8457030,No Replacement Order ID
103-5320683-0372239,No Replacement Order ID
114-8052476-7953805,No Replacement Order ID
106-9985245-3232240,No Replacement Order ID
113-2124416-1654635,No Replacement Order ID
111-0615355-7638652,No Replacement Order ID
112-1262807-3299429,No Replacement Order ID
111-8265233-0044246,No Replacement Order ID
112-5622103-7459462,No Replacement Order ID
111-8265233-0044246,No Replacement Order ID
113-5902192-9820231,No Replacement Order ID
111-5101568-6652200,No Replacement Order ID
113-3397901-8525823,No Replacement Order ID
111-6570361-9095464,No Replacement Order ID
D01-0508702-6851854,No Replacement Order ID
111-0615355-7638652,No Replacement Order ID
113-3397901-8525823,No Replacement Order ID
111-8265233-0044246,No Replacement Order ID
113-3397901-8525823,No Replacement Order ID
114-5757124-7024244,No Replacement Order ID
113-3397901-8525823,No Replacement Order ID
111-0615355-7638652,No Replacement Order ID
114-4827259-2616266,No Replacement Order ID
111-8265233-0044246,No Replacement Order ID
114-1228501-4151453,No Replacement Order ID
111-0615355-7638652,No Replacement Order ID
113-1958694-0457006,No Replacement Order ID
113-6466891-1052244,No Replacement Order ID
114-6267164-2994663,No Replacement Order ID
113-2038973-3225823,No Replacement Order ID
114-0485339-3426645,No Replacement Order ID
114-9983448-5845801,No Replacement Order ID
114-8661952-1382638,No Replacement Order ID
111-2089757-2078613,No Replacement Order ID
114-8661952-1382638,No Replacement Order ID
114-9983448-5845801,No Replacement Order ID
114-8661952-1382638,No Replacement Order ID
113-0139379-7776207,No Replacement Order ID
114-8661952-1382638,No Replacement Order ID
114-6907301-1361841,No Replacement Order ID
114-8661952-1382638,No Replacement Order ID
113-1722362-6190653,No Replacement Order ID
114-8661952-1382638,No Replacement Order ID
114-6907301-1361841,No Replacement Order ID
114-8661952-1382638,No Replacement Order ID
113-1708885-7953804,No Replacement Order ID
114-4831266-9915450,No Replacement Order ID
114-6576065-9223443,No Replacement Order ID
111-9616809-4217007,No Replacement Order ID
113-2038973-3225823,No Replacement Order ID
111-9616809-4217007,No Replacement Order ID
114-4775753-9152249,No Replacement Order ID
114-4775753-9152249,No Replacement Order ID
114-1481315-7300247,No Replacement Order ID
114-8969131-8049869,No Replacement Order ID
114-0964910-0429045,No Replacement Order ID
114-7451746-4400264,No Replacement Order ID
114-0486708-1046602,No Replacement Order ID
113-1983993-0086626,No Replacement Order ID
111-0771553-8128240,No Replacement Order ID
111-6667149-0009067,No Replacement Order ID
112-1117831-3464263,No Replacement Order ID
114-6391965-6081835,No Replacement Order ID
112-3309076-4090651,No Replacement Order ID
114-2448054-7522661,No Replacement Order ID
111-5970648-1747464,No Replacement Order ID
112-1262807-3299429,No Replacement Order ID
111-5970648-1747464,No Replacement Order ID
112-4094795-6339423,No Replacement Order ID
114-3685668-4398619,No Replacement Order ID
112-0485977-5057024,No Replacement Order ID
113-1848408-3533839,No Replacement Order ID
112-1262807-3299429,No Replacement Order ID
113-6831187-2691403,No Replacement Order ID
114-0693541-9743457,No Replacement Order ID
112-1778280-3823427,No Replacement Order ID
114-0693541-9743457,No Replacement Order ID
114-5976669-0316203,No Replacement Order ID
113-3105753-2029869,No Replacement Order ID
114-3030211-5061047,No Replacement Order ID
114-6559850-2361014,No Replacement Order ID
112-2957479-4247422,No Replacement Order ID
114-5972921-9353039,No Replacement Order ID
112-5427263-8206633,No Replacement Order ID
114-5972921-9353039,No Replacement Order ID
114-0881759-6072226,No Replacement Order ID
113-3822410-3600205,No Replacement Order ID
114-9071408-5716255,No Replacement Order ID
113-4307291-3803441,No Replacement Order ID
114-7994448-4572261,No Replacement Order ID
113-0413602-1501801,No Replacement Order ID
114-7994448-4572261,No Replacement Order ID
114-0840597-0000220,No Replacement Order ID
113-8728760-6266643,No Replacement Order ID
114-5972921-9353039,No Replacement Order ID
114-1402363-1293868,No Replacement Order ID
113-5661966-2268246,No Replacement Order ID
114-1402363-1293868,No Replacement Order ID
111-5866916-2741013,No Replacement Order ID
114-4741600-9576248,No Replacement Order ID
111-1081794-5988248,No Replacement Order ID
113-5418647-1147413,No Replacement Order ID
111-5866916-2741013,No Replacement Order ID
113-8728760-6266643,No Replacement Order ID
114-4775753-9152249,No Replacement Order ID
114-8563916-4603450,No Replacement Order ID
114-4775753-9152249,No Replacement Order ID
114-1402363-1293868,No Replacement Order ID
114-5321359-4697057,No Replacement Order ID
111-1171559-2809840,No Replacement Order ID
114-4775753-9152249,No Replacement Order ID
113-8440614-3917033,No Replacement Order ID
111-5194713-1465866,No Replacement Order ID
111-7097674-3051456,No Replacement Order ID
113-5545510-6885032,No Replacement Order ID
113-0521710-8284240,No Replacement Order ID
113-5545510-6885032,No Replacement Order ID
113-0521710-8284240,No Replacement Order ID
114-4775753-9152249,No Replacement Order ID
113-0984381-3204207,No Replacement Order ID
114-9305305-2046650,No Replacement Order ID
113-0984381-3204207,No Replacement Order ID
114-0669266-8401822,No Replacement Order ID
114-0812780-3282632,No Replacement Order ID
113-7028313-8477018,No Replacement Order ID
114-1228501-4151453,No Replacement Order ID
113-7028313-8477018,No Replacement Order ID
113-4218241-4688247,No Replacement Order ID
114-0881759-6072226,No Replacement Order ID
114-3944618-0386649,No Replacement Order ID
113-4390595-2494655,No Replacement Order ID
114-2023949-6199409,No Replacement Order ID
114-7709588-4172227,No Replacement Order ID
114-2023949-6199409,No Replacement Order ID
114-9071408-5716255,No Replacement Order ID
114-8517695-1156229,No Replacement Order ID
114-6976211-8841800,No Replacement Order ID
114-7576631-4873810,No Replacement Order ID
113-1722362-6190653,No Replacement Order ID
105-0412695-3147453,No Replacement Order ID
113-4633052-3701854,No Replacement Order ID
105-7433625-8750638,No Replacement Order ID
114-0669266-8401822,No Replacement Order ID
105-6598301-1296243,No Replacement Order ID
114-1263909-2493806,No Replacement Order ID
113-7471199-1837865,No Replacement Order ID
113-8440614-3917033,No Replacement Order ID
113-7969800-2659464,No Replacement Order ID
D01-1670061-9209822,No Replacement Order ID
114-3346364-9122625,No Replacement Order ID
111-0771553-8128240,No Replacement Order ID
114-8963895-7565806,No Replacement Order ID
113-6720774-2765063,No Replacement Order ID
114-8963895-7565806,No Replacement Order ID
114-1791246-1776217,No Replacement Order ID
114-3204312-8552236,No Replacement Order ID
114-1078595-7046660,No Replacement Order ID
114-2188657-8469059,No Replacement Order ID
113-6831187-2691403,No Replacement Order ID
111-1829080-5637044,No Replacement Order ID
113-2027181-1960221,No Replacement Order ID
111-5768800-3289844,No Replacement Order ID
113-6210395-4641032,No Replacement Order ID
111-5492184-4424242,No Replacement Order ID
113-6210395-4641032,No Replacement Order ID
114-8598073-9028260,No Replacement Order ID
113-7812787-0976238,No Replacement Order ID
114-8598073-9028260,No Replacement Order ID
113-7812787-0976238,No Replacement Order ID
114-8598073-9028260,No Replacement Order ID
112-2837772-7060213,No Replacement Order ID
112-4242818-5885804,No Replacement Order ID
114-1846757-1853037,No Replacement Order ID
114-3814928-3399429,No Replacement Order ID
114-1946441-6242608,No Replacement Order ID
114-7610245-5868263,No Replacement Order ID
114-3058902-8776229,No Replacement Order ID
114-7610245-5868263,No Replacement Order ID
111-2178773-2752201,No Replacement Order ID
114-3814928-3399429,No Replacement Order ID
111-2429706-0345856,No Replacement Order ID
112-6836595-2691416,No Replacement Order ID
112-1262807-3299429,No Replacement Order ID
112-2238290-5869819,No Replacement Order ID
114-4827259-2616266,No Replacement Order ID
114-6576065-9223443,No Replacement Order ID
112-8095774-1589028,No Replacement Order ID
113-2038973-3225823,No Replacement Order ID
103-8485120-3741860,No Replacement Order ID
114-4775753-9152249,No Replacement Order ID
112-0555103-7261848,No Replacement Order ID
114-6907301-1361841,No Replacement Order ID
113-1430436-0229812,No Replacement Order ID
114-9854625-9034654,No Replacement Order ID
D01-8115124-2896245,No Replacement Order ID
114-6576065-9223443,No Replacement Order ID
114-3590723-0921063,No Replacement Order ID
113-9814017-0678628,No Replacement Order ID
113-3245932-3682632,113-6835296-0961003
113-6156789-3829018,No Replacement Order ID
114-1938781-5678636,No Replacement Order ID
114-8608328-5945832,No Replacement Order ID
111-9637805-6637061,No Replacement Order ID
114-2217064-3528210,No Replacement Order ID
114-6116324-6263419,No Replacement Order ID
114-0099174-3024260,No Replacement Order ID
111-9637805-6637061,No Replacement Order ID
114-2217064-3528210,No Replacement Order ID
114-7069176-4152233,No Replacement Order ID
111-1477267-5201044,No Replacement Order ID
111-5760012-3666621,No Replacement Order ID
111-4960441-6547429,No Replacement Order ID
110-5195163-1845038,No Replacement Order ID
111-7213036-8018649,No Replacement Order ID
114-2217064-3528210,No Replacement Order ID
111-0115313-8241018,No Replacement Order ID
114-2217064-3528210,No Replacement Order ID
111-1477267-5201044,No Replacement Order ID
113-2613210-8173034,No Replacement Order ID
112-5173032-9648249,No Replacement Order ID
114-2023949-6199409,No Replacement Order ID
112-5173032-9648249,No Replacement Order ID
113-5545510-6885032,No Replacement Order ID
111-5768800-3289844,No Replacement Order ID
113-5545510-6885032,No Replacement Order ID
111-5768800-3289844,No Replacement Order ID
114-4775753-9152249,No Replacement Order ID
114-6990567-6835437,No Replacement Order ID
111-5194713-1465866,No Replacement Order ID
113-1452429-3089847,No Replacement Order ID
114-5321359-4697057,No Replacement Order ID
113-1989979-0825057,No Replacement Order ID
114-5321359-4697057,No Replacement Order ID
113-1989979-0825057,No Replacement Order ID
114-4775753-9152249,No Replacement Order ID
114-3814928-3399429,No Replacement Order ID
114-5321359-4697057,No Replacement Order ID
113-3822410-3600205,No Replacement Order ID
114-4775753-9152249,No Replacement Order ID
114-8993573-2389826,No Replacement Order ID
113-5545510-6885032,No Replacement Order ID
114-2115935-2525820,No Replacement Order ID
113-5545510-6885032,No Replacement Order ID
114-5326754-8357001,No Replacement Order ID
111-1081794-5988248,No Replacement Order ID
114-8883610-2217848,No Replacement Order ID
113-8683496-1169044,No Replacement Order ID
113-9499662-9945012,No Replacement Order ID
114-3473701-9650657,No Replacement Order ID
113-7812787-0976238,No Replacement Order ID
106-1239124-5442616,No Replacement Order ID
114-8993573-2389826,No Replacement Order ID
114-2217064-3528210,No Replacement Order ID
114-5326754-8357001,No Replacement Order ID
114-2217064-3528210,No Replacement Order ID
113-7812787-0976238,No Replacement Order ID
114-7069176-4152233,No Replacement Order ID
113-7812787-0976238,No Replacement Order ID
114-3911941-7601026,No Replacement Order ID
113-7812787-0976238,No Replacement Order ID
114-3322265-2624254,No Replacement Order ID
113-7812787-0976238,No Replacement Order ID
111-1759842-8318653,No Replacement Order ID
113-3822410-3600205,No Replacement Order ID
114-1687301-1521008,No Replacement Order ID
113-9499662-9945012,No Replacement Order ID
105-4623581-6113030,No Replacement Order ID
113-7812787-0976238,No Replacement Order ID
111-8265233-0044246,No Replacement Order ID
114-6599579-1901008,No Replacement Order ID
111-6570361-9095464,No Replacement Order ID
113-7812787-0976238,No Replacement Order ID
114-5757124-7024244,No Replacement Order ID
103-2390218-2781802,No Replacement Order ID
113-9944763-3994635,No Replacement Order ID
103-2390218-2781802,No Replacement Order ID
114-6201185-4373005,No Replacement Order ID
111-1759842-8318653,No Replacement Order ID
111-2178773-2752201,No Replacement Order ID
114-6299082-1387414,No Replacement Order ID
114-2299648-4256235,No Replacement Order ID
112-4234680-2016267,No Replacement Order ID
112-6564276-8989835,No Replacement Order ID
113-0406312-6741063,No Replacement Order ID
113-4633052-3701854,No Replacement Order ID
111-2097554-7114668,No Replacement Order ID
113-2613210-8173034,No Replacement Order ID
114-0090413-3515464,No Replacement Order ID
113-2960499-9040215,No Replacement Order ID
114-5181948-0773831,No Replacement Order ID
114-3204312-8552236,No Replacement Order ID
114-3814928-3399429,No Replacement Order ID
113-2960499-9040215,No Replacement Order ID
113-4777384-8714629,No Replacement Order ID
114-1604069-3925037,No Replacement Order ID
114-9806915-1934653,No Replacement Order ID
D01-0061822-7187448,No Replacement Order ID
114-1134555-8629067,No Replacement Order ID
114-8793469-6185057,No Replacement Order ID
114-2209705-8336240,No Replacement Order ID
D01-4644508-1379437,No Replacement Order ID
114-2041806-6201812,No Replacement Order ID
113-1204845-2915426,No Replacement Order ID
114-6879390-9690621,No Replacement Order ID
D01-3879701-6941043,No Replacement Order ID
114-2209705-8336240,No Replacement Order ID
114-5642801-0747458,No Replacement Order ID
113-6842019-6820226,No Replacement Order ID
D01-7832530-1296225,No Replacement Order ID
114-1946441-6242608,No Replacement Order ID
114-2111674-5093830,No Replacement Order ID
113-3043777-1344239,No Replacement Order ID
D01-8349461-5968223,No Replacement Order ID
114-8106471-2777046,No Replacement Order ID
112-2287598-8099454,No Replacement Order ID
113-3043777-1344239,No Replacement Order ID
D01-8506539-1501003,No Replacement Order ID
114-0669266-8401822,No Replacement Order ID
112-1262807-3299429,No Replacement Order ID
112-2868033-2058601,No Replacement Order ID
D01-7019950-4521815,No Replacement Order ID
112-5267881-8305867,No Replacement Order ID
112-1262807-3299429,No Replacement Order ID
114-5972921-9353039,No Replacement Order ID
D01-4453873-0285043,No Replacement Order ID
105-8246370-2444253,No Replacement Order ID
113-0078109-6107446,No Replacement Order ID
114-8805511-7905007,No Replacement Order ID
114-0840597-0000220,No Replacement Order ID
113-0584992-7727451,No Replacement Order ID
111-7097674-3051456,No Replacement Order ID
114-2925725-2219437,No Replacement Order ID
111-4832920-7931415,No Replacement Order ID
111-5738712-9309829,No Replacement Order ID
111-7097674-3051456,No Replacement Order ID
111-1829080-5637044,No Replacement Order ID
114-7239861-8332208,No Replacement Order ID
114-1228501-4151453,No Replacement Order ID
114-4070388-2781051,No Replacement Order ID
111-5492184-4424242,No Replacement Order ID
114-7228561-5021820,No Replacement Order ID
113-1958694-0457006,No Replacement Order ID
114-3135071-0496203,No Replacement Order ID
111-5768800-3289844,No Replacement Order ID
112-0784871-7154606,No Replacement Order ID
113-5754120-7624228,No Replacement Order ID
114-3030211-5061047,No Replacement Order ID
114-2111674-5093830,No Replacement Order ID
113-3105753-2029869,No Replacement Order ID
113-7827997-3532266,No Replacement Order ID
112-8771680-1065046,No Replacement Order ID
114-2188657-8469059,No Replacement Order ID
114-6559850-2361014,No Replacement Order ID
113-2582862-9233857,No Replacement Order ID
114-9617827-0969855,No Replacement Order ID
D01-2205975-0752265,No Replacement Order ID
114-5972921-9353039,No Replacement Order ID
114-8642267-0680257,No Replacement Order ID
113-3396791-0281805,No Replacement Order ID
002-0040130-9809009,No Replacement Order ID
111-7097674-3051456,No Replacement Order ID
112-8949816-4284207,No Replacement Order ID
114-1969146-2835439,No Replacement Order ID
171-4858920-3211560,No Replacement Order ID
114-1969146-2835439,No Replacement Order ID
114-2225300-6783410,No Replacement Order ID
114-8357928-9670656,No Replacement Order ID
112-0784871-7154606,No Replacement Order ID
111-6562703-8537852,No Replacement Order ID
112-5665832-2865833,No Replacement Order ID
114-2217064-3528210,No Replacement Order ID
111-2429706-0345856,No Replacement Order ID
114-7811232-3912243,No Replacement Order ID
111-2429706-0345856,No Replacement Order ID
111-9637805-6637061,No Replacement Order ID
112-5665832-2865833,No Replacement Order ID
114-8357928-9670656,No Replacement Order ID
111-5477771-5231449,No Replacement Order ID
113-8279433-4292236,No Replacement Order ID
111-1256541-7150605,No Replacement Order ID
114-0846640-9053053,No Replacement Order ID
111-2412321-6657835,No Replacement Order ID
113-8440614-3917033,No Replacement Order ID
111-9151758-0277045,No Replacement Order ID
114-4920665-7296267,No Replacement Order ID
113-7392341-8045013,No Replacement Order ID
114-0927643-2097811,No Replacement Order ID
112-6052692-8872222,No Replacement Order ID
114-9854625-9034654,No Replacement Order ID
111-3336860-6333859,No Replacement Order ID
114-6576065-9223443,No Replacement Order ID
111-3336860-6333859,No Replacement Order ID
114-8608328-5945832,No Replacement Order ID
111-1256541-7150605,No Replacement Order ID
113-9814017-0678628,No Replacement Order ID
112-5665832-2865833,No Replacement Order ID
113-6156789-3829018,No Replacement Order ID
114-1604069-3925037,No Replacement Order ID
111-9857896-7820208,No Replacement Order ID
113-4307291-3803441,No Replacement Order ID
113-6466891-1052244,No Replacement Order ID
113-4307291-3803441,No Replacement Order ID
114-6576065-9223443,No Replacement Order ID
113-0413602-1501801,No Replacement Order ID
113-6634782-3317019,No Replacement Order ID
113-4307291-3803441,No Replacement Order ID
103-8056181-6285823,No Replacement Order ID
113-2960499-9040215,No Replacement Order ID
103-8056181-6285823,No Replacement Order ID
113-2960499-9040215,No Replacement Order ID
114-3893013-6864219,No Replacement Order ID
104-6168552-4344218,115-5280459-5711422
114-3893013-6864219,No Replacement Order ID
104-6168552-4344218,115-5280459-5711422
111-9958185-7733815,No Replacement Order ID
111-1424676-9693059,No Replacement Order ID
111-4126144-8801035,No Replacement Order ID
113-8440614-3917033,No Replacement Order ID
111-4126144-8801035,No Replacement Order ID
113-8440614-3917033,No Replacement Order ID
114-0815070-1827414,No Replacement Order ID
114-3476361-9195435,No Replacement Order ID
114-0815070-1827414,No Replacement Order ID
114-2885981-3466652,No Replacement Order ID
111-1424676-9693059,No Replacement Order ID
113-5082884-9138614,No Replacement Order ID
112-9711611-8211413,No Replacement Order ID
111-9857438-4977037,No Replacement Order ID
114-4699018-2131407,No Replacement Order ID
111-9857438-4977037,No Replacement Order ID
114-4699018-2131407,No Replacement Order ID
111-9151758-0277045,No Replacement Order ID
114-0753195-9724251,No Replacement Order ID
113-7392341-8045013,No Replacement Order ID
114-0551456-5058614,No Replacement Order ID
112-6052692-8872222,No Replacement Order ID
112-8182849-2008206,No Replacement Order ID
112-6052692-8872222,No Replacement Order ID
113-5082884-9138614,No Replacement Order ID
112-6052692-8872222,No Replacement Order ID
114-3320252-8511407,No Replacement Order ID
111-1256541-7150605,No Replacement Order ID
113-9944763-3994635,No Replacement Order ID
111-1256541-7150605,No Replacement Order ID
112-1856501-0984227,No Replacement Order ID
111-2429706-0345856,No Replacement Order ID
114-5875814-4632262,No Replacement Order ID
111-2429706-0345856,No Replacement Order ID
112-1882202-8079450,No Replacement Order ID
111-2429706-0345856,No Replacement Order ID
114-6201185-4373005,No Replacement Order ID
111-3336860-6333859,No Replacement Order ID
112-4075741-8884261,No Replacement Order ID
112-5665832-2865833,No Replacement Order ID
112-1882202-8079450,No Replacement Order ID
111-5477771-5231449,No Replacement Order ID
D01-7389700-6285056,No Replacement Order ID
111-5492184-4424242,No Replacement Order ID
D01-3160706-9245019,No Replacement Order ID
112-1719362-6575469,No Replacement Order ID
D01-7522402-8928238,No Replacement Order ID
112-1719362-6575469,No Replacement Order ID
114-0840597-0000220,No Replacement Order ID
111-2412321-6657835,No Replacement Order ID
114-0840597-0000220,No Replacement Order ID
112-5665832-2865833,No Replacement Order ID
104-5947969-4036262,No Replacement Order ID
111-2429706-0345856,No Replacement Order ID
113-1168281-1839414,No Replacement Order ID
111-3336860-6333859,No Replacement Order ID
113-6356069-2460239,No Replacement Order ID
113-8345583-1990659,No Replacement Order ID
114-9178129-4009801,No Replacement Order ID
111-1381848-8225866,No Replacement Order ID
114-0846640-9053053,No Replacement Order ID
111-9958185-7733815,No Replacement Order ID
114-0846640-9053053,No Replacement Order ID
111-9958185-7733815,No Replacement Order ID
114-5059605-8577859,No Replacement Order ID
112-6052692-8872222,No Replacement Order ID
113-2325150-1672209,No Replacement Order ID
112-6052692-8872222,No Replacement Order ID
113-2325150-1672209,No Replacement Order ID
111-3336860-6333859,No Replacement Order ID
113-2325150-1672209,No Replacement Order ID
111-3336860-6333859,No Replacement Order ID
113-0998509-4469839,No Replacement Order ID
111-0430875-7049020,No Replacement Order ID
113-1452429-3089847,No Replacement Order ID
111-0430875-7049020,No Replacement Order ID
113-1043041-1446652,No Replacement Order ID
111-5492184-4424242,No Replacement Order ID
113-1043041-1446652,No Replacement Order ID
112-5665832-2865833,No Replacement Order ID
114-4827259-2616266,No Replacement Order ID
114-6973310-7031464,No Replacement Order ID
114-4827259-2616266,No Replacement Order ID
114-1846757-1853037,No Replacement Order ID
114-3944618-0386649,No Replacement Order ID
114-1360847-2821033,No Replacement Order ID
114-0622046-3833023,No Replacement Order ID
114-1360847-2821033,No Replacement Order ID
114-0782849-5348251,No Replacement Order ID
113-3397901-8525823,No Replacement Order ID
114-0782849-5348251,No Replacement Order ID
113-3397901-8525823,No Replacement Order ID
114-9263017-8457030,No Replacement Order ID
113-7318337-0774662,No Replacement Order ID
114-6292017-6519427,No Replacement Order ID
113-0746114-2241012,No Replacement Order ID
114-6292017-6519427,No Replacement Order ID
113-0746114-2241012,No Replacement Order ID
114-6292017-6519427,No Replacement Order ID
113-0746114-2241012,No Replacement Order ID
114-2658042-2621851,No Replacement Order ID
114-1846757-1853037,No Replacement Order ID
114-2658042-2621851,No Replacement Order ID
114-1846757-1853037,No Replacement Order ID
114-2658042-2621851,No Replacement Order ID
114-5320861-4157033,No Replacement Order ID
114-2658042-2621851,No Replacement Order ID
113-1848408-3533839,No Replacement Order ID
114-2658042-2621851,No Replacement Order ID
114-3685668-4398619,No Replacement Order ID
114-3814928-3399429,No Replacement Order ID
114-5320861-4157033,No Replacement Order ID
114-4358876-6012244,No Replacement Order ID
114-5757124-7024244,No Replacement Order ID
114-6879390-9690621,No Replacement Order ID
114-2023949-6199409,No Replacement Order ID
114-6879390-9690621,No Replacement Order ID
111-0615355-7638652,No Replacement Order ID
114-6879390-9690621,No Replacement Order ID
114-8469355-6973834,No Replacement Order ID
114-9263017-8457030,No Replacement Order ID
113-7812787-0976238,No Replacement Order ID
114-6292017-6519427,No Replacement Order ID
113-9499662-9945012,No Replacement Order ID
114-3814928-3399429,No Replacement Order ID
113-7812787-0976238,No Replacement Order ID
114-4920665-7296267,No Replacement Order ID
114-3613078-1887421,No Replacement Order ID
114-4920665-7296267,No Replacement Order ID
114-1687301-1521008,No Replacement Order ID
114-4358876-6012244,No Replacement Order ID
114-8751235-7361814,No Replacement Order ID
114-0490949-1612238,No Replacement Order ID
114-5326754-8357001,No Replacement Order ID
111-6667149-0009067,No Replacement Order ID
113-9499662-9945012,No Replacement Order ID
114-8305900-3359406,No Replacement Order ID
114-9159208-5430642,No Replacement Order ID
102-0300775-3092205,No Replacement Order ID
114-6623598-0063407,No Replacement Order ID
102-2717620-9293864,No Replacement Order ID
114-8883610-2217848,No Replacement Order ID
114-5976669-0316203,No Replacement Order ID
111-7097674-3051456,No Replacement Order ID
111-2762960-6677019,No Replacement Order ID
111-7097674-3051456,No Replacement Order ID
113-1722362-6190653,No Replacement Order ID
114-6576065-9223443,No Replacement Order ID
114-7069176-4152233,No Replacement Order ID
114-6907301-1361841,No Replacement Order ID
114-3382779-5911436,No Replacement Order ID
113-3822410-3600205,No Replacement Order ID
113-2124416-1654635,No Replacement Order ID
113-3822410-3600205,No Replacement Order ID
114-2081154-0781835,No Replacement Order ID
113-2124416-1654635,No Replacement Order ID
114-3346364-9122625,No Replacement Order ID
114-5972921-9353039,No Replacement Order ID
114-5679534-7943444,No Replacement Order ID
114-5679534-7943444,No Replacement Order ID
113-3307811-7994614,No Replacement Order ID
114-5089606-5285811,No Replacement Order ID
113-2520283-7803469,No Replacement Order ID
112-6105922-8116211,No Replacement Order ID
113-3307811-7994614,No Replacement Order ID
113-8279433-4292236,No Replacement Order ID
113-7471199-1837865,No Replacement Order ID
114-9178129-4009801,No Replacement Order ID
113-0248121-9157832,No Replacement Order ID
114-1791246-1776217,No Replacement Order ID
114-7709588-4172227,No Replacement Order ID
114-1078595-7046660,No Replacement Order ID
114-5714342-0857031,No Replacement Order ID
114-0846640-9053053,No Replacement Order ID
114-4699018-2131407,No Replacement Order ID
114-5059605-8577859,No Replacement Order ID
114-4834556-9761825,No Replacement Order ID
114-4920665-7296267,No Replacement Order ID
111-0771553-8128240,No Replacement Order ID
114-9263017-8457030,No Replacement Order ID
112-7566339-2865003,No Replacement Order ID
114-8052476-7953805,No Replacement Order ID
114-3944618-0386649,No Replacement Order ID
114-8052476-7953805,No Replacement Order ID
114-0622046-3833023,No Replacement Order ID
114-8052476-7953805,No Replacement Order ID
114-0782849-5348251,No Replacement Order ID
114-0927643-2097811,No Replacement Order ID
114-6292017-6519427,No Replacement Order ID
114-1598172-3630601,No Replacement Order ID
114-6292017-6519427,No Replacement Order ID
114-3473701-9650657,No Replacement Order ID
114-2658042-2621851,No Replacement Order ID
113-6842019-6820226,No Replacement Order ID
114-2658042-2621851,No Replacement Order ID
113-6842019-6820226,No Replacement Order ID
114-2658042-2621851,No Replacement Order ID
113-6842019-6820226,No Replacement Order ID
114-3814928-3399429,No Replacement Order ID
113-3043777-1344239,No Replacement Order ID
114-3814928-3399429,No Replacement Order ID
113-0139379-7776207,No Replacement Order ID
114-3069694-9919416,No Replacement Order ID
114-4684448-8805816,No Replacement Order ID
114-4358876-6012244,No Replacement Order ID
114-8724373-9636262,No Replacement Order ID
114-1007463-1041018,No Replacement Order ID
114-0940524-8857815,No Replacement Order ID
114-3519236-0639411,No Replacement Order ID
114-9806868-8453803,No Replacement Order ID
113-1795546-7518664,No Replacement Order ID
113-8345583-1990659,No Replacement Order ID
113-1795546-7518664,No Replacement Order ID
D01-5799990-1174643,No Replacement Order ID
114-4831266-9915450,No Replacement Order ID
113-8683496-1169044,No Replacement Order ID
114-2676769-9796239,No Replacement Order ID
114-8594189-7155439,No Replacement Order ID
112-9179542-5989864,No Replacement Order ID
114-8594189-7155439,No Replacement Order ID
113-4218241-4688247,No Replacement Order ID
113-2716199-8375457,No Replacement Order ID
111-8265233-0044246,No Replacement Order ID
111-4126144-8801035,No Replacement Order ID
111-5794216-3739465,No Replacement Order ID
113-2398290-9178638,No Replacement Order ID
112-9179542-5989864,No Replacement Order ID
111-1829080-5637044,No Replacement Order ID
114-3944618-0386649,No Replacement Order ID
114-5976669-0316203,No Replacement Order ID
114-3944618-0386649,No Replacement Order ID
114-6926272-5576229,No Replacement Order ID
114-6062003-4685018,No Replacement Order ID
114-5346678-6092244,No Replacement Order ID
114-0837298-0039450,No Replacement Order ID
114-7892093-3293006,No Replacement Order ID
114-1946441-6242608,No Replacement Order ID
114-4624849-1326619,No Replacement Order ID
114-1946441-6242608,No Replacement Order ID
114-4741600-9576248,No Replacement Order ID
113-9499662-9945012,No Replacement Order ID
114-1402363-1293868,No Replacement Order ID
114-4930779-1046607,No Replacement Order ID
113-5418647-1147413,No Replacement Order ID
111-0771553-8128240,No Replacement Order ID
113-3793008-5475407,No Replacement Order ID
113-1204845-2915426,No Replacement Order ID
113-3793008-5475407,No Replacement Order ID
113-1204845-2915426,No Replacement Order ID
113-3822410-3600205,No Replacement Order ID
113-2325150-1672209,No Replacement Order ID
113-0584992-7727451,No Replacement Order ID
112-6155471-3921053,No Replacement Order ID
112-2957479-4247422,No Replacement Order ID
114-3473701-9650657,No Replacement Order ID
114-0669266-8401822,No Replacement Order ID
113-7318337-0774662,No Replacement Order ID
113-6720774-2765063,No Replacement Order ID
114-1108494-5686649,No Replacement Order ID
114-8106471-2777046,No Replacement Order ID
113-0746114-2241012,No Replacement Order ID
113-5961934-3873040,113-2620932-4285025
113-0746114-2241012,No Replacement Order ID
113-5961934-3873040,113-2620932-4285025
114-1108494-5686649,No Replacement Order ID
112-4876219-7493001,No Replacement Order ID
113-0746114-2241012,No Replacement Order ID
112-4876219-7493001,No Replacement Order ID
111-0615355-7638652,No Replacement Order ID
112-6554532-8720219,No Replacement Order ID
111-8265233-0044246,No Replacement Order ID
113-3307811-7994614,No Replacement Order ID
111-5794216-3739465,No Replacement Order ID
114-5875814-4632262,No Replacement Order ID
111-8265233-0044246,No Replacement Order ID
114-2081154-0781835,No Replacement Order ID
111-5101568-6652200,No Replacement Order ID
113-2372681-2997068,No Replacement Order ID
116-1099713-9125841,No Replacement Order ID
114-5326754-8357001,No Replacement Order ID
114-7709588-4172227,No Replacement Order ID
114-8751235-7361814,No Replacement Order ID
114-0881759-6072226,No Replacement Order ID
114-6623598-0063407,No Replacement Order ID
114-6926272-5576229,No Replacement Order ID
114-2115935-2525820,No Replacement Order ID
113-6842019-6820226,No Replacement Order ID
113-7812787-0976238,No Replacement Order ID
114-1434242-6846666,No Replacement Order ID
113-7812787-0976238,No Replacement Order ID
113-6842019-6820226,No Replacement Order ID
113-7812787-0976238,No Replacement Order ID
113-6842019-6820226,No Replacement Order ID
111-5303349-1143432,No Replacement Order ID
113-6842019-6820226,No Replacement Order ID
111-9637805-6637061,No Replacement Order ID
114-3663530-3214610,No Replacement Order ID
111-9637805-6637061,No Replacement Order ID
114-1753059-1446623,No Replacement Order ID
111-6570361-9095464,No Replacement Order ID
114-1100775-3079416,No Replacement Order ID
114-7069176-4152233,No Replacement Order ID
114-1689206-7960200,No Replacement Order ID
114-2700911-5975414,No Replacement Order ID
111-2021928-3203417,No Replacement Order ID
113-3883027-6170604,No Replacement Order ID
113-3883027-6170604,No Replacement Order ID
113-6842019-6820226,No Replacement Order ID
113-6842019-6820226,No Replacement Order ID
113-6842019-6820226,No Replacement Order ID
113-6842019-6820226,No Replacement Order ID
112-5622103-7459462,No Replacement Order ID
111-4960441-6547429,No Replacement Order ID
111-7213036-8018649,No Replacement Order ID
111-0115313-8241018,No Replacement Order ID
113-2398290-9178638,No Replacement Order ID
111-1829080-5637044,No Replacement Order ID
111-2590161-2301002,No Replacement Order ID
111-2590161-2301002,No Replacement Order ID
114-4624849-1326619,No Replacement Order ID
114-8598073-9028260,No Replacement Order ID
