﻿order id,replacement order id
113-5403975-0280232,No Replacement Order ID
113-7573708-5677808,No Replacement Order ID
113-5403975-0280232,No Replacement Order ID
D01-2723455-4246619,No Replacement Order ID
113-7162208-3621040,113-4556184-5061045
D01-0940549-4851434,No Replacement Order ID
113-7128801-2978613,No Replacement Order ID
113-7096780-6460225,113-5027954-6336246
113-7096780-6460225,113-5027954-6336246
113-7162208-3621040,113-4556184-5061045
113-7096780-6460225,113-5027954-6336246
113-7162208-3621040,113-4556184-5061045
113-7573708-5677808,No Replacement Order ID
113-1062317-9255454,No Replacement Order ID
112-4154569-2901036,No Replacement Order ID
113-7306918-2273015,No Replacement Order ID
112-4154569-2901036,No Replacement Order ID
112-4154569-2901036,No Replacement Order ID
112-4154569-2901036,No Replacement Order ID
112-4154569-2901036,No Replacement Order ID
