﻿DigitalOrderItemId,DeliveryPacketId,AffectedItemQuantity,TransactionAmount,BaseCurrencyCode,ClaimCode,FXTransactionAmount,FXCurrencyCode,MonetaryComponentTypeCode,OfferTypeCode
CK8O6TK2M4O5EE4SFMV7R8TPFFML665JATE6ABD51MTT1US6L1B0,8E7AURRB5FOK8UM2LFJJU22GVSQSJN2TT9699QPHBE5B1U76LL30,1,139.0,USD,Not Applicable,Not Applicable,Not Applicable,Price Amount,Not Applicable
CK8O6TK2M4O5EE4SFMV7R8TPFFML665JATE6ABD51MTT1US6L1B0,8E7AURRB5FOK8UM2LFJJU22GVSQSJN2TT9699QPHBE5B1U76LL30,1,12.68,USD,Not Applicable,Not Applicable,Not Applicable,Tax,Not Applicable
CUDRD4QELSVVGAJPF3O9O2S8A80V01RJH4SOBIR1PN9SJROCHM60,49F8MHLGR5JCOGSP5UB2OR3J07GGJKE7GFGP331CK0EO87DL08IG,1,3.99,USD,Not Applicable,Not Applicable,Not Applicable,Price Amount,Not Applicable
CUDRD4QELSVVGAJPF3O9O2S8A80V01RJH4SOBIR1PN9SJROCHM60,49F8MHLGR5JCOGSP5UB2OR3J07GGJKE7GFGP331CK0EO87DL08IG,1,0.0,USD,Not Applicable,Not Applicable,Not Applicable,Tax,Not Applicable
U5N8U656OHUA9FGDB5G7HRQMDSU8423005BQKB86M75CMMBFLQO0,FPT6KEJ100UA56DM68P3PTLB80A3I1PL6TOHAU8HA7GB4L6FN34G,1,3.79,USD,Not Applicable,Not Applicable,Not Applicable,Price Amount,Not Applicable
U5N8U656OHUA9FGDB5G7HRQMDSU8423005BQKB86M75CMMBFLQO0,FPT6KEJ100UA56DM68P3PTLB80A3I1PL6TOHAU8HA7GB4L6FN34G,1,0.0,USD,Not Applicable,Not Applicable,Not Applicable,Tax,Not Applicable
2DD0AB7PCJ9AI89AT7LH8561EGAVQ3IC1IEESVA0QHDBENUMHK6G,P1NL2CRQ84F4CHA5KJ6CMOS3FJ62MRHOTKM5MKQFNOD1FKVHOTQG,1,3.59,USD,Not Applicable,Not Applicable,Not Applicable,Price Amount,Not Applicable
2DD0AB7PCJ9AI89AT7LH8561EGAVQ3IC1IEESVA0QHDBENUMHK6G,P1NL2CRQ84F4CHA5KJ6CMOS3FJ62MRHOTKM5MKQFNOD1FKVHOTQG,1,0.0,USD,Not Applicable,Not Applicable,Not Applicable,Tax,Not Applicable
FIAV386VIR72I52JABRQ3ANJJFJS48O2QRRE3ITHOV2F27E3RMRG,26URB1QD956AQ2GI8LPC8ALJAE1CSSGVASJGHCN1T1BTEQPH6T1G,1,0.0,USD,Not Applicable,Not Applicable,Not Applicable,Tax,Not Applicable
FIAV386VIR72I52JABRQ3ANJJFJS48O2QRRE3ITHOV2F27E3RMRG,26URB1QD956AQ2GI8LPC8ALJAE1CSSGVASJGHCN1T1BTEQPH6T1G,1,9.99,USD,Not Applicable,Not Applicable,Not Applicable,Price Amount,Not Applicable
IOF150HFKNJ2F277ACK9HO796V4HVD1UORA1HGO670QM0BUFQL60,MGVPGRMFO5VNR8894FCPCEICK4TUA1IOH2L0F0UH2F7V3165IHU0,1,1.99,USD,Not Applicable,Not Applicable,Not Applicable,Price Amount,Not Applicable
IOF150HFKNJ2F277ACK9HO796V4HVD1UORA1HGO670QM0BUFQL60,MGVPGRMFO5VNR8894FCPCEICK4TUA1IOH2L0F0UH2F7V3165IHU0,1,0.0,USD,Not Applicable,Not Applicable,Not Applicable,Tax,Not Applicable
CI9VUAIBNOQA8L65TQFADC2AIS4TG6M5P4IGD8Q7G2T6IR1H7JL0,F6AG7HIRVLM578JJ8C3CI16GDGPIFNV7I7A0UCO14VECDD55PIS0,1,0.0,USD,Not Applicable,Not Applicable,Not Applicable,Tax,Not Applicable
CI9VUAIBNOQA8L65TQFADC2AIS4TG6M5P4IGD8Q7G2T6IR1H7JL0,F6AG7HIRVLM578JJ8C3CI16GDGPIFNV7I7A0UCO14VECDD55PIS0,1,9.99,USD,Not Applicable,Not Applicable,Not Applicable,Price Amount,Not Applicable
MSAGHMOKC3QVKDIT94O9TLR3P5OC5P530NQ6J227J26F20RABETG,SN3MHVRSPDP3KEB07QHHI1AIG9B1UHE9QFT5K558B4KIQPMSICHG,1,0.0,USD,Not Applicable,Not Applicable,Not Applicable,Tax,Not Applicable
MSAGHMOKC3QVKDIT94O9TLR3P5OC5P530NQ6J227J26F20RABETG,SN3MHVRSPDP3KEB07QHHI1AIG9B1UHE9QFT5K558B4KIQPMSICHG,1,3.59,USD,Not Applicable,Not Applicable,Not Applicable,Price Amount,Not Applicable
TORC3QMOM9901NKOTGLO8AK28S6TGMF7M76DVPNTVLIPKVGD4F40,15QSAUONGG0TT9N1BBCC06LU2OOUSVRTAKAP5LQP6L0VU4B858CG,1,0.0,USD,Not Applicable,Not Applicable,Not Applicable,Tax,Not Applicable
TORC3QMOM9901NKOTGLO8AK28S6TGMF7M76DVPNTVLIPKVGD4F40,15QSAUONGG0TT9N1BBCC06LU2OOUSVRTAKAP5LQP6L0VU4B858CG,1,9.99,USD,Not Applicable,Not Applicable,Not Applicable,Price Amount,Not Applicable
A84ROCMSHFDT54MTH6RUIU7R0Q9T8Q15EPISJAOL65AVA7916JNG,5J5EAVVLNB29ORIVCNTER3S00PC1V6UTBL6JBJJVC1334E01RGJG,1,1.99,USD,Not Applicable,Not Applicable,Not Applicable,Price Amount,Not Applicable
A84ROCMSHFDT54MTH6RUIU7R0Q9T8Q15EPISJAOL65AVA7916JNG,5J5EAVVLNB29ORIVCNTER3S00PC1V6UTBL6JBJJVC1334E01RGJG,1,0.0,USD,Not Applicable,Not Applicable,Not Applicable,Tax,Not Applicable
K1HOI40FQM1EPBKLTG64EG6P4KUAM23L9SMLUREJVJS39VO31BEG,IKC8LVQBNI86KVN6KMMQGO6UOIL0NPOI02LRGG8AA23TMUKC7JQ0,1,0.0,USD,Not Applicable,Not Applicable,Not Applicable,Price Amount,Not Applicable
K1HOI40FQM1EPBKLTG64EG6P4KUAM23L9SMLUREJVJS39VO31BEG,IKC8LVQBNI86KVN6KMMQGO6UOIL0NPOI02LRGG8AA23TMUKC7JQ0,1,0.0,USD,Not Applicable,Not Applicable,Not Applicable,Tax,Not Applicable
3INHCJ3OPPS4RN6BN5G1N35TT0MFEN3CKRSQ3VM8PF3BO6DRA47G,5QTAP5U5H2VODVQS2800400DU2N47JT51NQRQ5C37BG4S3JACNH0,1,0.0,USD,Not Applicable,Not Applicable,Not Applicable,Tax,Not Applicable
3INHCJ3OPPS4RN6BN5G1N35TT0MFEN3CKRSQ3VM8PF3BO6DRA47G,5QTAP5U5H2VODVQS2800400DU2N47JT51NQRQ5C37BG4S3JACNH0,1,9.99,USD,Not Applicable,Not Applicable,Not Applicable,Price Amount,Not Applicable
C2TOS14TJO1SSGUCCJD11NH7Q0EG4UKMHNUDTGCTFKTH5DGE0OBG,JU6OQAL6478L11PCJB85DAKOMFP9ELVR0Q81UMFLQJAC6MLEHFMG,1,0.0,USD,Not Applicable,Not Applicable,Not Applicable,Tax,Not Applicable
C2TOS14TJO1SSGUCCJD11NH7Q0EG4UKMHNUDTGCTFKTH5DGE0OBG,JU6OQAL6478L11PCJB85DAKOMFP9ELVR0Q81UMFLQJAC6MLEHFMG,1,3.59,USD,Not Applicable,Not Applicable,Not Applicable,Price Amount,Not Applicable
3H34BOSQAKRPFST2BNKC9IIDBB32K4N7M18PRIN2NVUDS0LTADF0,21A18775SPEMKM3UMI3F0DQLI7J62NOA9FFJ8432LMI57I7CGLC0,1,0.0,USD,Not Applicable,Not Applicable,Not Applicable,Tax,Not Applicable
3H34BOSQAKRPFST2BNKC9IIDBB32K4N7M18PRIN2NVUDS0LTADF0,21A18775SPEMKM3UMI3F0DQLI7J62NOA9FFJ8432LMI57I7CGLC0,1,9.99,USD,Not Applicable,Not Applicable,Not Applicable,Price Amount,Not Applicable
4VO0S5B7SQQ863D6MS3QCQCVG62N6376UCTL1C6BUSD9G4HUB2UG,1VJ564DJAC8B7FNAKLDTDNCJD6H5PO6S47TI8OTLHAAP5M417S2G,1,9.99,USD,Not Applicable,Not Applicable,Not Applicable,Price Amount,Not Applicable
4VO0S5B7SQQ863D6MS3QCQCVG62N6376UCTL1C6BUSD9G4HUB2UG,1VJ564DJAC8B7FNAKLDTDNCJD6H5PO6S47TI8OTLHAAP5M417S2G,1,0.0,USD,Not Applicable,Not Applicable,Not Applicable,Tax,Not Applicable
IAD90PUCHM188P6ICDKLU6DUL4VB3HMQVT7UH5JCERQE6AUSA6HG,2UN06KQ6VK6U7DIRKN5IR0MGC2US4RJ44HM7T4OOLCDLEH2RPGK0,1,0.0,USD,Not Applicable,Not Applicable,Not Applicable,Tax,Not Applicable
IAD90PUCHM188P6ICDKLU6DUL4VB3HMQVT7UH5JCERQE6AUSA6HG,2UN06KQ6VK6U7DIRKN5IR0MGC2US4RJ44HM7T4OOLCDLEH2RPGK0,1,3.79,USD,Not Applicable,Not Applicable,Not Applicable,Price Amount,Not Applicable
I1MCTOA8UR9R0FFV4KJ7I1GSCSA2COO5AGI2K5TDGI16A3F2PRJ0,7R0QS2B1E471RR33D17MN1HOVM2D3346AUSH8M1VC7M95BT0PU50,1,3.99,USD,Not Applicable,Not Applicable,Not Applicable,Price Amount,Not Applicable
I1MCTOA8UR9R0FFV4KJ7I1GSCSA2COO5AGI2K5TDGI16A3F2PRJ0,7R0QS2B1E471RR33D17MN1HOVM2D3346AUSH8M1VC7M95BT0PU50,1,0.0,USD,Not Applicable,Not Applicable,Not Applicable,Tax,Not Applicable
VB70HODOKIF3CNEHAMG0MORN2PDNKHARLH4QR9ROQ7IPDBC9H270,NC6UJI32L8U7F0C3MA7B4TBVB75I8RDNA13A8MNRF2KBBTREVG50,1,0.0,USD,Not Applicable,Not Applicable,Not Applicable,Tax,Not Applicable
VB70HODOKIF3CNEHAMG0MORN2PDNKHARLH4QR9ROQ7IPDBC9H270,NC6UJI32L8U7F0C3MA7B4TBVB75I8RDNA13A8MNRF2KBBTREVG50,1,3.79,USD,Not Applicable,Not Applicable,Not Applicable,Price Amount,Not Applicable
8VT3H4M2MKKV0PCTQMM7K4DE3ULISLGAU7HP535OA01I5I9TAA30,SJIBN7QMH6GVV1MB0DCKVHI687GQVUIL3SSM31SKBIDMRUPAD7DG,1,0.0,USD,Not Applicable,Not Applicable,Not Applicable,Tax,Not Applicable
8VT3H4M2MKKV0PCTQMM7K4DE3ULISLGAU7HP535OA01I5I9TAA30,SJIBN7QMH6GVV1MB0DCKVHI687GQVUIL3SSM31SKBIDMRUPAD7DG,1,15.99,USD,Not Applicable,Not Applicable,Not Applicable,Price Amount,Not Applicable
6R7P02UC0A976I342MVNL46G6V7PLD5HGGITSD4CPR3E9MJTTKBG,38FKKSM1RIVPIVPNNDATB2TD7GKSUI35HN5LK3HD2SVUJ0FIO7CG,1,15.99,USD,Not Applicable,Not Applicable,Not Applicable,Price Amount,Not Applicable
6R7P02UC0A976I342MVNL46G6V7PLD5HGGITSD4CPR3E9MJTTKBG,38FKKSM1RIVPIVPNNDATB2TD7GKSUI35HN5LK3HD2SVUJ0FIO7CG,1,0.0,USD,Not Applicable,Not Applicable,Not Applicable,Tax,Not Applicable
R3D8LQ4LE7FEB44ND9G8O5GGEPHRQTVA452CMFAM1SCAIK3N98E0,0D0BLM8BSDB5M563QR90B7BD3HNE54FFERPRIFRHR0QPD9404EE0,1,139.0,USD,Not Applicable,Not Applicable,Not Applicable,Price Amount,Not Applicable
R3D8LQ4LE7FEB44ND9G8O5GGEPHRQTVA452CMFAM1SCAIK3N98E0,0D0BLM8BSDB5M563QR90B7BD3HNE54FFERPRIFRHR0QPD9404EE0,1,12.68,USD,Not Applicable,Not Applicable,Not Applicable,Tax,Not Applicable
00GOGE7IO8HD2CFMBS7B5CTMRG7TUJUJLUHQ5QJBKCP14260GRMG,KUT4TGL4EQ6ORB3PDT0R21RNCDCRV39RI7V5QCUHUBE6V6INFO5G,1,4.99,USD,Not Applicable,Not Applicable,Not Applicable,Price Amount,Not Applicable
00GOGE7IO8HD2CFMBS7B5CTMRG7TUJUJLUHQ5QJBKCP14260GRMG,KUT4TGL4EQ6ORB3PDT0R21RNCDCRV39RI7V5QCUHUBE6V6INFO5G,1,0.0,USD,Not Applicable,Not Applicable,Not Applicable,Tax,Not Applicable
KPG5H3SVED22T8GONJB496USDDKSSD4PD0JH324F62SV8O51JTO0,47NG4IV8FBFC8TT5H04NCP0HR600P4S9JRF9V2QB561GEESQ3L10,1,0.0,USD,Not Applicable,Not Applicable,Not Applicable,Tax,Not Applicable
KPG5H3SVED22T8GONJB496USDDKSSD4PD0JH324F62SV8O51JTO0,47NG4IV8FBFC8TT5H04NCP0HR600P4S9JRF9V2QB561GEESQ3L10,1,15.99,USD,Not Applicable,Not Applicable,Not Applicable,Price Amount,Not Applicable
C6MS3PE6AKJ5DDES3MQU21IP2CS5DR3T4H9MNPC0D16GKHOPG7J0,9G5O706SCUPJ68NGSK9EQDN6JDNKJC4NND0EG4711SM1648PESU0,1,6.99,USD,Not Applicable,Not Applicable,Not Applicable,Price Amount,Not Applicable
C6MS3PE6AKJ5DDES3MQU21IP2CS5DR3T4H9MNPC0D16GKHOPG7J0,9G5O706SCUPJ68NGSK9EQDN6JDNKJC4NND0EG4711SM1648PESU0,1,0.0,USD,Not Applicable,Not Applicable,Not Applicable,Tax,Not Applicable
35HU8G7ID0CLK2SHUB8Q81A013J8C962AGUTILH26KHAV7NB1ML0,1J5COH3KPN9QLQ6HE5RBQ42DO8655TAP2HHLAAOK5OSDK5JT0PN0,1,2.99,USD,Not Applicable,Not Applicable,Not Applicable,Price Amount,Not Applicable
35HU8G7ID0CLK2SHUB8Q81A013J8C962AGUTILH26KHAV7NB1ML0,1J5COH3KPN9QLQ6HE5RBQ42DO8655TAP2HHLAAOK5OSDK5JT0PN0,1,0.0,USD,Not Applicable,Not Applicable,Not Applicable,Tax,Not Applicable
3VGGMQQJAAKN8GJM7HT4LKUBTS6JHDF1ARU6NHB2EF7M54SOL0T0,TC75KDEN4LJ30KBOOUHACCCFTEL0OJUFLGA30V1KU2KA0S3AGSEG,1,2.99,USD,Not Applicable,Not Applicable,Not Applicable,Price Amount,Not Applicable
3VGGMQQJAAKN8GJM7HT4LKUBTS6JHDF1ARU6NHB2EF7M54SOL0T0,TC75KDEN4LJ30KBOOUHACCCFTEL0OJUFLGA30V1KU2KA0S3AGSEG,1,0.0,USD,Not Applicable,Not Applicable,Not Applicable,Tax,Not Applicable
R7RF5270F2VK2SS23RMPKR8FR6IMVBM4VV27NJ7PVIU2LDVEP7B0,Q23U04J21Q9G765RF3QNRSOOE184HR7LPG69GEV46V0JRBFBGEFG,1,3.99,USD,Not Applicable,Not Applicable,Not Applicable,Price Amount,Not Applicable
R7RF5270F2VK2SS23RMPKR8FR6IMVBM4VV27NJ7PVIU2LDVEP7B0,Q23U04J21Q9G765RF3QNRSOOE184HR7LPG69GEV46V0JRBFBGEFG,1,0.0,USD,Not Applicable,Not Applicable,Not Applicable,Tax,Not Applicable
QV4V3K9CAQCJA8KFT02JJQO8PGH19KGIS4JT4RHH5HGUH97NSE80,76VE5964D89IQOLCCPOHON19T53J56LDTA7P31CP38DG8TL3SJDG,1,0.0,USD,Not Applicable,Not Applicable,Not Applicable,Tax,Not Applicable
QV4V3K9CAQCJA8KFT02JJQO8PGH19KGIS4JT4RHH5HGUH97NSE80,76VE5964D89IQOLCCPOHON19T53J56LDTA7P31CP38DG8TL3SJDG,1,3.99,USD,Not Applicable,Not Applicable,Not Applicable,Price Amount,Not Applicable
6QH7M0JU3VL9S4RD3GCDNKS69BD9AM6KB47VUNLT56469FS5Q4MG,5JQJ7PBA6OP80H0V2APJHMCIPLVNQC5TH39THAG4BD2H10NKBDL0,1,0.0,USD,Not Applicable,Not Applicable,Not Applicable,Price Amount,Not Applicable
6QH7M0JU3VL9S4RD3GCDNKS69BD9AM6KB47VUNLT56469FS5Q4MG,5JQJ7PBA6OP80H0V2APJHMCIPLVNQC5TH39THAG4BD2H10NKBDL0,1,0.0,USD,Not Applicable,Not Applicable,Not Applicable,Tax,Not Applicable
UF8L7PFC4TTGMDRA05QCJGQ7FQG9JCP9LNMCPPF5T7TOCOIBJOB0,RJ9892CRGUAEPGCHOU4PGE3GRKRRQBJFTOEEVG67ICHISCIBRDHG,1,4.49,USD,Not Applicable,Not Applicable,Not Applicable,Price Amount,Not Applicable
UF8L7PFC4TTGMDRA05QCJGQ7FQG9JCP9LNMCPPF5T7TOCOIBJOB0,RJ9892CRGUAEPGCHOU4PGE3GRKRRQBJFTOEEVG67ICHISCIBRDHG,1,0.0,USD,Not Applicable,Not Applicable,Not Applicable,Tax,Not Applicable
UM589OQDQ6HTOAVTFL21FIMUF8VDHTSQ6VQO9UQMBM5E496LP2CG,1V522UMCTJ27RQ5VI82J3KFF0CBLG1CMBDQ6CDBKN3PFSEEH6490,1,0.0,USD,Not Applicable,Not Applicable,Not Applicable,Tax,Not Applicable
UM589OQDQ6HTOAVTFL21FIMUF8VDHTSQ6VQO9UQMBM5E496LP2CG,1V522UMCTJ27RQ5VI82J3KFF0CBLG1CMBDQ6CDBKN3PFSEEH6490,1,3.29,USD,Not Applicable,Not Applicable,Not Applicable,Price Amount,Not Applicable
L4UGN0IPJJV2VPBATJN2FQ5HC96GC78T5QND54VU6TD2UOGK7UT0,0E1AV66MV4IJQOMI1IG4781TKHI8FJGPJ4UR5N81EINELLFEQDTG,1,3.99,USD,Not Applicable,Not Applicable,Not Applicable,Price Amount,Not Applicable
L4UGN0IPJJV2VPBATJN2FQ5HC96GC78T5QND54VU6TD2UOGK7UT0,0E1AV66MV4IJQOMI1IG4781TKHI8FJGPJ4UR5N81EINELLFEQDTG,1,-1.5,USD,T07KZX2UCWDTDOA7,Not Applicable,Not Applicable,Price Amount,Coupon
L4UGN0IPJJV2VPBATJN2FQ5HC96GC78T5QND54VU6TD2UOGK7UT0,0E1AV66MV4IJQOMI1IG4781TKHI8FJGPJ4UR5N81EINELLFEQDTG,1,0.0,USD,T07KZX2UCWDTDOA7,Not Applicable,Not Applicable,Tax,Coupon
L4UGN0IPJJV2VPBATJN2FQ5HC96GC78T5QND54VU6TD2UOGK7UT0,0E1AV66MV4IJQOMI1IG4781TKHI8FJGPJ4UR5N81EINELLFEQDTG,1,0.0,USD,Not Applicable,Not Applicable,Not Applicable,Tax,Not Applicable
1RS6CLS905OIF9QDP3SMI0CTNSJ2DBHMQ1A3I4I88SCJP7P4GVNG,1GVMNVQBTF61NRGO15QUE0KON83OGBDUCUQLU1N3P63HNQ0EB6D0,1,0.0,USD,Not Applicable,Not Applicable,Not Applicable,Tax,Not Applicable
1RS6CLS905OIF9QDP3SMI0CTNSJ2DBHMQ1A3I4I88SCJP7P4GVNG,1GVMNVQBTF61NRGO15QUE0KON83OGBDUCUQLU1N3P63HNQ0EB6D0,1,11.99,USD,Not Applicable,Not Applicable,Not Applicable,Price Amount,Not Applicable
TPQJM2HDDB0F8R3GANQGJFELEHATIP9VPAESVJKQ7F5JMQILIFD0,45VAV82F7GHMUQK8UGSKIELUVMLVA8CSA0KUNSCUOSRC5TAQUOT0,1,3.99,USD,Not Applicable,Not Applicable,Not Applicable,Price Amount,Not Applicable
TPQJM2HDDB0F8R3GANQGJFELEHATIP9VPAESVJKQ7F5JMQILIFD0,45VAV82F7GHMUQK8UGSKIELUVMLVA8CSA0KUNSCUOSRC5TAQUOT0,1,0.0,USD,Not Applicable,Not Applicable,Not Applicable,Tax,Not Applicable
V29FHR8HFSI485U9IVEFEL7OMN609IDCC1H6554ATPFM7TMR36TG,7LDOE98RCJM2298FG86B9C0172CPA4PMLCGDN8OCMTEJRSFIS1U0,1,0.0,USD,Not Applicable,Not Applicable,Not Applicable,Price Amount,Not Applicable
V29FHR8HFSI485U9IVEFEL7OMN609IDCC1H6554ATPFM7TMR36TG,7LDOE98RCJM2298FG86B9C0172CPA4PMLCGDN8OCMTEJRSFIS1U0,1,0.0,USD,Not Applicable,Not Applicable,Not Applicable,Tax,Not Applicable
KMB28VBMA2N0FGFFUQUFTBL2VFUQMEQP06F6R0CE7U4B587257SG,QPR896PSFSHKAN4LG82U7III7H8T3RHIO83RUKVAUBS8RTEC7ARG,1,3.99,USD,Not Applicable,Not Applicable,Not Applicable,Price Amount,Not Applicable
KMB28VBMA2N0FGFFUQUFTBL2VFUQMEQP06F6R0CE7U4B587257SG,QPR896PSFSHKAN4LG82U7III7H8T3RHIO83RUKVAUBS8RTEC7ARG,1,0.0,USD,Not Applicable,Not Applicable,Not Applicable,Tax,Not Applicable
PKGA2Q2N867J13CC3EMHHGU4G87PAHFTSM33EOM0QQV35SS4B55G,F8G3FF1GP6U98OLIQ2B4ENNED2LEST1HTGUEBALVH3UVQTRAPTC0,1,3.99,USD,Not Applicable,Not Applicable,Not Applicable,Price Amount,Not Applicable
PKGA2Q2N867J13CC3EMHHGU4G87PAHFTSM33EOM0QQV35SS4B55G,F8G3FF1GP6U98OLIQ2B4ENNED2LEST1HTGUEBALVH3UVQTRAPTC0,1,0.0,USD,Not Applicable,Not Applicable,Not Applicable,Tax,Not Applicable
TIGO6DMBPQ96G417UE39R883M4CTFJH4QPKC01HI94G1CH6P7MT0,HGLUU4QSFC9TM4S2DITOFT682VEPN53UN61SLP9QAB0O0MMPKNJG,1,139.0,USD,Not Applicable,Not Applicable,Not Applicable,Price Amount,Not Applicable
TIGO6DMBPQ96G417UE39R883M4CTFJH4QPKC01HI94G1CH6P7MT0,HGLUU4QSFC9TM4S2DITOFT682VEPN53UN61SLP9QAB0O0MMPKNJG,1,12.68,USD,Not Applicable,Not Applicable,Not Applicable,Tax,Not Applicable
Q4OCKJC4N2H28O0BG0GSIPE915DDGIO0LIIU7H8M15QEPV3MNAD0,8JQ0CI4LE2OVU5ARC9OS4RRE80KJLSK9R4BAOUQGU59NSQNJFEMG,1,0.0,USD,Not Applicable,Not Applicable,Not Applicable,Tax,Not Applicable
Q4OCKJC4N2H28O0BG0GSIPE915DDGIO0LIIU7H8M15QEPV3MNAD0,8JQ0CI4LE2OVU5ARC9OS4RRE80KJLSK9R4BAOUQGU59NSQNJFEMG,1,4.99,USD,Not Applicable,Not Applicable,Not Applicable,Price Amount,Not Applicable
PK5C86MR0DLOATHC4I6FNMUSOQATOKBV2RIEUUI5JNNEE044IKQ0,JOB5T4KSEIP43SBFNJ9MAFLDS5KBRB24465IV3D1H0AB7Q48OCL0,1,3.99,USD,Not Applicable,Not Applicable,Not Applicable,Price Amount,Not Applicable
PK5C86MR0DLOATHC4I6FNMUSOQATOKBV2RIEUUI5JNNEE044IKQ0,JOB5T4KSEIP43SBFNJ9MAFLDS5KBRB24465IV3D1H0AB7Q48OCL0,1,0.0,USD,Not Applicable,Not Applicable,Not Applicable,Tax,Not Applicable
11GNA3G784I55V1F6VJTGSGQ06R0695MVBS7DU3PSDK1PLH0JABG,5VKF8APQDT1P3K258T65OJUR2977U86NA45L3RPPGERSGCS4SVA0,1,14.99,USD,Not Applicable,Not Applicable,Not Applicable,Price Amount,Not Applicable
11GNA3G784I55V1F6VJTGSGQ06R0695MVBS7DU3PSDK1PLH0JABG,5VKF8APQDT1P3K258T65OJUR2977U86NA45L3RPPGERSGCS4SVA0,1,1.37,USD,Not Applicable,Not Applicable,Not Applicable,Tax,Not Applicable
0MH58DJ6ANPNNLPK0QVAR9CRE87VG6L4D4P9ED4I4BQN758PCK2G,0KSEFHIDUJ1DGAILE3VL3P69VJ1RR3K73PJV46BI18GIVG906VKG,1,0.0,USD,Not Applicable,Not Applicable,Not Applicable,Tax,Not Applicable
0MH58DJ6ANPNNLPK0QVAR9CRE87VG6L4D4P9ED4I4BQN758PCK2G,0KSEFHIDUJ1DGAILE3VL3P69VJ1RR3K73PJV46BI18GIVG906VKG,1,4.99,USD,Not Applicable,Not Applicable,Not Applicable,Price Amount,Not Applicable
QP9G88QR74RBFC2OK66ECLC2201AGG90KJ219LBS1UQ8RDRQ5N2G,H7C9P5CPLJP074QO35AAJ6NL2VVOU4IG26F5TI6N8H5J41NCS3PG,1,14.99,USD,Not Applicable,Not Applicable,Not Applicable,Price Amount,Not Applicable
QP9G88QR74RBFC2OK66ECLC2201AGG90KJ219LBS1UQ8RDRQ5N2G,H7C9P5CPLJP074QO35AAJ6NL2VVOU4IG26F5TI6N8H5J41NCS3PG,1,1.37,USD,Not Applicable,Not Applicable,Not Applicable,Tax,Not Applicable
IP0U9G04UG1TU4AAE09A65363T8R359HR33IASU3A75PQ42ED4UG,V0JKSKJNCBVLR7KHM9R8O1DSNH672OAIJUEBT6OSOHNK5DPKIVN0,1,0.0,USD,Not Applicable,Not Applicable,Not Applicable,Tax,Not Applicable
IP0U9G04UG1TU4AAE09A65363T8R359HR33IASU3A75PQ42ED4UG,V0JKSKJNCBVLR7KHM9R8O1DSNH672OAIJUEBT6OSOHNK5DPKIVN0,1,4.99,USD,Not Applicable,Not Applicable,Not Applicable,Price Amount,Not Applicable
QDN53A5VDD7U7J05A711SH59T9VIS15TJDGQBAS3P6C70TIFFV60,0ID83BQH84GUKABC2G0HJAG7RA4VM9PA0U20JM2NDKT7INEPGKM0,1,14.99,USD,Not Applicable,Not Applicable,Not Applicable,Price Amount,Not Applicable
QDN53A5VDD7U7J05A711SH59T9VIS15TJDGQBAS3P6C70TIFFV60,0ID83BQH84GUKABC2G0HJAG7RA4VM9PA0U20JM2NDKT7INEPGKM0,1,1.37,USD,Not Applicable,Not Applicable,Not Applicable,Tax,Not Applicable
82Q2N6HP76H49CSD7MBC8VUUULU69377IP73QF4KPPM7DLDQ724G,QOSJO49IP6EVM4TQ1TUJDR3ELC3MGD04N9FH77NE95STP3Q6VF7G,1,4.99,USD,Not Applicable,Not Applicable,Not Applicable,Price Amount,Not Applicable
82Q2N6HP76H49CSD7MBC8VUUULU69377IP73QF4KPPM7DLDQ724G,QOSJO49IP6EVM4TQ1TUJDR3ELC3MGD04N9FH77NE95STP3Q6VF7G,1,0.0,USD,Not Applicable,Not Applicable,Not Applicable,Tax,Not Applicable
3DBB90IGCNFHHO5MJN17NIFIJTQHKHA9A4J0E1JNGD00JRO74ONG,D5GMBN5D7QS533VRCA61C0T64VFCCPG3NRVU9JDJ1T6R57O35GK0,1,0.0,USD,Not Applicable,Not Applicable,Not Applicable,Tax,Not Applicable
3DBB90IGCNFHHO5MJN17NIFIJTQHKHA9A4J0E1JNGD00JRO74ONG,D5GMBN5D7QS533VRCA61C0T64VFCCPG3NRVU9JDJ1T6R57O35GK0,1,3.99,USD,Not Applicable,Not Applicable,Not Applicable,Price Amount,Not Applicable
F0BARREEEFA7U3RION713VG11NTCOCFDATICUNFT4SBFCUUJTBO0,6JG5N171NIGOKKI97N46557184S41KKN2LB3IKJNQGO0ET0CVB0G,1,14.99,USD,Not Applicable,Not Applicable,Not Applicable,Price Amount,Not Applicable
F0BARREEEFA7U3RION713VG11NTCOCFDATICUNFT4SBFCUUJTBO0,6JG5N171NIGOKKI97N46557184S41KKN2LB3IKJNQGO0ET0CVB0G,1,1.37,USD,Not Applicable,Not Applicable,Not Applicable,Tax,Not Applicable
1CIH7VCTNEINSOLTUQH2FNOQ01TFP4RH934FC5CFJASLHIPPG3V0,KVQCDB06IV5L16GVR3QJ00L92IJ15RHNCHKQ8QO5HAAJCPJI3HA0,1,14.99,USD,Not Applicable,Not Applicable,Not Applicable,Price Amount,Not Applicable
1CIH7VCTNEINSOLTUQH2FNOQ01TFP4RH934FC5CFJASLHIPPG3V0,KVQCDB06IV5L16GVR3QJ00L92IJ15RHNCHKQ8QO5HAAJCPJI3HA0,1,1.37,USD,Not Applicable,Not Applicable,Not Applicable,Tax,Not Applicable
G6R6GF8RO58PI3B4F8PUFCK2S9NNQUBJKLKHUOFSVAR9LGN8TKC0,51216VEHHKGHEOAJ4C9TPEGQOAK8LRREDQB81AODSMNEK3577EN0,1,14.99,USD,Not Applicable,Not Applicable,Not Applicable,Price Amount,Not Applicable
G6R6GF8RO58PI3B4F8PUFCK2S9NNQUBJKLKHUOFSVAR9LGN8TKC0,51216VEHHKGHEOAJ4C9TPEGQOAK8LRREDQB81AODSMNEK3577EN0,1,1.37,USD,Not Applicable,Not Applicable,Not Applicable,Tax,Not Applicable
89I3UODIL96H6GEKJS1A4NMJVIFJCFMOFCMD6545K0AUB00S7IEG,7OOPM0KEB6HOCJKGFSRCMQ6AS1U2DDVI29NDPQH45CL4LSO8FU1G,1,14.99,USD,Not Applicable,Not Applicable,Not Applicable,Price Amount,Not Applicable
89I3UODIL96H6GEKJS1A4NMJVIFJCFMOFCMD6545K0AUB00S7IEG,7OOPM0KEB6HOCJKGFSRCMQ6AS1U2DDVI29NDPQH45CL4LSO8FU1G,1,1.37,USD,Not Applicable,Not Applicable,Not Applicable,Tax,Not Applicable
PAJSVF1DL02UHHU3MVU6KFTIRUMBPIKA81PHJ9ME9I04VTMHT6G0,QDND0836SSFD0NIC72O3LK9EE5RBD0N41T4TUL0L34LTDA45RCE0,1,9.99,USD,Not Applicable,Not Applicable,Not Applicable,Price Amount,Not Applicable
PAJSVF1DL02UHHU3MVU6KFTIRUMBPIKA81PHJ9ME9I04VTMHT6G0,QDND0836SSFD0NIC72O3LK9EE5RBD0N41T4TUL0L34LTDA45RCE0,1,0.0,USD,Not Applicable,Not Applicable,Not Applicable,Tax,Not Applicable
3SUOM3AUTQCU3Q852AQMR0QHG9QT75V6BVQ5Q3BOM528KBH1QO6G,5S1J3JVGL9TUDP1L7C56C4J3B0FGTML9EV3535S286DDN0N1TC80,1,6.6,USD,Not Applicable,Not Applicable,Not Applicable,Price Amount,Not Applicable
3SUOM3AUTQCU3Q852AQMR0QHG9QT75V6BVQ5Q3BOM528KBH1QO6G,5S1J3JVGL9TUDP1L7C56C4J3B0FGTML9EV3535S286DDN0N1TC80,1,0.0,USD,Not Applicable,Not Applicable,Not Applicable,Tax,Not Applicable
E1KBN1479D5E4M7I69851P3GPVQLF695URHT874TLO322ECJIOT0,APD0343D0RIRSBPQRQJ2QUOEHQA0VIEE5T9JIHTJFOS9N0AVQSU0,1,1.37,USD,Not Applicable,Not Applicable,Not Applicable,Tax,Not Applicable
E1KBN1479D5E4M7I69851P3GPVQLF695URHT874TLO322ECJIOT0,APD0343D0RIRSBPQRQJ2QUOEHQA0VIEE5T9JIHTJFOS9N0AVQSU0,1,14.99,USD,Not Applicable,Not Applicable,Not Applicable,Price Amount,Not Applicable
MSFTBOF35FHDM5FMQ8I0FOT4O9HSP6FNFUADG3MQFNNVOKO25C6G,R231HE0U9J3MERHL1770HOPR0H0FG5UMP4LJTSN0RMBRKD47C73G,1,12.99,USD,Not Applicable,Not Applicable,Not Applicable,Price Amount,Not Applicable
MSFTBOF35FHDM5FMQ8I0FOT4O9HSP6FNFUADG3MQFNNVOKO25C6G,R231HE0U9J3MERHL1770HOPR0H0FG5UMP4LJTSN0RMBRKD47C73G,1,1.19,USD,Not Applicable,Not Applicable,Not Applicable,Tax,Not Applicable
0V56JB4J6KPVSK4J3OVBRVEU3N4FDO4253G3M0978KBHRULLGT1G,7JAG0QS52QSKD5S0KGT796OHV4SJOR4DDMILV7TT4F9S7U87NQRG,1,12.99,USD,Not Applicable,Not Applicable,Not Applicable,Price Amount,Not Applicable
0V56JB4J6KPVSK4J3OVBRVEU3N4FDO4253G3M0978KBHRULLGT1G,7JAG0QS52QSKD5S0KGT796OHV4SJOR4DDMILV7TT4F9S7U87NQRG,1,1.19,USD,Not Applicable,Not Applicable,Not Applicable,Tax,Not Applicable
V4IOHHD6ADFAMRFCSUQSGMV41NNH8SGBRCIR2LA77826L844MQL0,RL6N0G9M1QBGNUNU2O6NS72Q0OG8I19JNMOIL1ITUVKC3C1SQA70,1,12.99,USD,Not Applicable,Not Applicable,Not Applicable,Price Amount,Not Applicable
V4IOHHD6ADFAMRFCSUQSGMV41NNH8SGBRCIR2LA77826L844MQL0,RL6N0G9M1QBGNUNU2O6NS72Q0OG8I19JNMOIL1ITUVKC3C1SQA70,1,1.19,USD,Not Applicable,Not Applicable,Not Applicable,Tax,Not Applicable
LAETJVD40RHKVUTTD0VP8GTOPNID3G3MJUREKMB23CBKKCAAJ7JG,MU08SC8NA2I1LJJTGER8U35RJG1F3LK504A40SNEF1251P0ORMSG,1,12.99,USD,Not Applicable,Not Applicable,Not Applicable,Price Amount,Not Applicable
LAETJVD40RHKVUTTD0VP8GTOPNID3G3MJUREKMB23CBKKCAAJ7JG,MU08SC8NA2I1LJJTGER8U35RJG1F3LK504A40SNEF1251P0ORMSG,1,1.19,USD,Not Applicable,Not Applicable,Not Applicable,Tax,Not Applicable
Q1PG0MD0I5RIQ5CA64SDH7UVTI0REJLO38BEMCBQB6DABMGRESRG,2I09TAIO2P1JA154RUM02MBUJ5B6B8T2IKVM0AI2PNUE6P26I2QG,1,3.99,USD,Not Applicable,Not Applicable,Not Applicable,Price Amount,Not Applicable
Q1PG0MD0I5RIQ5CA64SDH7UVTI0REJLO38BEMCBQB6DABMGRESRG,2I09TAIO2P1JA154RUM02MBUJ5B6B8T2IKVM0AI2PNUE6P26I2QG,1,0.0,USD,Not Applicable,Not Applicable,Not Applicable,Tax,Not Applicable
5A1Q6OPAVIR5K393HP39LMSHIRAI93HAAQUI6870D73QC00F30N0,AIIBF9L5A0K9R9MNCLSEM2UAK2B4JEI0CEFKUQ811SLGM6OMJON0,1,0.99,USD,Not Applicable,Not Applicable,Not Applicable,Price Amount,Not Applicable
5A1Q6OPAVIR5K393HP39LMSHIRAI93HAAQUI6870D73QC00F30N0,AIIBF9L5A0K9R9MNCLSEM2UAK2B4JEI0CEFKUQ811SLGM6OMJON0,1,0.0,USD,Not Applicable,Not Applicable,Not Applicable,Tax,Not Applicable
9I7D5EIJ8OEDEEHUA34EHB5LOJ961N8IE5L30F2QPPCFIEIBL3J0,O8L02SM0EV1F2N39AOLU95PQCC2DE43HLJAIS9I2BIB0NMVNLL80,1,0.0,USD,Not Applicable,Not Applicable,Not Applicable,Tax,Not Applicable
9I7D5EIJ8OEDEEHUA34EHB5LOJ961N8IE5L30F2QPPCFIEIBL3J0,O8L02SM0EV1F2N39AOLU95PQCC2DE43HLJAIS9I2BIB0NMVNLL80,1,0.0,USD,Not Applicable,Not Applicable,Not Applicable,Price Amount,Not Applicable
FRU4NC7J9VJMLDPLF35AJG9QUCRB3SDJ647G9OBFJ9P01KCS2IQG,ITRIKUQC6AFKFOJPTENVUV835N6MQAGQTI6A6T76R4TS1B5CDGI0,1,1.19,USD,Not Applicable,Not Applicable,Not Applicable,Tax,Not Applicable
FRU4NC7J9VJMLDPLF35AJG9QUCRB3SDJ647G9OBFJ9P01KCS2IQG,ITRIKUQC6AFKFOJPTENVUV835N6MQAGQTI6A6T76R4TS1B5CDGI0,1,12.99,USD,Not Applicable,Not Applicable,Not Applicable,Price Amount,Not Applicable
RSE2OVU7DNMPMPNNEV11MKJSS2PCC61MVP712VQB2QU3IMS2IPC0,HM27F3K022LNOCGRM6JE1V6RGGRESU4BM9O6NAELT3AI89RBD3K0,1,3.99,USD,Not Applicable,Not Applicable,Not Applicable,Price Amount,Not Applicable
RSE2OVU7DNMPMPNNEV11MKJSS2PCC61MVP712VQB2QU3IMS2IPC0,HM27F3K022LNOCGRM6JE1V6RGGRESU4BM9O6NAELT3AI89RBD3K0,1,0.0,USD,Not Applicable,Not Applicable,Not Applicable,Tax,Not Applicable
ODEFM43FLFJQAO1RJM2JM17M9CALIIQEMA9ETEKK2H65C1PH5P00,8L2SO406IS9ECCED8100S14N5LQOHF0618GQUTQOOK9S27FN8UU0,1,1.19,USD,Not Applicable,Not Applicable,Not Applicable,Tax,Not Applicable
ODEFM43FLFJQAO1RJM2JM17M9CALIIQEMA9ETEKK2H65C1PH5P00,8L2SO406IS9ECCED8100S14N5LQOHF0618GQUTQOOK9S27FN8UU0,1,12.99,USD,Not Applicable,Not Applicable,Not Applicable,Price Amount,Not Applicable
12K3PC6V88MOMTSRF1T022M5MKILJ2GGAKJP4P2JE62BIQCFV0GG,O0IRCQDDT4U1NM8GAHG6QRRVLL2OV8B5QPQEGQNOHIJVN75C9G0G,1,1.19,USD,Not Applicable,Not Applicable,Not Applicable,Tax,Not Applicable
12K3PC6V88MOMTSRF1T022M5MKILJ2GGAKJP4P2JE62BIQCFV0GG,O0IRCQDDT4U1NM8GAHG6QRRVLL2OV8B5QPQEGQNOHIJVN75C9G0G,1,12.99,USD,Not Applicable,Not Applicable,Not Applicable,Price Amount,Not Applicable
C63TVRQJ2UDIN73KE7VCMTFPP3SJCIK3L9QB3V3H0LSA1LFIST1G,28GMP5A1D9KD5E1S8AKHQ54E7HF1RQ3H6TCTQ0TBM3FUI7GG02FG,1,0.0,USD,T025V8UW3LWRQLAA,Not Applicable,Not Applicable,Tax,Coupon
C63TVRQJ2UDIN73KE7VCMTFPP3SJCIK3L9QB3V3H0LSA1LFIST1G,28GMP5A1D9KD5E1S8AKHQ54E7HF1RQ3H6TCTQ0TBM3FUI7GG02FG,1,0.0,USD,Not Applicable,Not Applicable,Not Applicable,Tax,Not Applicable
C63TVRQJ2UDIN73KE7VCMTFPP3SJCIK3L9QB3V3H0LSA1LFIST1G,28GMP5A1D9KD5E1S8AKHQ54E7HF1RQ3H6TCTQ0TBM3FUI7GG02FG,1,64.0,USD,Not Applicable,Not Applicable,Not Applicable,Price Amount,Not Applicable
C63TVRQJ2UDIN73KE7VCMTFPP3SJCIK3L9QB3V3H0LSA1LFIST1G,28GMP5A1D9KD5E1S8AKHQ54E7HF1RQ3H6TCTQ0TBM3FUI7GG02FG,1,-0.5,USD,T025V8UW3LWRQLAA,Not Applicable,Not Applicable,Price Amount,Coupon
UUPI0BGEMT4GCMG9HFCMRO8IO4EQJP7GJDCIB9J9B2F796S22E80,TS88NARTS34LANENS56NR5SA5PO8PRKIFJTS138TBLFHR5CTQVV0,1,1.19,USD,Not Applicable,Not Applicable,Not Applicable,Tax,Not Applicable
UUPI0BGEMT4GCMG9HFCMRO8IO4EQJP7GJDCIB9J9B2F796S22E80,TS88NARTS34LANENS56NR5SA5PO8PRKIFJTS138TBLFHR5CTQVV0,1,12.99,USD,Not Applicable,Not Applicable,Not Applicable,Price Amount,Not Applicable
K2MEJ1VCCQ8HPT1MV1O7P0G1P95CS8B46ROFBNSP1K20V9M5USDG,FCN95IGU5NCQT5CFGFMMA2A0G7VRH7Q2A4FUU8HBR2LE5O7U0G0G,1,0.0,USD,Not Applicable,Not Applicable,Not Applicable,Price Amount,Not Applicable
K2MEJ1VCCQ8HPT1MV1O7P0G1P95CS8B46ROFBNSP1K20V9M5USDG,FCN95IGU5NCQT5CFGFMMA2A0G7VRH7Q2A4FUU8HBR2LE5O7U0G0G,1,0.0,USD,Not Applicable,Not Applicable,Not Applicable,Tax,Not Applicable
QFMUM1LORB4A0A1CB2A5LG9ON3850R82LN3O8829ABMSSVG3TM70,NEB5BSJI3V6HPKJ06CU98OTF4N7COK4E4SU56QP90UMPNQ70S870,1,3.99,USD,Not Applicable,Not Applicable,Not Applicable,Price Amount,Not Applicable
QFMUM1LORB4A0A1CB2A5LG9ON3850R82LN3O8829ABMSSVG3TM70,NEB5BSJI3V6HPKJ06CU98OTF4N7COK4E4SU56QP90UMPNQ70S870,1,0.0,USD,Not Applicable,Not Applicable,Not Applicable,Tax,Not Applicable
CMV272SUVE1R8NIT302ET1NBN0VJKC97KC24FQ6VJDOK2ALLPD7G,NPTA3D4UNPCSM7S1R1JFO89DUOTMVJPBUG8Q70B9PUNLSJCASMSG,1,12.99,USD,Not Applicable,Not Applicable,Not Applicable,Price Amount,Not Applicable
CMV272SUVE1R8NIT302ET1NBN0VJKC97KC24FQ6VJDOK2ALLPD7G,NPTA3D4UNPCSM7S1R1JFO89DUOTMVJPBUG8Q70B9PUNLSJCASMSG,1,1.19,USD,Not Applicable,Not Applicable,Not Applicable,Tax,Not Applicable
0M7N6E7M02PIETAAIRJQ7GUTG2OSC3NU7ROD1906FVV5N2JHCD6G,II70NF840BMGTTDJUBNH33AV6V2FBI97PO1QO72Q8GI99LGE45Q0,1,12.99,USD,Not Applicable,Not Applicable,Not Applicable,Price Amount,Not Applicable
0M7N6E7M02PIETAAIRJQ7GUTG2OSC3NU7ROD1906FVV5N2JHCD6G,II70NF840BMGTTDJUBNH33AV6V2FBI97PO1QO72Q8GI99LGE45Q0,1,0.0,USD,Not Applicable,Not Applicable,Not Applicable,Tax,Not Applicable
HVCPGG0QH4R9KAOMT12415ACRUFGRBE8CAETT9A724TASPB9UJD0,6U8B9GLNREFVU9PTP65S72Q3IGH42F2OL6NC04BMHMILH40OCTQG,1,1.17,USD,Not Applicable,Not Applicable,Not Applicable,Tax,Not Applicable
HVCPGG0QH4R9KAOMT12415ACRUFGRBE8CAETT9A724TASPB9UJD0,6U8B9GLNREFVU9PTP65S72Q3IGH42F2OL6NC04BMHMILH40OCTQG,1,12.99,USD,Not Applicable,Not Applicable,Not Applicable,Price Amount,Not Applicable
BRMKK7STV0QBSG003DGUGCEV94F4IU9AU27Q0UUT83PG9G3GG7O0,747ALKTDF5T8T1BK2FLHS7GTTKDORVCNNECI083R5SE9A5LEQGI0,1,9.99,USD,Not Applicable,Not Applicable,Not Applicable,Price Amount,Not Applicable
BRMKK7STV0QBSG003DGUGCEV94F4IU9AU27Q0UUT83PG9G3GG7O0,747ALKTDF5T8T1BK2FLHS7GTTKDORVCNNECI083R5SE9A5LEQGI0,1,0.0,USD,Not Applicable,Not Applicable,Not Applicable,Tax,Not Applicable
2VT6D7MIQJ3QV2IUU54APLE6QQJ0USF7U056R667SLII6G2LMI20,5PLOMLAG6CDGFD72TLLI3IBL9NB39I6SLC7M668PNDDTDQLQEAR0,1,1.17,USD,Not Applicable,Not Applicable,Not Applicable,Tax,Not Applicable
2VT6D7MIQJ3QV2IUU54APLE6QQJ0USF7U056R667SLII6G2LMI20,5PLOMLAG6CDGFD72TLLI3IBL9NB39I6SLC7M668PNDDTDQLQEAR0,1,12.99,USD,Not Applicable,Not Applicable,Not Applicable,Price Amount,Not Applicable
1SDUQ124AA0BJ58PNGGFG26F041GPDN3TCOSJE5G9NC2BV25LF2G,QS2UB8LQD96JU1MQUPETOLI4R4MDK9TSAFL0LP7OPHG84Q64O940,1,0.99,USD,Not Applicable,Not Applicable,Not Applicable,Price Amount,Not Applicable
1SDUQ124AA0BJ58PNGGFG26F041GPDN3TCOSJE5G9NC2BV25LF2G,QS2UB8LQD96JU1MQUPETOLI4R4MDK9TSAFL0LP7OPHG84Q64O940,1,0.0,USD,Not Applicable,Not Applicable,Not Applicable,Tax,Not Applicable
MUQ12UGCK3V8CVDBHBAGPT4JN9O6JRCMQLKQ2BBMAOTG9AQ2GP70,A3L26765S1G11F2OD79U8EMIPENUPRKP8GIOTKG91GGB2FKU47M0,1,0.0,USD,T010PDQH5YQ3X9AS,Not Applicable,Not Applicable,Tax,Coupon
MUQ12UGCK3V8CVDBHBAGPT4JN9O6JRCMQLKQ2BBMAOTG9AQ2GP70,A3L26765S1G11F2OD79U8EMIPENUPRKP8GIOTKG91GGB2FKU47M0,1,-2.0,USD,T010PDQH5YQ3X9AS,Not Applicable,Not Applicable,Price Amount,Coupon
MUQ12UGCK3V8CVDBHBAGPT4JN9O6JRCMQLKQ2BBMAOTG9AQ2GP70,A3L26765S1G11F2OD79U8EMIPENUPRKP8GIOTKG91GGB2FKU47M0,1,0.0,USD,Not Applicable,Not Applicable,Not Applicable,Tax,Not Applicable
MUQ12UGCK3V8CVDBHBAGPT4JN9O6JRCMQLKQ2BBMAOTG9AQ2GP70,A3L26765S1G11F2OD79U8EMIPENUPRKP8GIOTKG91GGB2FKU47M0,1,2.99,USD,Not Applicable,Not Applicable,Not Applicable,Price Amount,Not Applicable
7HV0H8VOL1RU8K9NO0F9K452HI8P0PF4IM70I4T4TR77C3UPQHR0,UC3E9MIKTP9K8CQ7SHS9M1FISCKSJJVN0QB8HI7HLMAI9T4CS47G,1,1.17,USD,Not Applicable,Not Applicable,Not Applicable,Tax,Not Applicable
7HV0H8VOL1RU8K9NO0F9K452HI8P0PF4IM70I4T4TR77C3UPQHR0,UC3E9MIKTP9K8CQ7SHS9M1FISCKSJJVN0QB8HI7HLMAI9T4CS47G,1,12.99,USD,Not Applicable,Not Applicable,Not Applicable,Price Amount,Not Applicable
2H9SPVF97JIPVLDFKRDCO97R4J5SL1PJ5DFHCI7LRIGG75UNG3H0,C7K4OSBLJNS4B3JDKPT8AK2ANP87K6MTE6CA3UQ3FR4NGRRPD3N0,1,-2.0,USD,T010PDQH5YQ3X9AS,Not Applicable,Not Applicable,Price Amount,Coupon
2H9SPVF97JIPVLDFKRDCO97R4J5SL1PJ5DFHCI7LRIGG75UNG3H0,C7K4OSBLJNS4B3JDKPT8AK2ANP87K6MTE6CA3UQ3FR4NGRRPD3N0,1,8.99,USD,Not Applicable,Not Applicable,Not Applicable,Price Amount,Not Applicable
2H9SPVF97JIPVLDFKRDCO97R4J5SL1PJ5DFHCI7LRIGG75UNG3H0,C7K4OSBLJNS4B3JDKPT8AK2ANP87K6MTE6CA3UQ3FR4NGRRPD3N0,1,0.0,USD,Not Applicable,Not Applicable,Not Applicable,Tax,Not Applicable
2H9SPVF97JIPVLDFKRDCO97R4J5SL1PJ5DFHCI7LRIGG75UNG3H0,C7K4OSBLJNS4B3JDKPT8AK2ANP87K6MTE6CA3UQ3FR4NGRRPD3N0,1,0.0,USD,T010PDQH5YQ3X9AS,Not Applicable,Not Applicable,Tax,Coupon
QNV2L5A6N9Q3TRPL3C8KHATMNOCB46JANCVA73DARQHD3II5B4BG,4TO3TTIFGM0JMCILP1KRBCGC9V1J34PNJN1555P4P0Q07L1OMK00,1,0.0,USD,Not Applicable,Not Applicable,Not Applicable,Tax,Not Applicable
QNV2L5A6N9Q3TRPL3C8KHATMNOCB46JANCVA73DARQHD3II5B4BG,4TO3TTIFGM0JMCILP1KRBCGC9V1J34PNJN1555P4P0Q07L1OMK00,1,0.0,USD,Not Applicable,Not Applicable,Not Applicable,Price Amount,Not Applicable
RPDQTFHN5DVGQK51FTM1P15218IML9QS6V9D59LGMLFM7JHNLC6G,OQ84J47DMV44L4IIG00HII2BHI9HN342O6RJ702N3U28JECBQD90,1,0.0,USD,Not Applicable,Not Applicable,Not Applicable,Tax,Not Applicable
RPDQTFHN5DVGQK51FTM1P15218IML9QS6V9D59LGMLFM7JHNLC6G,OQ84J47DMV44L4IIG00HII2BHI9HN342O6RJ702N3U28JECBQD90,1,3.99,USD,Not Applicable,Not Applicable,Not Applicable,Price Amount,Not Applicable
930A9OD57QCES6RK0FB7O1CQE04G703K0B9DBCNSMPJJU0PP0CK0,F8KBPETNL3DGJ7V7STN6L2JOEAIDJ9NBQF1GEOI7V2R1KOV0B5SG,1,12.99,USD,Not Applicable,Not Applicable,Not Applicable,Price Amount,Not Applicable
930A9OD57QCES6RK0FB7O1CQE04G703K0B9DBCNSMPJJU0PP0CK0,F8KBPETNL3DGJ7V7STN6L2JOEAIDJ9NBQF1GEOI7V2R1KOV0B5SG,1,0.0,USD,Not Applicable,Not Applicable,Not Applicable,Tax,Not Applicable
DLCIQUKP5C8QSR4GM1UQ230NE24FC7Q5HJIIN9C2V63SQCKM3U8G,HJUIIN6AOS1C6JM2TC1556CV7K6U1RM41H4RBQPM4VG28GKUDPR0,1,12.99,USD,Not Applicable,Not Applicable,Not Applicable,Price Amount,Not Applicable
DLCIQUKP5C8QSR4GM1UQ230NE24FC7Q5HJIIN9C2V63SQCKM3U8G,HJUIIN6AOS1C6JM2TC1556CV7K6U1RM41H4RBQPM4VG28GKUDPR0,1,0.0,USD,Not Applicable,Not Applicable,Not Applicable,Tax,Not Applicable
2PN6AMBMTIPN6C1OQ64VPINRN2VAA416Q6B94O40E7VHTN4QRRI0,J5SSB0JODDBFRKQFUIVN3LUVVKC2671OSJDMU1QLMVPMTU5GCJKG,1,0.0,USD,Not Applicable,Not Applicable,Not Applicable,Tax,Not Applicable
2PN6AMBMTIPN6C1OQ64VPINRN2VAA416Q6B94O40E7VHTN4QRRI0,J5SSB0JODDBFRKQFUIVN3LUVVKC2671OSJDMU1QLMVPMTU5GCJKG,1,3.99,USD,Not Applicable,Not Applicable,Not Applicable,Price Amount,Not Applicable
RL74UN8CJ2649MF6HQR6JA8M4B5KBBTPMRCVUQ38V26PHV8V5P70,G43CR0J7FNR1U9DQGHPCC66FGTUPKFFLFFEEH2P8FDO5U9LDOHN0,1,3.99,USD,Not Applicable,Not Applicable,Not Applicable,Price Amount,Not Applicable
RL74UN8CJ2649MF6HQR6JA8M4B5KBBTPMRCVUQ38V26PHV8V5P70,G43CR0J7FNR1U9DQGHPCC66FGTUPKFFLFFEEH2P8FDO5U9LDOHN0,1,0.0,USD,Not Applicable,Not Applicable,Not Applicable,Tax,Not Applicable
QN5IMBVS77AKD8P2S7VVUGA4IE2CV68KHILGG93MMP0H07IIKBR0,FOMIRIQSLJHGKQS26O7E3KDMDJ03RBHOEO5PU8MEG9G1J49VTLH0,1,0.0,USD,Not Applicable,Not Applicable,Not Applicable,Tax,Not Applicable
QN5IMBVS77AKD8P2S7VVUGA4IE2CV68KHILGG93MMP0H07IIKBR0,FOMIRIQSLJHGKQS26O7E3KDMDJ03RBHOEO5PU8MEG9G1J49VTLH0,1,3.99,USD,Not Applicable,Not Applicable,Not Applicable,Price Amount,Not Applicable
OBEE8HRLBA7VNI87O9H99BUE2TR75V48DMJB0E9EO60N7BO8AP8G,9STTA2B2CM9NJSD3LBFH80RRK0RSA2LAEQVDKV58E1F1BO5MDMM0,1,12.99,USD,Not Applicable,Not Applicable,Not Applicable,Price Amount,Not Applicable
OBEE8HRLBA7VNI87O9H99BUE2TR75V48DMJB0E9EO60N7BO8AP8G,9STTA2B2CM9NJSD3LBFH80RRK0RSA2LAEQVDKV58E1F1BO5MDMM0,1,0.0,USD,Not Applicable,Not Applicable,Not Applicable,Tax,Not Applicable
V551EF9K4M2SCEUJ53I06Q941MP28SC1NKF12M2V78GPN5D6N1K0,SLQ5DM7TDU58MH23V7NJ28C9HI9QLVLU3QGDHPRU0V7M66GOCIN0,1,12.99,USD,Not Applicable,Not Applicable,Not Applicable,Price Amount,Not Applicable
V551EF9K4M2SCEUJ53I06Q941MP28SC1NKF12M2V78GPN5D6N1K0,SLQ5DM7TDU58MH23V7NJ28C9HI9QLVLU3QGDHPRU0V7M66GOCIN0,1,0.0,USD,Not Applicable,Not Applicable,Not Applicable,Tax,Not Applicable
KRDCIPEFDD2V6HKCQM3VHMR14V8V5ODS3MI5GI9SFJMT9CDGMTLG,TO06OM1MUJFRPBOOQOEEH8OFQP9FUN2LAEOMHTVL5MV8PIOTFSF0,1,3.99,USD,Not Applicable,Not Applicable,Not Applicable,Price Amount,Not Applicable
KRDCIPEFDD2V6HKCQM3VHMR14V8V5ODS3MI5GI9SFJMT9CDGMTLG,TO06OM1MUJFRPBOOQOEEH8OFQP9FUN2LAEOMHTVL5MV8PIOTFSF0,1,0.0,USD,Not Applicable,Not Applicable,Not Applicable,Tax,Not Applicable
08TC80HAF33S2DETHUNB241SO997130LPN0J1C0VOHU11RCN5560,0HVN60FAKLCLQB932TC9ISL63QJ5HT7FC4L1KQFKBAJGVA4Q3GA0,1,0.0,USD,Not Applicable,Not Applicable,Not Applicable,Tax,Not Applicable
08TC80HAF33S2DETHUNB241SO997130LPN0J1C0VOHU11RCN5560,0HVN60FAKLCLQB932TC9ISL63QJ5HT7FC4L1KQFKBAJGVA4Q3GA0,1,12.99,USD,Not Applicable,Not Applicable,Not Applicable,Price Amount,Not Applicable
BE192G4UTSRAFQ4IRA7OC5I2RP919JGVBSU3LEUJH2I4RQC3MH4G,BF1MOB3I4838UC92SI6UC4LK9ML8U4AD7FH95TSVQCO9TM8DJEBG,1,5.99,USD,Not Applicable,Not Applicable,Not Applicable,Price Amount,Not Applicable
BE192G4UTSRAFQ4IRA7OC5I2RP919JGVBSU3LEUJH2I4RQC3MH4G,BF1MOB3I4838UC92SI6UC4LK9ML8U4AD7FH95TSVQCO9TM8DJEBG,1,0.0,USD,Not Applicable,Not Applicable,Not Applicable,Tax,Not Applicable
T6H882NM6EKAAIOT1E2J0M64I492DJUG19P43UQO1KBRP81CKQU0,A9F844RD766M7RNN83GHT8H5Q3FLBOLI28APP85OKNPV5J2G2Q9G,1,12.99,USD,Not Applicable,Not Applicable,Not Applicable,Price Amount,Not Applicable
T6H882NM6EKAAIOT1E2J0M64I492DJUG19P43UQO1KBRP81CKQU0,A9F844RD766M7RNN83GHT8H5Q3FLBOLI28APP85OKNPV5J2G2Q9G,1,1.17,USD,Not Applicable,Not Applicable,Not Applicable,Tax,Not Applicable
0VOK1B0LF8G43BDKTF6H33GS693116KGRDLVRC33HAUMDITV09CG,4P9RR3I5U125RJCMDBSONQQJC10J7IVSBH6MASR8HDMCDUNA8L8G,1,3.99,USD,Not Applicable,Not Applicable,Not Applicable,Price Amount,Not Applicable
0VOK1B0LF8G43BDKTF6H33GS693116KGRDLVRC33HAUMDITV09CG,4P9RR3I5U125RJCMDBSONQQJC10J7IVSBH6MASR8HDMCDUNA8L8G,1,0.0,USD,Not Applicable,Not Applicable,Not Applicable,Tax,Not Applicable
AF12STJE9B8V1NAL2IJS07N5NR15TS62OMOMRH21IFD2NQLHK500,M93DNP4VNAEE6NPIEQ4V4A1P11N5N7I3U8V437NN9QKD3OEFSKS0,1,3.99,USD,Not Applicable,Not Applicable,Not Applicable,Price Amount,Not Applicable
AF12STJE9B8V1NAL2IJS07N5NR15TS62OMOMRH21IFD2NQLHK500,M93DNP4VNAEE6NPIEQ4V4A1P11N5N7I3U8V437NN9QKD3OEFSKS0,1,0.0,USD,Not Applicable,Not Applicable,Not Applicable,Tax,Not Applicable
NM3528RBARVUUTBFGUNP6RLRF6UNBTNMBLI92J0JIDSV46JUN8J0,BLQ64O57MC6L24V5B0GAV3P9512JJSLLQHS6OM3HGOVFMH04UO70,1,3.99,USD,Not Applicable,Not Applicable,Not Applicable,Price Amount,Not Applicable
NM3528RBARVUUTBFGUNP6RLRF6UNBTNMBLI92J0JIDSV46JUN8J0,BLQ64O57MC6L24V5B0GAV3P9512JJSLLQHS6OM3HGOVFMH04UO70,1,0.0,USD,T0UYQULH2A1BY3A3,Not Applicable,Not Applicable,Tax,Coupon
NM3528RBARVUUTBFGUNP6RLRF6UNBTNMBLI92J0JIDSV46JUN8J0,BLQ64O57MC6L24V5B0GAV3P9512JJSLLQHS6OM3HGOVFMH04UO70,1,-1.0,USD,T0UYQULH2A1BY3A3,Not Applicable,Not Applicable,Price Amount,Coupon
NM3528RBARVUUTBFGUNP6RLRF6UNBTNMBLI92J0JIDSV46JUN8J0,BLQ64O57MC6L24V5B0GAV3P9512JJSLLQHS6OM3HGOVFMH04UO70,1,0.0,USD,Not Applicable,Not Applicable,Not Applicable,Tax,Not Applicable
MF4GS7MHMBMGAOU4QRATH1ARIISLGGDIOMSAM33VB50FJ6D6S2BG,TVBL14N54R161M1D7JSKF34GT6T76SDCHQKO4RRCT6DRUTBQVEQ0,1,0.0,USD,Not Applicable,Not Applicable,Not Applicable,Price Amount,Not Applicable
MF4GS7MHMBMGAOU4QRATH1ARIISLGGDIOMSAM33VB50FJ6D6S2BG,TVBL14N54R161M1D7JSKF34GT6T76SDCHQKO4RRCT6DRUTBQVEQ0,1,0.0,USD,Not Applicable,Not Applicable,Not Applicable,Tax,Not Applicable
TJT67AD19IQ5QFUOPJRN2B3HT2NHT33R3Q7SKVRMI9STPSV72780,24188C4MAO3C700KOCAR9NVQ4O6EHOC6G487NIK0I4U1KA3HI3A0,1,12.99,USD,Not Applicable,Not Applicable,Not Applicable,Price Amount,Not Applicable
TJT67AD19IQ5QFUOPJRN2B3HT2NHT33R3Q7SKVRMI9STPSV72780,24188C4MAO3C700KOCAR9NVQ4O6EHOC6G487NIK0I4U1KA3HI3A0,1,1.17,USD,Not Applicable,Not Applicable,Not Applicable,Tax,Not Applicable
HM6K4RV1HBTHQ6ABB9AEARTRLA0K9DSS4P1PVE5R7A8656I2FK00,O1UO6LO4A1EPT7TCB9SV69QLLUTESSP3GIEB88DD76U5M88A3R1G,1,0.0,USD,Not Applicable,Not Applicable,Not Applicable,Price Amount,Not Applicable
HM6K4RV1HBTHQ6ABB9AEARTRLA0K9DSS4P1PVE5R7A8656I2FK00,O1UO6LO4A1EPT7TCB9SV69QLLUTESSP3GIEB88DD76U5M88A3R1G,1,0.0,USD,Not Applicable,Not Applicable,Not Applicable,Tax,Not Applicable
29P4M0NEA1I231RB6CQIJ2OUP02L5CTK8F08G18P2GTI44DA2UGG,6GEGPSS29KQA3TC7VRJMTDL79EUD8F7O7J4AP45PMNR1H40IDMG0,1,0.0,USD,Not Applicable,Not Applicable,Not Applicable,Tax,Not Applicable
29P4M0NEA1I231RB6CQIJ2OUP02L5CTK8F08G18P2GTI44DA2UGG,6GEGPSS29KQA3TC7VRJMTDL79EUD8F7O7J4AP45PMNR1H40IDMG0,1,61.88,USD,Not Applicable,Not Applicable,Not Applicable,Price Amount,Not Applicable
0A154NI6SV09RAU7M017J37GNVQ70KFAA0F14VUFFNITTNHA6FPG,2IQEPFIAP6PPKM9NIGHRL4OQCDAA5UPQMUFNBPCNDVMJ0GSJ78TG,1,12.99,USD,Not Applicable,Not Applicable,Not Applicable,Price Amount,Not Applicable
0A154NI6SV09RAU7M017J37GNVQ70KFAA0F14VUFFNITTNHA6FPG,2IQEPFIAP6PPKM9NIGHRL4OQCDAA5UPQMUFNBPCNDVMJ0GSJ78TG,1,1.17,USD,Not Applicable,Not Applicable,Not Applicable,Tax,Not Applicable
12GT88040I7OHCQ8PLKO92689QE2MHO2MDVC7DCOQA56DK3OB930,TGIB7S04NHKDUDM6VIPTFR4H9QTC2H8BT2O7VNQ4U7B77IKLQ6B0,1,0.0,USD,Not Applicable,Not Applicable,Not Applicable,Price Amount,Not Applicable
12GT88040I7OHCQ8PLKO92689QE2MHO2MDVC7DCOQA56DK3OB930,TGIB7S04NHKDUDM6VIPTFR4H9QTC2H8BT2O7VNQ4U7B77IKLQ6B0,1,0.0,USD,Not Applicable,Not Applicable,Not Applicable,Tax,Not Applicable
4MGNJQB7BIM5LVIBD3FRIF80BUEU9L6UBAFAHGG2BE29C4U9H1NG,F0P437J6VMO0Q098LP4S4HJMSCTGEGBMGDFCF2RDT1R3B8IMJTIG,1,0.0,USD,Not Applicable,Not Applicable,Not Applicable,Tax,Not Applicable
4MGNJQB7BIM5LVIBD3FRIF80BUEU9L6UBAFAHGG2BE29C4U9H1NG,F0P437J6VMO0Q098LP4S4HJMSCTGEGBMGDFCF2RDT1R3B8IMJTIG,1,3.99,USD,Not Applicable,Not Applicable,Not Applicable,Price Amount,Not Applicable
EVPM494MJCGTNFNP1IGJ03QHI4K02IBUO768LBFUK2VQ7VFQ7KEG,HNVN9973PC1V64DDMOFGJVDB009B8B1O0U1G244SRBSVJA0VF170,1,12.99,USD,Not Applicable,Not Applicable,Not Applicable,Price Amount,Not Applicable
EVPM494MJCGTNFNP1IGJ03QHI4K02IBUO768LBFUK2VQ7VFQ7KEG,HNVN9973PC1V64DDMOFGJVDB009B8B1O0U1G244SRBSVJA0VF170,1,1.17,USD,Not Applicable,Not Applicable,Not Applicable,Tax,Not Applicable
38AVJDR4DG41KIKNEQSH936JL013O5SBJ5SOFG6FIRMK5EKQH350,2Q2OVLSUIO4B2FGD60RL7FL8EFPU40OHD63R80UC3KC7BEIQ9H2G,1,12.99,USD,Not Applicable,Not Applicable,Not Applicable,Price Amount,Not Applicable
38AVJDR4DG41KIKNEQSH936JL013O5SBJ5SOFG6FIRMK5EKQH350,2Q2OVLSUIO4B2FGD60RL7FL8EFPU40OHD63R80UC3KC7BEIQ9H2G,1,1.17,USD,Not Applicable,Not Applicable,Not Applicable,Tax,Not Applicable
J3EPK904EL8EACOMK4H8NNIBMGCIVBNBE83OHKH5SVNU4IIEROFG,H57C4IBN0118VK12Q1GKEQDR0SHIKVEAEMVEAVU9EOOV1JGRKQTG,1,12.99,USD,Not Applicable,Not Applicable,Not Applicable,Price Amount,Not Applicable
J3EPK904EL8EACOMK4H8NNIBMGCIVBNBE83OHKH5SVNU4IIEROFG,H57C4IBN0118VK12Q1GKEQDR0SHIKVEAEMVEAVU9EOOV1JGRKQTG,1,1.17,USD,Not Applicable,Not Applicable,Not Applicable,Tax,Not Applicable
HD9HB0J6E46OCBJ2LO6E6IGJ02HJ61FN0175KIRDLULOJ4KO0MP0,H4JT6PBD7DVTJIDDQDAPA43NQCJAGHD3V7K1CUKHD9Q6GJ3TRNPG,1,0.0,USD,Not Applicable,Not Applicable,Not Applicable,Tax,Not Applicable
HD9HB0J6E46OCBJ2LO6E6IGJ02HJ61FN0175KIRDLULOJ4KO0MP0,H4JT6PBD7DVTJIDDQDAPA43NQCJAGHD3V7K1CUKHD9Q6GJ3TRNPG,1,3.99,USD,Not Applicable,Not Applicable,Not Applicable,Price Amount,Not Applicable
NFM2TCM2SP285R4ICF7UNJD3GJE39UMMRKTCAPV9SJQOBB9RB4I0,49INGIQ2U9NLTRER26P364I0T3NTEGDFEVLGDM7ML1PP0G233G5G,1,0.0,USD,Not Applicable,Not Applicable,Not Applicable,Price Amount,Not Applicable
NFM2TCM2SP285R4ICF7UNJD3GJE39UMMRKTCAPV9SJQOBB9RB4I0,49INGIQ2U9NLTRER26P364I0T3NTEGDFEVLGDM7ML1PP0G233G5G,1,0.0,USD,Not Applicable,Not Applicable,Not Applicable,Tax,Not Applicable
DGFDBFU9F68EQ2SHG3GCL52N355RS17U9AQGBK11J0ORAJG684CG,FTQGURMNG06IUBBNGMAVQPI74E9BBMRQ2TAPDH4BBPP43MT04PCG,1,1.2,USD,Not Applicable,Not Applicable,Not Applicable,Tax,Not Applicable
DGFDBFU9F68EQ2SHG3GCL52N355RS17U9AQGBK11J0ORAJG684CG,FTQGURMNG06IUBBNGMAVQPI74E9BBMRQ2TAPDH4BBPP43MT04PCG,1,12.99,USD,Not Applicable,Not Applicable,Not Applicable,Price Amount,Not Applicable
PHRO0ULUB363KS0CAT8CHKKJ9VR81TVT0GTJMQCV8G0PFDML2MJ0,QMQB2AI84SJL2T0NCJ6M8807D21EQ1E0TRFVT7IUJC4U59IIAL90,1,3.99,USD,Not Applicable,Not Applicable,Not Applicable,Price Amount,Not Applicable
PHRO0ULUB363KS0CAT8CHKKJ9VR81TVT0GTJMQCV8G0PFDML2MJ0,QMQB2AI84SJL2T0NCJ6M8807D21EQ1E0TRFVT7IUJC4U59IIAL90,1,0.0,USD,Not Applicable,Not Applicable,Not Applicable,Tax,Not Applicable
BDSJO2IR4AVDHTBTAT6FQBD9BDB9VPUR0MDL61UUD3L62LPR3DG0,DG9SB026F0R3IJQ2HOCVQNAJABTV4LS19VOHR9MG5SSVQD8SH89G,1,3.99,USD,Not Applicable,Not Applicable,Not Applicable,Price Amount,Not Applicable
BDSJO2IR4AVDHTBTAT6FQBD9BDB9VPUR0MDL61UUD3L62LPR3DG0,DG9SB026F0R3IJQ2HOCVQNAJABTV4LS19VOHR9MG5SSVQD8SH89G,1,0.0,USD,Not Applicable,Not Applicable,Not Applicable,Tax,Not Applicable
2EP44U2PVK8VRAIN5M4IPQ16IOIGHM8I7AROKCIHIU2LCMN5C99G,B1MTMG9RB0VJ1RN1AL1K5IKUBKS3P5M5IAASEDGAMCNK0K4M0AH0,1,12.99,USD,Not Applicable,Not Applicable,Not Applicable,Price Amount,Not Applicable
2EP44U2PVK8VRAIN5M4IPQ16IOIGHM8I7AROKCIHIU2LCMN5C99G,B1MTMG9RB0VJ1RN1AL1K5IKUBKS3P5M5IAASEDGAMCNK0K4M0AH0,1,1.2,USD,Not Applicable,Not Applicable,Not Applicable,Tax,Not Applicable
SK1KKGCRH7F24LVMRQ1BJ9TO2L4VM8K2QPGAOJ51ONGABQF3MCO0,EETGGN2TCF6VC5LDVUOI4J0TIBH447Q2T6A1BDVL2KHBPQH49NL0,1,3.99,USD,Not Applicable,Not Applicable,Not Applicable,Price Amount,Not Applicable
SK1KKGCRH7F24LVMRQ1BJ9TO2L4VM8K2QPGAOJ51ONGABQF3MCO0,EETGGN2TCF6VC5LDVUOI4J0TIBH447Q2T6A1BDVL2KHBPQH49NL0,1,0.0,USD,Not Applicable,Not Applicable,Not Applicable,Tax,Not Applicable
DE6HCN3RISR9P2R4QEDTV76V5DS5NTAMRC8NOIO1S0393T19CGBG,4F5IS0SD6ODQ9TPHN48BAFDIHVKMEUKH3KQ0M6UFSURU9ORSKEKG,1,12.99,USD,Not Applicable,Not Applicable,Not Applicable,Price Amount,Not Applicable
DE6HCN3RISR9P2R4QEDTV76V5DS5NTAMRC8NOIO1S0393T19CGBG,4F5IS0SD6ODQ9TPHN48BAFDIHVKMEUKH3KQ0M6UFSURU9ORSKEKG,1,1.2,USD,Not Applicable,Not Applicable,Not Applicable,Tax,Not Applicable
H2D9S5PJPV71I2EPMI3KQDNUSOJ2VJST4CFO1QN3J0OVTFQM2VPG,2248H15E1QHGV223SSJFC0UUGFOJB8M7OAE8DG8KLG5C5L4G0RLG,1,35.99,USD,Not Applicable,Not Applicable,Not Applicable,Price Amount,Not Applicable
H2D9S5PJPV71I2EPMI3KQDNUSOJ2VJST4CFO1QN3J0OVTFQM2VPG,2248H15E1QHGV223SSJFC0UUGFOJB8M7OAE8DG8KLG5C5L4G0RLG,1,0.0,USD,Not Applicable,Not Applicable,Not Applicable,Tax,Not Applicable
0KMA1P1F434TPUP8AT8IBGVT29S1DI9R3M7NF00KF3CNLKMH1I90,INVEROEPQ67SB70F71B8BCHD72MBB3FN2I1KAICRQ4TETGRRH410,1,1.2,USD,Not Applicable,Not Applicable,Not Applicable,Tax,Not Applicable
0KMA1P1F434TPUP8AT8IBGVT29S1DI9R3M7NF00KF3CNLKMH1I90,INVEROEPQ67SB70F71B8BCHD72MBB3FN2I1KAICRQ4TETGRRH410,1,12.99,USD,Not Applicable,Not Applicable,Not Applicable,Price Amount,Not Applicable
A1BUPRPK4QB431JATJ0ABNMGEND8H4HI1U8LO034H5GFBSL7ELS0,VGGA0LKM7AA2C4IM9Q02D3MA3KUSQRUKKGGPE6ELVCGN83H6KKP0,1,1.2,USD,Not Applicable,Not Applicable,Not Applicable,Tax,Not Applicable
A1BUPRPK4QB431JATJ0ABNMGEND8H4HI1U8LO034H5GFBSL7ELS0,VGGA0LKM7AA2C4IM9Q02D3MA3KUSQRUKKGGPE6ELVCGN83H6KKP0,1,12.99,USD,Not Applicable,Not Applicable,Not Applicable,Price Amount,Not Applicable
TQL5MLPKEG1MOVUJRTTH8QUC6PBATQ51AKOM0FDG85PJ7LHLO53G,P2M565EIUH29HA1UQP0MJMGR98IITGA92TSI4OPVBI5SPND8S440,1,0.0,USD,Not Applicable,Not Applicable,Not Applicable,Tax,Promotion
TQL5MLPKEG1MOVUJRTTH8QUC6PBATQ51AKOM0FDG85PJ7LHLO53G,P2M565EIUH29HA1UQP0MJMGR98IITGA92TSI4OPVBI5SPND8S440,1,-20.99,USD,Not Applicable,Not Applicable,Not Applicable,Price Amount,Promotion
TQL5MLPKEG1MOVUJRTTH8QUC6PBATQ51AKOM0FDG85PJ7LHLO53G,P2M565EIUH29HA1UQP0MJMGR98IITGA92TSI4OPVBI5SPND8S440,1,0.0,USD,Not Applicable,Not Applicable,Not Applicable,Tax,Not Applicable
TQL5MLPKEG1MOVUJRTTH8QUC6PBATQ51AKOM0FDG85PJ7LHLO53G,P2M565EIUH29HA1UQP0MJMGR98IITGA92TSI4OPVBI5SPND8S440,1,20.99,USD,Not Applicable,Not Applicable,Not Applicable,Price Amount,Not Applicable
Q01BL51863DKETHI1H6LSI11V27OOPTUU08PR2H601FV7F61NIEG,0GPQSG6EU73K84J0HVD3UCHG6VLJTDOTKMRJPC0594VFRJ23JNP0,1,14.99,USD,Not Applicable,Not Applicable,Not Applicable,Price Amount,Not Applicable
Q01BL51863DKETHI1H6LSI11V27OOPTUU08PR2H601FV7F61NIEG,0GPQSG6EU73K84J0HVD3UCHG6VLJTDOTKMRJPC0594VFRJ23JNP0,1,1.39,USD,Not Applicable,Not Applicable,Not Applicable,Tax,Not Applicable
T3JQUGJ0PAOJ536NCTGA7PNIQI0HEL82DJ1HVCIRTFMNCTPNU8B0,114K40HQ7IGLMLUL0PP03R9D5HGOBI4BQK9K1QPOMP9OKBF7KFS0,1,1.2,USD,Not Applicable,Not Applicable,Not Applicable,Tax,Not Applicable
T3JQUGJ0PAOJ536NCTGA7PNIQI0HEL82DJ1HVCIRTFMNCTPNU8B0,114K40HQ7IGLMLUL0PP03R9D5HGOBI4BQK9K1QPOMP9OKBF7KFS0,1,12.99,USD,Not Applicable,Not Applicable,Not Applicable,Price Amount,Not Applicable
S3ET4KVSJCFIHKJRN4PPTM3K9DVCTCHNGQH5L0O8FL9CCHFMLM70,B9BEUO6HV6L47PKEBHBHLNEF00NOIL5ICGGU3QR60RTFCN0J2770,1,1.39,USD,Not Applicable,Not Applicable,Not Applicable,Tax,Not Applicable
S3ET4KVSJCFIHKJRN4PPTM3K9DVCTCHNGQH5L0O8FL9CCHFMLM70,B9BEUO6HV6L47PKEBHBHLNEF00NOIL5ICGGU3QR60RTFCN0J2770,1,14.99,USD,Not Applicable,Not Applicable,Not Applicable,Price Amount,Not Applicable
H9LAML18C461D31VJ867UL8B5UKOJ4VFO66A1MS6B2EV5LKF5IG0,KI811KF4FLHBRAJAK2TC02J83EF8NDIDAM4CE8PH8IKQP9JNH7RG,1,1.2,USD,Not Applicable,Not Applicable,Not Applicable,Tax,Not Applicable
H9LAML18C461D31VJ867UL8B5UKOJ4VFO66A1MS6B2EV5LKF5IG0,KI811KF4FLHBRAJAK2TC02J83EF8NDIDAM4CE8PH8IKQP9JNH7RG,1,12.99,USD,Not Applicable,Not Applicable,Not Applicable,Price Amount,Not Applicable
7KOHBPQEKUMAGG8LE8TM7E285IP6A7VFJ2PENTSDT33TPKNVO43G,UL0O7SE7PPRQB0IRMJ9E4HOV9NBTF6UAJVTA420GFG70Q1TRNBU0,1,0.0,USD,Not Applicable,Not Applicable,Not Applicable,Tax,Not Applicable
7KOHBPQEKUMAGG8LE8TM7E285IP6A7VFJ2PENTSDT33TPKNVO43G,UL0O7SE7PPRQB0IRMJ9E4HOV9NBTF6UAJVTA420GFG70Q1TRNBU0,1,0.0,USD,Not Applicable,Not Applicable,Not Applicable,Price Amount,Not Applicable
5BIBCR4J6K6O30K4P6PQE4L8DAVKJDVJDPQCSJMSL44HMASN36MG,50QTA72UKLKES8IG68POEK2HC0TQI3E2SIO98B8SK2KF8PP88V00,1,1.2,USD,Not Applicable,Not Applicable,Not Applicable,Tax,Not Applicable
5BIBCR4J6K6O30K4P6PQE4L8DAVKJDVJDPQCSJMSL44HMASN36MG,50QTA72UKLKES8IG68POEK2HC0TQI3E2SIO98B8SK2KF8PP88V00,1,12.99,USD,Not Applicable,Not Applicable,Not Applicable,Price Amount,Not Applicable
J51KLAJ3UTR75HCD763PF1B2ORB7UNC9P25MQTSD1MAN8KBE7QV0,35NMR3FP3MUHBC3I3QCK3HCVUAIM8OON3MNANISD8ELG2PFAH1QG,1,12.99,USD,Not Applicable,Not Applicable,Not Applicable,Price Amount,Not Applicable
J51KLAJ3UTR75HCD763PF1B2ORB7UNC9P25MQTSD1MAN8KBE7QV0,35NMR3FP3MUHBC3I3QCK3HCVUAIM8OON3MNANISD8ELG2PFAH1QG,1,1.2,USD,Not Applicable,Not Applicable,Not Applicable,Tax,Not Applicable
NDNN9U0SIUFED8BI5OV47VGU94S5PPRQEOG9236R5E39OST9TCU0,6B0P515JTA6HM30C580VBJ3T8HNUDOHLI341SBA91069RM722HN0,1,1.2,USD,Not Applicable,Not Applicable,Not Applicable,Tax,Not Applicable
NDNN9U0SIUFED8BI5OV47VGU94S5PPRQEOG9236R5E39OST9TCU0,6B0P515JTA6HM30C580VBJ3T8HNUDOHLI341SBA91069RM722HN0,1,12.99,USD,Not Applicable,Not Applicable,Not Applicable,Price Amount,Not Applicable
42U8DR53CCPK58TMNF9UGRMUPIQUK3MKHN1QEO848GFFUU5D5KJG,BML10UPAU4LRIIM6SI2NP485J8DD2TRR4BM92E67C5H0DDCDB98G,1,1.2,USD,Not Applicable,Not Applicable,Not Applicable,Tax,Not Applicable
42U8DR53CCPK58TMNF9UGRMUPIQUK3MKHN1QEO848GFFUU5D5KJG,BML10UPAU4LRIIM6SI2NP485J8DD2TRR4BM92E67C5H0DDCDB98G,1,12.99,USD,Not Applicable,Not Applicable,Not Applicable,Price Amount,Not Applicable
9EFD63JKJC8ACRFNN6JKU5I6GLMES8BFVKL1RBEB6RL3D19GVR70,MUGS08P1H5FICPQQV78TMONIVS02RGAJNIQ9B3KPL4S13MD1T5EG,1,12.99,USD,Not Applicable,Not Applicable,Not Applicable,Price Amount,Not Applicable
9EFD63JKJC8ACRFNN6JKU5I6GLMES8BFVKL1RBEB6RL3D19GVR70,MUGS08P1H5FICPQQV78TMONIVS02RGAJNIQ9B3KPL4S13MD1T5EG,1,1.2,USD,Not Applicable,Not Applicable,Not Applicable,Tax,Not Applicable
ODP2VV8FKD64KHLHUSTQ5VITSTT2HL1DO3SVQP19HGSC7AQ1VI6G,P9K0QN6ISTR9296FV713487TH0OLDJHF4994ABQ602QU9FES55AG,1,12.99,USD,Not Applicable,Not Applicable,Not Applicable,Price Amount,Not Applicable
ODP2VV8FKD64KHLHUSTQ5VITSTT2HL1DO3SVQP19HGSC7AQ1VI6G,P9K0QN6ISTR9296FV713487TH0OLDJHF4994ABQ602QU9FES55AG,1,1.2,USD,Not Applicable,Not Applicable,Not Applicable,Tax,Not Applicable
7DR81IA8CKGOE0MDHPBK2OGRFVIQGUPC3NLMCJNS1NJN5S3S2A00,BB6AB3TPV2P4B6UDJ5F718ORQM1ADI44KB906E89E4QLDBPBACLG,1,1.2,USD,Not Applicable,Not Applicable,Not Applicable,Tax,Not Applicable
7DR81IA8CKGOE0MDHPBK2OGRFVIQGUPC3NLMCJNS1NJN5S3S2A00,BB6AB3TPV2P4B6UDJ5F718ORQM1ADI44KB906E89E4QLDBPBACLG,1,12.99,USD,Not Applicable,Not Applicable,Not Applicable,Price Amount,Not Applicable
GESBJJTPR0VTOIDPCNGFFGVF0AHMOHH9GPV15MILJ493EEE5J1FG,LMITAKGD7INRCVG39LE30IBVQCD7DKLOQ26RK6IDVPEA82DEDAA0,1,0.0,USD,Not Applicable,Not Applicable,Not Applicable,Tax,Not Applicable
GESBJJTPR0VTOIDPCNGFFGVF0AHMOHH9GPV15MILJ493EEE5J1FG,LMITAKGD7INRCVG39LE30IBVQCD7DKLOQ26RK6IDVPEA82DEDAA0,1,29.71,USD,Not Applicable,Not Applicable,Not Applicable,Price Amount,Not Applicable
Q316FGO6GVTOKU5DT5JPOLSJB93UJ67L5I1BR92S78113AM7OUNG,JRBFT2ER6Q2RURRHLH74R6J0HRT1S4E4N0F06UQ80RJHCVA0O0B0,1,12.99,USD,Not Applicable,Not Applicable,Not Applicable,Price Amount,Not Applicable
Q316FGO6GVTOKU5DT5JPOLSJB93UJ67L5I1BR92S78113AM7OUNG,JRBFT2ER6Q2RURRHLH74R6J0HRT1S4E4N0F06UQ80RJHCVA0O0B0,1,1.2,USD,Not Applicable,Not Applicable,Not Applicable,Tax,Not Applicable
CE5LRAGKDRJVMUARAGKVLOVVMBDDMPARLARU1V41P7U1270FARLG,E9JBMKVAOE77CRUG1OA3KNO6MDELPROA8KBI5VHMP1FIT2I5GIDG,1,0.0,USD,Not Applicable,Not Applicable,Not Applicable,Price Amount,Not Applicable
CE5LRAGKDRJVMUARAGKVLOVVMBDDMPARLARU1V41P7U1270FARLG,E9JBMKVAOE77CRUG1OA3KNO6MDELPROA8KBI5VHMP1FIT2I5GIDG,1,0.0,USD,Not Applicable,Not Applicable,Not Applicable,Tax,Not Applicable
REOOQ1UFQ9II9EF2AIOQ394AFI7TFP9EA1PFBJQCG191QII1AC3G,IITNVC14Q0VHRQ4J557AFSKPRC89OEGDC4027VCI2U61DV47N5M0,1,1.2,USD,Not Applicable,Not Applicable,Not Applicable,Tax,Not Applicable
REOOQ1UFQ9II9EF2AIOQ394AFI7TFP9EA1PFBJQCG191QII1AC3G,IITNVC14Q0VHRQ4J557AFSKPRC89OEGDC4027VCI2U61DV47N5M0,1,12.99,USD,Not Applicable,Not Applicable,Not Applicable,Price Amount,Not Applicable
L8R0KQQAKNN6S9EDSV65L040VSN00PI2C0VRUBK4RR5RH4B49KOG,DDACQP4M1BSD2P1I0KUBMDGCSNSFTE8H6VTOIU1S0APH4OFGQNM0,1,0.0,USD,Not Applicable,Not Applicable,Not Applicable,Price Amount,Not Applicable
L8R0KQQAKNN6S9EDSV65L040VSN00PI2C0VRUBK4RR5RH4B49KOG,DDACQP4M1BSD2P1I0KUBMDGCSNSFTE8H6VTOIU1S0APH4OFGQNM0,1,0.0,USD,Not Applicable,Not Applicable,Not Applicable,Tax,Not Applicable
9MBUCPFCDQ60PR0ILROE62O4RF0JP4QVT9T01TSQU3KRF4AT9A20,FK5VUUF0IUJ26FVEIPLDQG6Q25FIM6FJJK97LKK7ECVDON7VSMS0,1,0.0,USD,Not Applicable,Not Applicable,Not Applicable,Tax,Not Applicable
9MBUCPFCDQ60PR0ILROE62O4RF0JP4QVT9T01TSQU3KRF4AT9A20,FK5VUUF0IUJ26FVEIPLDQG6Q25FIM6FJJK97LKK7ECVDON7VSMS0,1,0.0,USD,Not Applicable,Not Applicable,Not Applicable,Price Amount,Not Applicable
58OBPCT860UR3N3NSQGHJT81JROANQIDIQ29D26LGDC3AJNC1SO0,DG6R5A89QM9BVU3PJQFD9CG7LEQ8RDVT2PIBOB9OP4SSOLOS0LB0,1,0.0,USD,Not Applicable,Not Applicable,Not Applicable,Tax,Not Applicable
58OBPCT860UR3N3NSQGHJT81JROANQIDIQ29D26LGDC3AJNC1SO0,DG6R5A89QM9BVU3PJQFD9CG7LEQ8RDVT2PIBOB9OP4SSOLOS0LB0,1,0.0,USD,Not Applicable,Not Applicable,Not Applicable,Price Amount,Not Applicable
ORQD98L30M4NAORAKMVJ3J9U4MTNUR9UHL5Q1JHVGA2HOA728HP0,JD1AKB7C7P8JPM9P9303D4SJU124F2H9PIUJ8FGRQ3FDES5MD3L0,1,0.0,USD,Not Applicable,Not Applicable,Not Applicable,Price Amount,Not Applicable
ORQD98L30M4NAORAKMVJ3J9U4MTNUR9UHL5Q1JHVGA2HOA728HP0,JD1AKB7C7P8JPM9P9303D4SJU124F2H9PIUJ8FGRQ3FDES5MD3L0,1,0.0,USD,Not Applicable,Not Applicable,Not Applicable,Tax,Not Applicable
UK99ICB6UA963UNCCP99J2OIK34KEI6TLJEIC51U6F40BPN3OI6G,TLIHIG3ORGUV0U9V4261ESHLI4LINNHT0Q6EQG1U23ISCMABSLKG,1,0.0,USD,Not Applicable,Not Applicable,Not Applicable,Price Amount,Not Applicable
UK99ICB6UA963UNCCP99J2OIK34KEI6TLJEIC51U6F40BPN3OI6G,TLIHIG3ORGUV0U9V4261ESHLI4LINNHT0Q6EQG1U23ISCMABSLKG,1,0.0,USD,Not Applicable,Not Applicable,Not Applicable,Tax,Not Applicable
2LA77GEFDBBJEV303NRLL67J4L0DTRUVIFHGTGT8TOFGG80811SG,VKALJR41PEBT52272FRFHVSSI3QB86DEN1TM0D4K4JJP3A4G64IG,1,0.0,USD,Not Applicable,Not Applicable,Not Applicable,Price Amount,Not Applicable
2LA77GEFDBBJEV303NRLL67J4L0DTRUVIFHGTGT8TOFGG80811SG,VKALJR41PEBT52272FRFHVSSI3QB86DEN1TM0D4K4JJP3A4G64IG,1,0.0,USD,Not Applicable,Not Applicable,Not Applicable,Tax,Not Applicable
CDILD90OSQJERPFUPMQ9VH19IAKKMA82THHHA181NQEC8LH7QFUG,MUKA2KJA6CORC6NRC2BBR4A5AKR2T3LN1JHOLBMOA8EISSOIRID0,1,0.0,USD,Not Applicable,Not Applicable,Not Applicable,Price Amount,Not Applicable
CDILD90OSQJERPFUPMQ9VH19IAKKMA82THHHA181NQEC8LH7QFUG,MUKA2KJA6CORC6NRC2BBR4A5AKR2T3LN1JHOLBMOA8EISSOIRID0,1,0.0,USD,Not Applicable,Not Applicable,Not Applicable,Tax,Not Applicable
5610JLOA5Q6HNDDIAD2RAD9HK7EH4B1SMM81S4QBBJ2KI17LA8KG,BA81O1ENTDN0S62VK4E7K1OK63DMT9V93URJGSUICTUTAN8RBJVG,1,0.0,USD,Not Applicable,Not Applicable,Not Applicable,Price Amount,Not Applicable
5610JLOA5Q6HNDDIAD2RAD9HK7EH4B1SMM81S4QBBJ2KI17LA8KG,BA81O1ENTDN0S62VK4E7K1OK63DMT9V93URJGSUICTUTAN8RBJVG,1,0.0,USD,Not Applicable,Not Applicable,Not Applicable,Tax,Not Applicable
MBD05S2FJP51O7H61LFM86I1SRMOTBTJT925H22QHMMHTR3JH4BG,L385LIRS6DS7OGMF7U91TGHUUQSGPJ456OPS8BE96PTK5PGDLFM0,1,0.0,USD,Not Applicable,Not Applicable,Not Applicable,Price Amount,Not Applicable
MBD05S2FJP51O7H61LFM86I1SRMOTBTJT925H22QHMMHTR3JH4BG,L385LIRS6DS7OGMF7U91TGHUUQSGPJ456OPS8BE96PTK5PGDLFM0,1,0.0,USD,Not Applicable,Not Applicable,Not Applicable,Tax,Not Applicable
66IDAFM1IOSM13K4NA0PC8EOJF55EH9N04KPRUFGGQNTMJF55NUG,T5GRC1UTD2L43T22JQCNNG1BOVBJQMI58EDQNU9SH0CBJU68J2F0,1,0.0,USD,Not Applicable,Not Applicable,Not Applicable,Tax,Not Applicable
66IDAFM1IOSM13K4NA0PC8EOJF55EH9N04KPRUFGGQNTMJF55NUG,T5GRC1UTD2L43T22JQCNNG1BOVBJQMI58EDQNU9SH0CBJU68J2F0,1,0.0,USD,Not Applicable,Not Applicable,Not Applicable,Price Amount,Not Applicable
GRRHR6M956KJQRRGJR957QKS7UI4V7VVKQJIGDESKC43SS3E2C50,DL9JTLEBK4HPS85DB6Q7APISEVB9MOU62GTM6THNQ466H029PJM0,1,1.2,USD,Not Applicable,Not Applicable,Not Applicable,Tax,Not Applicable
GRRHR6M956KJQRRGJR957QKS7UI4V7VVKQJIGDESKC43SS3E2C50,DL9JTLEBK4HPS85DB6Q7APISEVB9MOU62GTM6THNQ466H029PJM0,1,12.99,USD,Not Applicable,Not Applicable,Not Applicable,Price Amount,Not Applicable
6K4EH7R89CG30OI557JOGFAORH3EHBP0MEQSDJTEVJB8VT88QLRG,2NCRP8ADRQGJTHJE88FSUO2C91LL6VST6R8FDNQ4RFOV36LA3U80,1,12.99,USD,Not Applicable,Not Applicable,Not Applicable,Price Amount,Not Applicable
6K4EH7R89CG30OI557JOGFAORH3EHBP0MEQSDJTEVJB8VT88QLRG,2NCRP8ADRQGJTHJE88FSUO2C91LL6VST6R8FDNQ4RFOV36LA3U80,1,1.2,USD,Not Applicable,Not Applicable,Not Applicable,Tax,Not Applicable
3QOAVT5KPU7EK55982FGLB3SVJ4U7LO30VVDH9C00DO8PSSN7UV0,T7FSQO2CDMIG7LGGOJFVFFGVIP9MC49TDNAKFH306D8P7Q0D0BG0,1,0.0,USD,Not Applicable,Not Applicable,Not Applicable,Tax,Not Applicable
3QOAVT5KPU7EK55982FGLB3SVJ4U7LO30VVDH9C00DO8PSSN7UV0,T7FSQO2CDMIG7LGGOJFVFFGVIP9MC49TDNAKFH306D8P7Q0D0BG0,1,3.99,USD,Not Applicable,Not Applicable,Not Applicable,Price Amount,Not Applicable
G3BFLH32FL2FHMND8HRGO1KKG2T7RC5K290P4DLPKEPIQBDGLGMG,VU3U3RSGH2J9QPG0DAMC006MEQD4DE9MMUBTNQUS5SMI8MOD00O0,1,1.2,USD,Not Applicable,Not Applicable,Not Applicable,Tax,Not Applicable
G3BFLH32FL2FHMND8HRGO1KKG2T7RC5K290P4DLPKEPIQBDGLGMG,VU3U3RSGH2J9QPG0DAMC006MEQD4DE9MMUBTNQUS5SMI8MOD00O0,1,12.99,USD,Not Applicable,Not Applicable,Not Applicable,Price Amount,Not Applicable
E1DS6PDOPB3VGN1IL4O59Q2GPBD4CPU5O8GO6HK0K8IK1L1NJKCG,CGNE1DSDQSE8PQLSNRDGA7JNK48UKD2N6GFP4MKT30GM1MEJ2SHG,1,0.0,USD,Not Applicable,Not Applicable,Not Applicable,Tax,Not Applicable
E1DS6PDOPB3VGN1IL4O59Q2GPBD4CPU5O8GO6HK0K8IK1L1NJKCG,CGNE1DSDQSE8PQLSNRDGA7JNK48UKD2N6GFP4MKT30GM1MEJ2SHG,1,0.0,USD,Not Applicable,Not Applicable,Not Applicable,Price Amount,Not Applicable
QN921HFM54QJK9GNRSIQN282U5JNCN6R643PBH52H0Q5BA1K544G,EOIH2F9NMQ8A5AELQUFL78S3TMTOM7GL05F1L5EQEM10SN6GPFK0,1,0.0,USD,Not Applicable,Not Applicable,Not Applicable,Tax,Not Applicable
QN921HFM54QJK9GNRSIQN282U5JNCN6R643PBH52H0Q5BA1K544G,EOIH2F9NMQ8A5AELQUFL78S3TMTOM7GL05F1L5EQEM10SN6GPFK0,1,0.0,USD,Not Applicable,Not Applicable,Not Applicable,Price Amount,Not Applicable
BNB3TAJK880STFNO7VCPCS73505Q34KE3IL7B06GT9MG6MK1T8HG,CN2C3KULLN0N34B0TG91Q6IODF2ABAV5S0FG9HTRMQDG8NS91GA0,1,0.0,USD,Not Applicable,Not Applicable,Not Applicable,Tax,Not Applicable
BNB3TAJK880STFNO7VCPCS73505Q34KE3IL7B06GT9MG6MK1T8HG,CN2C3KULLN0N34B0TG91Q6IODF2ABAV5S0FG9HTRMQDG8NS91GA0,1,0.0,USD,Not Applicable,Not Applicable,Not Applicable,Price Amount,Not Applicable
DL5KIFOGT12PG1FD3B9VFCKC5GJ804U8JKKDIDR4M9IGEJISK7QG,9HB9BIHAPIHUKMUQSFRS8HC6QB6ET5FOKTOVG5UK3628MGJR9K9G,1,0.0,USD,Not Applicable,Not Applicable,Not Applicable,Tax,Not Applicable
DL5KIFOGT12PG1FD3B9VFCKC5GJ804U8JKKDIDR4M9IGEJISK7QG,9HB9BIHAPIHUKMUQSFRS8HC6QB6ET5FOKTOVG5UK3628MGJR9K9G,1,0.0,USD,Not Applicable,Not Applicable,Not Applicable,Price Amount,Not Applicable
HBCB2TSR0D9PU4PM7L2A5FP6RCTQQE9778GVB80PL62U9Q00JAQ0,V35PT6Q98EIJOD9PGLN8GNCFDLEKDGO6L46PA26ES560NDQ8S060,1,23.59,USD,Not Applicable,Not Applicable,Not Applicable,Price Amount,Not Applicable
HBCB2TSR0D9PU4PM7L2A5FP6RCTQQE9778GVB80PL62U9Q00JAQ0,V35PT6Q98EIJOD9PGLN8GNCFDLEKDGO6L46PA26ES560NDQ8S060,1,0.0,USD,Not Applicable,Not Applicable,Not Applicable,Tax,Not Applicable
KUVLMPHHCHPG43M45C8R59D6KVJ8KM2EHD0PG6HKF7MKLHAQ6V00,B0CDGHO379CU4ODC8GVDOQA5VKUH0CRMOVF7RSAA5H85JC0QAM8G,1,0.0,USD,Not Applicable,Not Applicable,Not Applicable,Tax,Not Applicable
KUVLMPHHCHPG43M45C8R59D6KVJ8KM2EHD0PG6HKF7MKLHAQ6V00,B0CDGHO379CU4ODC8GVDOQA5VKUH0CRMOVF7RSAA5H85JC0QAM8G,1,3.99,USD,Not Applicable,Not Applicable,Not Applicable,Price Amount,Not Applicable
C7ESTK0515G6V5AJV4RLFGDTF798F7N7LFHVFML3TB5QJ7DQ7VQG,PHH1H57EBTTPTDP0IAOPPTFCF0A0FJ96CD0OEVEPL812N3VG5I90,1,1.2,USD,Not Applicable,Not Applicable,Not Applicable,Tax,Not Applicable
C7ESTK0515G6V5AJV4RLFGDTF798F7N7LFHVFML3TB5QJ7DQ7VQG,PHH1H57EBTTPTDP0IAOPPTFCF0A0FJ96CD0OEVEPL812N3VG5I90,1,12.99,USD,Not Applicable,Not Applicable,Not Applicable,Price Amount,Not Applicable
UTC271C9UG3LLNHBJAQN46869OV2G5P3CB14F309FBL18JKIR360,1U5SKSMGQGUJFCN36OP0E028VM9EB1EB2LI7DHN53AIDFR8BKGEG,1,1.2,USD,Not Applicable,Not Applicable,Not Applicable,Tax,Not Applicable
UTC271C9UG3LLNHBJAQN46869OV2G5P3CB14F309FBL18JKIR360,1U5SKSMGQGUJFCN36OP0E028VM9EB1EB2LI7DHN53AIDFR8BKGEG,1,12.99,USD,Not Applicable,Not Applicable,Not Applicable,Price Amount,Not Applicable
CCSJU9J69THJIP9URDRB8AUAM3VFVGRFSL5RJ1A9I2E848084A9G,8IOI7PFUHQAB58714267968JMMA4OCPQK8DPSMCL25DD9O6F3G1G,1,12.99,USD,Not Applicable,Not Applicable,Not Applicable,Price Amount,Not Applicable
CCSJU9J69THJIP9URDRB8AUAM3VFVGRFSL5RJ1A9I2E848084A9G,8IOI7PFUHQAB58714267968JMMA4OCPQK8DPSMCL25DD9O6F3G1G,1,1.2,USD,Not Applicable,Not Applicable,Not Applicable,Tax,Not Applicable
TKLQGL6F9IGCKP3GTNBND6QOP1ORST7B1L72O6U3PBSG38CTI5PG,044DHAQ1A5CK7Q6KUBIK958LKDQE531O4LUONOKGL4MDMRSOTLTG,1,1.2,USD,Not Applicable,Not Applicable,Not Applicable,Tax,Not Applicable
TKLQGL6F9IGCKP3GTNBND6QOP1ORST7B1L72O6U3PBSG38CTI5PG,044DHAQ1A5CK7Q6KUBIK958LKDQE531O4LUONOKGL4MDMRSOTLTG,1,12.99,USD,Not Applicable,Not Applicable,Not Applicable,Price Amount,Not Applicable
UF2R84D1IM27VMP8SF6K745GQ8DV3NF189H9ME178O0CSEH4B60G,H189LADASHI53BNFAFUJ208LQBHM1SKOS70RJFC0J7QSPR2FLEEG,1,6.99,USD,Not Applicable,Not Applicable,Not Applicable,Price Amount,Not Applicable
UF2R84D1IM27VMP8SF6K745GQ8DV3NF189H9ME178O0CSEH4B60G,H189LADASHI53BNFAFUJ208LQBHM1SKOS70RJFC0J7QSPR2FLEEG,1,0.0,USD,Not Applicable,Not Applicable,Not Applicable,Tax,Not Applicable
2768ML1QUUOTH5EGQIE2J1MT5U53GUJ5LNJKCNQP4NSN63M59NTG,N4D95V5J2588Q6986APAR5E7MBOLDKJF6VGQC8NFKEL4C51FMLI0,1,1.2,USD,Not Applicable,Not Applicable,Not Applicable,Tax,Not Applicable
2768ML1QUUOTH5EGQIE2J1MT5U53GUJ5LNJKCNQP4NSN63M59NTG,N4D95V5J2588Q6986APAR5E7MBOLDKJF6VGQC8NFKEL4C51FMLI0,1,12.99,USD,Not Applicable,Not Applicable,Not Applicable,Price Amount,Not Applicable
GBH3BT8A80LV7RBOEGIK5JK99AO5SEEEIB4RCGHU3S7FC535KGN0,MJ0I87MRCUHDGB1U4U9JSUTP4N4JDUE1AVGPFMFCR8D9B45575QG,1,12.99,USD,Not Applicable,Not Applicable,Not Applicable,Price Amount,Not Applicable
GBH3BT8A80LV7RBOEGIK5JK99AO5SEEEIB4RCGHU3S7FC535KGN0,MJ0I87MRCUHDGB1U4U9JSUTP4N4JDUE1AVGPFMFCR8D9B45575QG,1,1.2,USD,Not Applicable,Not Applicable,Not Applicable,Tax,Not Applicable
AD8H5AV9J3RCMDKLTHLEO0IH2D76ECUGG6BBO9MHVTQNRFEV4M80,HKDPUAR6KGJGI1PTLKN70KJ240LD5P6UP33FCGI5TIMT7RJFF7EG,1,34.93,USD,Not Applicable,Not Applicable,Not Applicable,Price Amount,Not Applicable
AD8H5AV9J3RCMDKLTHLEO0IH2D76ECUGG6BBO9MHVTQNRFEV4M80,HKDPUAR6KGJGI1PTLKN70KJ240LD5P6UP33FCGI5TIMT7RJFF7EG,1,0.0,USD,Not Applicable,Not Applicable,Not Applicable,Tax,Not Applicable
5JLIO2NRBJE6SN6F1U0QL1QIAKB7743044KVD7B17K2UR8JD245G,1JD9QMQDPTHAC1UDFUP5JTA9JTGEA2TJINE8B032AAL6T12S7E8G,1,0.0,USD,Not Applicable,Not Applicable,Not Applicable,Price Amount,Promotion
5JLIO2NRBJE6SN6F1U0QL1QIAKB7743044KVD7B17K2UR8JD245G,1JD9QMQDPTHAC1UDFUP5JTA9JTGEA2TJINE8B032AAL6T12S7E8G,1,3.99,USD,Not Applicable,Not Applicable,Not Applicable,Price Amount,Not Applicable
5JLIO2NRBJE6SN6F1U0QL1QIAKB7743044KVD7B17K2UR8JD245G,1JD9QMQDPTHAC1UDFUP5JTA9JTGEA2TJINE8B032AAL6T12S7E8G,1,0.0,USD,Not Applicable,Not Applicable,Not Applicable,Tax,Not Applicable
5JLIO2NRBJE6SN6F1U0QL1QIAKB7743044KVD7B17K2UR8JD245G,1JD9QMQDPTHAC1UDFUP5JTA9JTGEA2TJINE8B032AAL6T12S7E8G,1,0.0,USD,Not Applicable,Not Applicable,Not Applicable,Price Amount,Promotion
61UD1R0N5N87SS6LCKTI57FT9HHS6GLJ2GPMV8PAMTKL2S4F4D90,2T08T8438O2PIA88U23NPAHP9TVMV5L2M8C5PVQRRAJOF2QIH4AG,1,0.0,USD,Not Applicable,Not Applicable,Not Applicable,Tax,Not Applicable
61UD1R0N5N87SS6LCKTI57FT9HHS6GLJ2GPMV8PAMTKL2S4F4D90,2T08T8438O2PIA88U23NPAHP9TVMV5L2M8C5PVQRRAJOF2QIH4AG,1,0.0,USD,Not Applicable,Not Applicable,Not Applicable,Price Amount,Not Applicable
RMFMBARUD6O25O7EQF4HPU5A364BGSNP11QA71J5SFRS0ADV5TV0,DOV2KSE06L68L51MNJDMUF5CP17OO59AOEIU94O06SLDVNJSN860,1,0.0,USD,Not Applicable,Not Applicable,Not Applicable,Tax,Not Applicable
RMFMBARUD6O25O7EQF4HPU5A364BGSNP11QA71J5SFRS0ADV5TV0,DOV2KSE06L68L51MNJDMUF5CP17OO59AOEIU94O06SLDVNJSN860,1,0.0,USD,Not Applicable,Not Applicable,Not Applicable,Price Amount,Not Applicable
9JO3FNFVV6L9D7TLSKM971N62HCPV9QPHJN10CKEM2AIUFQF21J0,CEB7CC1IGV3U76O3JQ510BGSODG02KCVR256ID0KO7MIBD3KU9J0,1,0.0,USD,Not Applicable,Not Applicable,Not Applicable,Tax,Not Applicable
9JO3FNFVV6L9D7TLSKM971N62HCPV9QPHJN10CKEM2AIUFQF21J0,CEB7CC1IGV3U76O3JQ510BGSODG02KCVR256ID0KO7MIBD3KU9J0,1,0.0,USD,Not Applicable,Not Applicable,Not Applicable,Price Amount,Not Applicable
RB2ID8TMMPSSAV4JT1I9PL5B17GF8IP8KR36LE58ATFRL296G3EG,DROCLNR40H1C4SG4C5E1NP36DMGHRRSR67C11KBMB7GDD1THUSPG,1,0.0,USD,Not Applicable,Not Applicable,Not Applicable,Price Amount,Not Applicable
RB2ID8TMMPSSAV4JT1I9PL5B17GF8IP8KR36LE58ATFRL296G3EG,DROCLNR40H1C4SG4C5E1NP36DMGHRRSR67C11KBMB7GDD1THUSPG,1,0.0,USD,Not Applicable,Not Applicable,Not Applicable,Tax,Not Applicable
S1RK0NFRAGVFJ0P8RLKVPMIC56G6E8URJNNOA7VKS4HKHIT2EK0G,5OAB36FPE4U4O750BK1I4RRC48DIG841CQ8A12SE4TJ58JVNOIFG,1,0.0,USD,Not Applicable,Not Applicable,Not Applicable,Tax,Not Applicable
S1RK0NFRAGVFJ0P8RLKVPMIC56G6E8URJNNOA7VKS4HKHIT2EK0G,5OAB36FPE4U4O750BK1I4RRC48DIG841CQ8A12SE4TJ58JVNOIFG,1,0.0,USD,Not Applicable,Not Applicable,Not Applicable,Price Amount,Not Applicable
U4JDRT8U6AHOOB6AMIRL1UAO8E0SNKU7IR7CG4QKOLLIPAIPCSM0,CVUTFLFBGHT0LUUNF7L9NLS4UK5CN3RDQ3A0ODOLEV5IR117DFK0,1,0.0,USD,Not Applicable,Not Applicable,Not Applicable,Tax,Not Applicable
U4JDRT8U6AHOOB6AMIRL1UAO8E0SNKU7IR7CG4QKOLLIPAIPCSM0,CVUTFLFBGHT0LUUNF7L9NLS4UK5CN3RDQ3A0ODOLEV5IR117DFK0,1,0.0,USD,Not Applicable,Not Applicable,Not Applicable,Price Amount,Not Applicable
LQI5E4C3TRQONBCBGTSB9J6D5C4E58EV8AFHJP7L1DG1O9KQTUTG,H6DDRLS0LEQRJUHM67PLME3KJ86FUGI9OJB139JEAHVRVDE53B2G,1,0.0,USD,Not Applicable,Not Applicable,Not Applicable,Tax,Not Applicable
LQI5E4C3TRQONBCBGTSB9J6D5C4E58EV8AFHJP7L1DG1O9KQTUTG,H6DDRLS0LEQRJUHM67PLME3KJ86FUGI9OJB139JEAHVRVDE53B2G,1,0.0,USD,Not Applicable,Not Applicable,Not Applicable,Price Amount,Promotion
LQI5E4C3TRQONBCBGTSB9J6D5C4E58EV8AFHJP7L1DG1O9KQTUTG,H6DDRLS0LEQRJUHM67PLME3KJ86FUGI9OJB139JEAHVRVDE53B2G,1,0.0,USD,Not Applicable,Not Applicable,Not Applicable,Price Amount,Not Applicable
K5QOR4577IDROGNFOEQO1E90IOAMGR2S85HCH6US81TFJMU9F1E0,NMNSBTMH77EIP5MVS9UAF35PML4HARUIEFD881QMSDUTDT0PU7VG,1,0.0,USD,Not Applicable,Not Applicable,Not Applicable,Price Amount,Promotion
K5QOR4577IDROGNFOEQO1E90IOAMGR2S85HCH6US81TFJMU9F1E0,NMNSBTMH77EIP5MVS9UAF35PML4HARUIEFD881QMSDUTDT0PU7VG,1,0.0,USD,Not Applicable,Not Applicable,Not Applicable,Tax,Not Applicable
K5QOR4577IDROGNFOEQO1E90IOAMGR2S85HCH6US81TFJMU9F1E0,NMNSBTMH77EIP5MVS9UAF35PML4HARUIEFD881QMSDUTDT0PU7VG,1,0.0,USD,Not Applicable,Not Applicable,Not Applicable,Price Amount,Not Applicable
6992J1PULFBFM16K6DLEO66SSQ8OQ63SA0Q7MKIIN0P66OMFP670,BMAG8P6NBN6TEEIV30VBRBVNACD8KDV7UTNJP9EL3OM695SQECFG,1,0.0,USD,Not Applicable,Not Applicable,Not Applicable,Tax,Not Applicable
6992J1PULFBFM16K6DLEO66SSQ8OQ63SA0Q7MKIIN0P66OMFP670,BMAG8P6NBN6TEEIV30VBRBVNACD8KDV7UTNJP9EL3OM695SQECFG,1,0.0,USD,Not Applicable,Not Applicable,Not Applicable,Price Amount,Not Applicable
6992J1PULFBFM16K6DLEO66SSQ8OQ63SA0Q7MKIIN0P66OMFP670,BMAG8P6NBN6TEEIV30VBRBVNACD8KDV7UTNJP9EL3OM695SQECFG,1,0.0,USD,Not Applicable,Not Applicable,Not Applicable,Price Amount,Promotion
BCKDN42KUNJAAR6PEF75STG9F9VROV1S58SBCVSNNKV0QTS9MLQ0,7N00B4PI22T8PDF7MKQ1MK4LP9QFFL1SROVEOOU8UKNO3AB85V50,1,0.0,USD,Not Applicable,Not Applicable,Not Applicable,Price Amount,Promotion
BCKDN42KUNJAAR6PEF75STG9F9VROV1S58SBCVSNNKV0QTS9MLQ0,7N00B4PI22T8PDF7MKQ1MK4LP9QFFL1SROVEOOU8UKNO3AB85V50,1,0.0,USD,Not Applicable,Not Applicable,Not Applicable,Price Amount,Not Applicable
P251BADMONVH1L7MP7GPUAQUCKJFK6KMR3AJJO104VI8MSO2T6LG,LMC9C80TUI514Q38AVMBIT7LEI93F9EM36N31BG1C2KU3M4TFAQ0,1,1.99,USD,Not Applicable,Not Applicable,Not Applicable,Price Amount,Not Applicable
P251BADMONVH1L7MP7GPUAQUCKJFK6KMR3AJJO104VI8MSO2T6LG,LMC9C80TUI514Q38AVMBIT7LEI93F9EM36N31BG1C2KU3M4TFAQ0,1,0.0,USD,Not Applicable,Not Applicable,Not Applicable,Price Amount,Promotion
P251BADMONVH1L7MP7GPUAQUCKJFK6KMR3AJJO104VI8MSO2T6LG,LMC9C80TUI514Q38AVMBIT7LEI93F9EM36N31BG1C2KU3M4TFAQ0,1,0.0,USD,Not Applicable,Not Applicable,Not Applicable,Tax,Not Applicable
AROR5GSCB942FHTTBPVPIU7OUGJ5108KR614DBMBCOU88P6F03V0,LNMU9E62S8GHEAKEQRT5H871V03SS6R346TV1OSCJO5K2VHOSLL0,1,0.0,USD,Not Applicable,Not Applicable,Not Applicable,Price Amount,Not Applicable
GVTRGVKD948KDNPR73EFM673R864R1H89O8NCO8S3ED91INAJ990,SG24LS2MGEGKQ4SQKALMFC8E6I85BG3ECSBFNBNNKAH9COB0G0FG,1,0.0,USD,Not Applicable,Not Applicable,Not Applicable,Price Amount,Not Applicable
ONA65LO21UOJ1RBELDM3GNRD39BRILUNR78R0M298869EQ7QI65G,PUN0I4RPBQ7Q85EMO2A3AR3R7PIKHR5KLVSGOD784IQAIU80LAFG,1,0.0,USD,Not Applicable,Not Applicable,Not Applicable,Price Amount,Not Applicable
A8K61BN99TLH06QIFKHH1MN50V55OF0QV5MG6Q5OQLCJD2QF8IU0,HAPMFMTT201PLSDS7CLQ0HI32V6AUV15I1142ITTQ2UVJDLET6FG,1,0.0,USD,Not Applicable,Not Applicable,Not Applicable,Price Amount,Not Applicable
A8K61BN99TLH06QIFKHH1MN50V55OF0QV5MG6Q5OQLCJD2QF8IU0,HAPMFMTT201PLSDS7CLQ0HI32V6AUV15I1142ITTQ2UVJDLET6FG,1,0.0,USD,Not Applicable,Not Applicable,Not Applicable,Price Amount,Promotion
C4I1PEE9OE4LUCDKD9595ERCCT3RBI234RCN237AIM9NSHBDVCAG,6DSGSC32SUV9KT3FNGCGE24FTL234F3QQC619PLITL22NBQG0DF0,1,0.0,USD,Not Applicable,Not Applicable,Not Applicable,Price Amount,Not Applicable
C4I1PEE9OE4LUCDKD9595ERCCT3RBI234RCN237AIM9NSHBDVCAG,6DSGSC32SUV9KT3FNGCGE24FTL234F3QQC619PLITL22NBQG0DF0,1,0.0,USD,Not Applicable,Not Applicable,Not Applicable,Price Amount,Promotion
551DVDC366HEASEO7G7LMMNULMLHQQ1MENJHIU1559H6MQ9RSTQ0,UO5TKG303B3H49L9RAGKQ3FT5FHN5LMSNMODO4T7B4P5PVUOAB8G,1,0.0,USD,Not Applicable,Not Applicable,Not Applicable,Price Amount,Promotion
551DVDC366HEASEO7G7LMMNULMLHQQ1MENJHIU1559H6MQ9RSTQ0,UO5TKG303B3H49L9RAGKQ3FT5FHN5LMSNMODO4T7B4P5PVUOAB8G,1,0.0,USD,Not Applicable,Not Applicable,Not Applicable,Price Amount,Not Applicable
M93UT4RN6EU16V6R60QU5BT0RD42PJTIOHBKN0UHP3FGVP0BS7V0,9J8QG42R1EI15PBS8K647N1UH77Q7049FAG0471G76JDAEHGKEC0,1,0.0,USD,Not Applicable,Not Applicable,Not Applicable,Price Amount,Not Applicable
M93UT4RN6EU16V6R60QU5BT0RD42PJTIOHBKN0UHP3FGVP0BS7V0,9J8QG42R1EI15PBS8K647N1UH77Q7049FAG0471G76JDAEHGKEC0,1,0.0,USD,Not Applicable,Not Applicable,Not Applicable,Price Amount,Promotion
O573T5T6U0BTA8M99C5A04L26SH5CITG885S4K37JQ871HQEAOO0,JSBK1AV4KB6LOBUVK4JPOA8Q4U8DL6M3UT2AHB9H8LLRK9JIPH8G,1,0.0,USD,Not Applicable,Not Applicable,Not Applicable,Price Amount,Not Applicable
O573T5T6U0BTA8M99C5A04L26SH5CITG885S4K37JQ871HQEAOO0,JSBK1AV4KB6LOBUVK4JPOA8Q4U8DL6M3UT2AHB9H8LLRK9JIPH8G,1,0.0,USD,Not Applicable,Not Applicable,Not Applicable,Price Amount,Promotion
UKF7TR8DKC2AIBG1FEB5D6QC3OFHU8IB8NU0KCFKD0675QK9BSQG,VUO51FGSUBA4CFAVS8FUNKT06D7UDJ296IPEMH77MAD9I83CCO0G,1,1.99,USD,Not Applicable,Not Applicable,Not Applicable,Price Amount,Not Applicable
7PFADE00K5PT2GP4OU9HODLTO54O6FKT2IBOA7IJUTQGD16G56N0,K1M8OREFL2UD2BUNIQBRHQ6UK1V4L7IINHDS1AAFHB8E8BP4J4K0,1,0.0,USD,Not Applicable,Not Applicable,Not Applicable,Price Amount,Not Applicable
3C8H9LUC9RP8ILT7372G3FJ8FRGVUF6HTKQ50FCCC80LCCRM9J30,UQREQ68EU508OE4JM4U7VLQKR1D37N6OCFUIOF3F85RU0UDK1O10,1,0.0,USD,Not Applicable,Not Applicable,Not Applicable,Price Amount,Not Applicable
CD4BJ8IU77SQQI6E0IH4AKF4OP4CQ6ACTVSMJH9AFMV5AOER2ECG,RC4UHK4ML4J50PSHDBI0I4HNIAHQB8SS55GK3L4QADFINAPIT0UG,1,0.0,USD,Not Applicable,Not Applicable,Not Applicable,Price Amount,Promotion
CD4BJ8IU77SQQI6E0IH4AKF4OP4CQ6ACTVSMJH9AFMV5AOER2ECG,RC4UHK4ML4J50PSHDBI0I4HNIAHQB8SS55GK3L4QADFINAPIT0UG,1,0.0,USD,Not Applicable,Not Applicable,Not Applicable,Price Amount,Not Applicable
5V088LI51EF280LNAQGI68330T78RCBT0AJMKJ8UEN5EM1RDKD90,6E17P2QJ556CTCMR3JNA6G43T61HNQ386KKEK81K4Q9QRRJ27A7G,1,0.0,USD,Not Applicable,Not Applicable,Not Applicable,Price Amount,Not Applicable
5V088LI51EF280LNAQGI68330T78RCBT0AJMKJ8UEN5EM1RDKD90,6E17P2QJ556CTCMR3JNA6G43T61HNQ386KKEK81K4Q9QRRJ27A7G,1,0.0,USD,Not Applicable,Not Applicable,Not Applicable,Price Amount,Promotion
9FD9G0BO6E63EO5J6D9CLIRIVEDT3E48VFQKD982PULNSU6RD9Q0,PAE7A72LPRAINNM5815U2NP4B1NTNAEINDMS2OJOQGSMCEE1SO70,1,0.0,USD,Not Applicable,Not Applicable,Not Applicable,Price Amount,Not Applicable
9FD9G0BO6E63EO5J6D9CLIRIVEDT3E48VFQKD982PULNSU6RD9Q0,PAE7A72LPRAINNM5815U2NP4B1NTNAEINDMS2OJOQGSMCEE1SO70,1,0.0,USD,Not Applicable,Not Applicable,Not Applicable,Price Amount,Promotion
FV5JHCACFIPNH5L1AOCUB8KFLAMJ2S2835H2297T5O2FCHEFGSS0,SPONHV2QHOJFV48IN5BR0QILOJU2C5T8K2P0Q39PJ3G7S3FIOFVG,1,0.0,USD,Not Applicable,Not Applicable,Not Applicable,Price Amount,Not Applicable
S92NT8CML8QS14I5O27DHM6PPR8GAOEL4H8SHAPT6E17GRT6QS4G,LSBU9DT3AL5S3G22N42N00BD3V5IOJOE9ONQ2I9MBPHV5J4V25H0,1,0.0,USD,Not Applicable,Not Applicable,Not Applicable,Price Amount,Not Applicable
KEA4IUQHE3OM94M0U3TBR2MGFPS3CNLJ49BQ3QHHQ5UEMB1QQ9VG,KG44P7DTUJ9DDITQLH3HGGOPHJTUMTLB2PHLSQ6TC8J3FDRE99FG,1,0.0,USD,Not Applicable,Not Applicable,Not Applicable,Price Amount,Not Applicable
8SDQ5PVALLQCI3BJJGST4HE7LT3EVT5PU2LN70B519GCCFOBUJJG,ULO58COEE3U0MJ76BJLLAUE7AA6F2O4CTIU5GT6MT3PMH6M1GS40,1,0.0,USD,Not Applicable,Not Applicable,Not Applicable,Price Amount,Not Applicable
KO746V9FILSLRF15KVAJMPG5J8RI6QF376SG67Q334L7O7ATDOU0,7CDDGSEG8EN8L4AVP3GH7QO1MSVDAVUQPUHO0U04MVEK9VV7VM90,1,0.0,USD,Not Applicable,Not Applicable,Not Applicable,Price Amount,Not Applicable
EMHCD6K0018L5AKGC7KULF7FTGBI41IMOR7UFAAA316HU64JLTEG,2F1OG1428HBF15VVUIK6GK7205QR1SGQATCV0BS1B5PJNTQH5C20,1,0.0,USD,Not Applicable,Not Applicable,Not Applicable,Price Amount,Not Applicable
3OET1JFIUTT2T4IJR9QE8GQSEKT4JRIK5SDDBLROE53DQ7FVRD20,66HLJ44T41UVBRIG4JPCV2F9VGUI00J0M3D7BNSCSFDDC5EROG9G,1,0.0,USD,Not Applicable,Not Applicable,Not Applicable,Price Amount,Not Applicable
QTL2OC2LJ1FRN8641AGG298CMQE2CHCH3OG8CVG9UVNVUAGRGT7G,5TAC3AUK7LI9H9UMPUBNB3490RK6IMCU0BMPD6GTHI93T3DT4KR0,1,0.0,USD,Not Applicable,Not Applicable,Not Applicable,Price Amount,Not Applicable
VV2A4BH80CFRDKDC2PVH6894POFS5DKAI4D3407891PR9GIG67A0,BP9KRGJG3SS4S0LJ1TN9PP1N9FRHOUK6A3S7G14QVUL9TKJ0EH3G,1,0.0,USD,Not Applicable,Not Applicable,Not Applicable,Price Amount,Not Applicable
HTN8BN4SDLGJ1GL78TBL4B3H6JPVDFISUTCTMJM3P8A903M6D9A0,56ICB7U5L5F6HQT5000SS7RAKPL1E517R3OEDAFMOSF65GCNIFO0,1,0.0,USD,Not Applicable,Not Applicable,Not Applicable,Price Amount,Not Applicable
263UOKTG640E08EVKTGCDQ5IAIOKD5HSTK8BGODFIG5LHJUUHOGG,8UMVM6IK82FRJL93R45QINLJTM9950N5TV897SQ5DNHG19E3H2M0,1,0.0,USD,Not Applicable,Not Applicable,Not Applicable,Price Amount,Not Applicable
1FK2O2E9VF393O2C0EFJ3U4TNBH4P8UFVTRIJC1P5SVC92K54K40,0LC8J3CB88H6N5M0GEOTG5E6JTBVS52G077PQGB70F46DE73F1HG,1,0.0,USD,Not Applicable,Not Applicable,Not Applicable,Price Amount,Not Applicable
MFBJEKKOEA824CSEHO30VDV2VFHINGK6HKRIDPV30MMMT5DSA0CG,83UHJIU6EVTMDPDCJAP82GTMM9C29AMO117US1L60FM5DQPGDD60,1,2.99,USD,Not Applicable,Not Applicable,Not Applicable,Price Amount,Not Applicable
P1G94J8BG4QQ9KC92EE8P3V91V2PELIFGFFU3G08L2CLLB41HETG,78PGN6MLLA9PQOK1HSNR4Q8G70RO7GLD6VUATHOBJE7DEI4PRFA0,1,2.99,USD,Not Applicable,Not Applicable,Not Applicable,Price Amount,Not Applicable
IILK8PI0IG79Q3UQCOIVE67ULB57270DDNOFMG5TRRSSJ9V4BHP0,R64JKA98GCEUAMN13EPVUNQ9V1D1JBGR3PS00MPEJKK5UEFGM3P0,1,0.0,USD,Not Applicable,Not Applicable,Not Applicable,Price Amount,Not Applicable
EJTA4B040JGURK9EKG2CREFPNMNSUHMBBEMR5N159GRNKRBQ7QS0,2P9QAEAT73HHPDKS0H5CCO5MHF444CQMIHK0V0H424F8K9KNDO3G,1,0.0,USD,Not Applicable,Not Applicable,Not Applicable,Price Amount,Not Applicable
1S02CN3HAKUUQ5SUEGCRIP4A35DL79JIHA5NIH0RQCH51RBNHPRG,DR1A3L9503JOQ4VKN3UOUDRIENG9IQLHL2PTU1TEU4JTLVP3V6T0,1,0.0,USD,Not Applicable,Not Applicable,Not Applicable,Price Amount,Not Applicable
8F1A1IQRGNHR94PNB4CBAVEUN9BH4DGLL4V7V8MFUAF10KSSLV10,E49CK7HBDNB5O6EMN9NBIAKQ87DL9H7SQ0HGIKV9GK7TUV8I0A60,1,0.99,USD,Not Applicable,Not Applicable,Not Applicable,Price Amount,Not Applicable
KOICC2HUIMMSVEVJLF59VJSSAN07TMG1O00LDT81UV1HCQVPAAS0,ER8PR472VNA3POHODDB39LIBS5PNJVF2V8MJCN0R4QJBJ8A0ASD0,1,0.0,USD,Not Applicable,Not Applicable,Not Applicable,Price Amount,Not Applicable
1AM96BTO7UUL078HR84G9EVOCLC87QQN1MDFVNUK1DR0OKO1KSQG,GJUSUGBUBTR4SBG6VJE8AAPNAMI3NAQLLSANUKLKRR6GKIJHJJH0,1,0.0,USD,Not Applicable,Not Applicable,Not Applicable,Price Amount,Not Applicable
9ACEHH837DJUL8EIVGTMP008HRN8EPA2CGIIFVUIJ28OGEE4HUFG,RUM6VRC8674J3K656VNFMCK8DKOF1DF4AO5ETEQNVMOBOIDJM10G,1,0.0,USD,Not Applicable,Not Applicable,Not Applicable,Price Amount,Not Applicable
VPOTFRDU2JFPU2QINBOS09IAAT2ALI1KB06N0JBUEA6648NUBAM0,1BH6MVS6EK9R4DF64PGV1QHKQKCKJ573K1D455F3A0A4QSAPDU8G,1,0.0,USD,Not Applicable,Not Applicable,Not Applicable,Price Amount,Not Applicable
TQ94VNI5VTSBKTK0IJRAQ6FC33GTT63NB5QRLF91JO6HEKI6IT5G,GNE13ECBPE3FOTGEO1UKGB57QT440DIJ7V6S148MUG5MO2P3TONG,1,0.0,USD,Not Applicable,Not Applicable,Not Applicable,Price Amount,Not Applicable
00TNVA15ORTDPDAIT4LMDD21R2C0M7QVA14LAO18PS8M4MEUGTLG,GGRA3JAIA6KAUHVK4H33CCETA5J4FMEB50URQTU9O9QF95968PDG,1,0.0,USD,Not Applicable,Not Applicable,Not Applicable,Price Amount,Not Applicable
NG200NQ93Q0J60TQ7FKI1KAATD4J9S0DDUI5HV4ILLP7H9RAGFA0,DL1M09BBGU39PBRV2RNSNN58LOU9PQ1U3QMTSFAI5GJ7ASLFL1O0,1,12.67,USD,Not Applicable,Not Applicable,Not Applicable,Price Amount,Not Applicable
NG200NQ93Q0J60TQ7FKI1KAATD4J9S0DDUI5HV4ILLP7H9RAGFA0,DL1M09BBGU39PBRV2RNSNN58LOU9PQ1U3QMTSFAI5GJ7ASLFL1O0,1,2.28,USD,Not Applicable,Not Applicable,Not Applicable,Tax,Not Applicable
5I1ASCE1KLICFTBC275CH8CSVVBT704S687I8DG22C1L8JD9SSNG,CB8L8TPEUAALMN3PDSRDSCU2B67CLOAME0IPSRKEF2CV6FQLC820,1,2.28,USD,Not Applicable,Not Applicable,Not Applicable,Tax,Not Applicable
5I1ASCE1KLICFTBC275CH8CSVVBT704S687I8DG22C1L8JD9SSNG,CB8L8TPEUAALMN3PDSRDSCU2B67CLOAME0IPSRKEF2CV6FQLC820,1,12.67,USD,Not Applicable,Not Applicable,Not Applicable,Price Amount,Not Applicable
PCA6Q9CRQB04KVUOMBTB9O3ED8RUEQMPR6CV7HL8V1OGJ2JKHASG,DLF8CRMBE7KM986N6TM3KIK4IFP22LVTID78CP05O66I0GED2TT0,1,2.28,USD,Not Applicable,Not Applicable,Not Applicable,Tax,Not Applicable
PCA6Q9CRQB04KVUOMBTB9O3ED8RUEQMPR6CV7HL8V1OGJ2JKHASG,DLF8CRMBE7KM986N6TM3KIK4IFP22LVTID78CP05O66I0GED2TT0,1,12.67,USD,Not Applicable,Not Applicable,Not Applicable,Price Amount,Not Applicable
796LHO51MQ722DHKN9ND95P5DD7NKPBJLND1OA4PDRFI9Q5HN3T0,I90L54BB9L397SEPNLBJJG1OJ7NJ5NDIQE8T6164M78IEBK0IEDG,1,12.67,USD,Not Applicable,Not Applicable,Not Applicable,Price Amount,Not Applicable
796LHO51MQ722DHKN9ND95P5DD7NKPBJLND1OA4PDRFI9Q5HN3T0,I90L54BB9L397SEPNLBJJG1OJ7NJ5NDIQE8T6164M78IEBK0IEDG,1,2.28,USD,Not Applicable,Not Applicable,Not Applicable,Tax,Not Applicable
FEBJC4891AN04B34DOA8O63R8MHREEJL4M51RAC9LMVTJ7CHJ3B0,KVME5FN9KLQ3130C8GH500J4JDV93EH8EK39O0CMI5LGHFNUDTTG,1,12.67,USD,Not Applicable,Not Applicable,Not Applicable,Price Amount,Not Applicable
FEBJC4891AN04B34DOA8O63R8MHREEJL4M51RAC9LMVTJ7CHJ3B0,KVME5FN9KLQ3130C8GH500J4JDV93EH8EK39O0CMI5LGHFNUDTTG,1,2.28,USD,Not Applicable,Not Applicable,Not Applicable,Tax,Not Applicable
VFS5TG83HV3S087PCN2HSAK5D6SQT84N20CCCJ9O90AU6AKL9I7G,7538RGALOQQ5QIC67QS5FCG51CJ81KTDJC4B34E4BAOSQUOMNKI0,1,12.67,USD,Not Applicable,Not Applicable,Not Applicable,Price Amount,Not Applicable
VFS5TG83HV3S087PCN2HSAK5D6SQT84N20CCCJ9O90AU6AKL9I7G,7538RGALOQQ5QIC67QS5FCG51CJ81KTDJC4B34E4BAOSQUOMNKI0,1,2.28,USD,Not Applicable,Not Applicable,Not Applicable,Tax,Not Applicable
93U6SV9HGPCULKENO5PMGOGAJIEHCNL7OFBA9S5REUTPR1SOF8NG,P6L98QBAA25TAU2J1RC77QKCU7DC8TREO37L5P04DJRP3NLILLNG,1,12.67,USD,Not Applicable,Not Applicable,Not Applicable,Price Amount,Not Applicable
93U6SV9HGPCULKENO5PMGOGAJIEHCNL7OFBA9S5REUTPR1SOF8NG,P6L98QBAA25TAU2J1RC77QKCU7DC8TREO37L5P04DJRP3NLILLNG,1,2.28,USD,Not Applicable,Not Applicable,Not Applicable,Tax,Not Applicable
JUTQRBO62M5BCOVVOMLC379HFEL55VLLF7DHLT7MAP1RE7N1TVTG,QVIT2E9KO9BPED5JOKKOTF6DU8G3KEKG3US3RDIES7FSVRCO0MR0,1,12.67,USD,Not Applicable,Not Applicable,Not Applicable,Price Amount,Not Applicable
JUTQRBO62M5BCOVVOMLC379HFEL55VLLF7DHLT7MAP1RE7N1TVTG,QVIT2E9KO9BPED5JOKKOTF6DU8G3KEKG3US3RDIES7FSVRCO0MR0,1,2.28,USD,Not Applicable,Not Applicable,Not Applicable,Tax,Not Applicable
AB2ED7K15T28MONLQ6G38L4V45FB804OBO4GN8CRNC3NSJ8MCCD0,HFT1R169TVG0SAI4FKISR3HULPUPVAV2LCJPPSF2U3NLS173NQ20,1,0.0,USD,Not Applicable,Not Applicable,Not Applicable,Tax,Not Applicable
AB2ED7K15T28MONLQ6G38L4V45FB804OBO4GN8CRNC3NSJ8MCCD0,HFT1R169TVG0SAI4FKISR3HULPUPVAV2LCJPPSF2U3NLS173NQ20,1,14.95,USD,Not Applicable,Not Applicable,Not Applicable,Price Amount,Not Applicable
LRRFD8P4NTLJSG7BK2MSFKBC9MAJQK3ORK022KOO052PO0EID5M0,J83JF4F9VL4NJA416UG94BKLHLUE9A2QQFIFBQ7D56TLEUR60I9G,1,14.95,USD,Not Applicable,Not Applicable,Not Applicable,Price Amount,Not Applicable
LRRFD8P4NTLJSG7BK2MSFKBC9MAJQK3ORK022KOO052PO0EID5M0,J83JF4F9VL4NJA416UG94BKLHLUE9A2QQFIFBQ7D56TLEUR60I9G,1,0.0,USD,Not Applicable,Not Applicable,Not Applicable,Tax,Not Applicable
0UM161T03HUF8TH9GIQ9ARESNEIAK6QMSOD3DIEO7J3OEGNG13CG,OQC6BCV04CKR9UK664E57TGTT36A6K7MGD69DOTKUO4B10EPSJR0,1,14.95,USD,Not Applicable,Not Applicable,Not Applicable,Price Amount,Not Applicable
0UM161T03HUF8TH9GIQ9ARESNEIAK6QMSOD3DIEO7J3OEGNG13CG,OQC6BCV04CKR9UK664E57TGTT36A6K7MGD69DOTKUO4B10EPSJR0,1,0.0,USD,Not Applicable,Not Applicable,Not Applicable,Tax,Not Applicable
3GU4NEFR0K86K33EQJC1F14H4ISGO6JA4GQ54TUMV6URFS0GR6Q0,RG0LKPB36L3I27I1OC8QN6NJ31E1OJDNLT0BO95HFNCOAC1L6F70,1,0.0,USD,Not Applicable,Not Applicable,Not Applicable,Tax,Not Applicable
3GU4NEFR0K86K33EQJC1F14H4ISGO6JA4GQ54TUMV6URFS0GR6Q0,RG0LKPB36L3I27I1OC8QN6NJ31E1OJDNLT0BO95HFNCOAC1L6F70,1,14.95,USD,Not Applicable,Not Applicable,Not Applicable,Price Amount,Not Applicable
MPG8334KM17I2RJHS3KL7L2L61UM6EC8T3QUQRNELJB4RLNF70OG,MNOAG5G6VSBF6PNTDCBF3SIA05CRT91F3HRF1SM7PNLCCEMI9TTG,1,0.0,USD,Not Applicable,Not Applicable,Not Applicable,Tax,Not Applicable
MPG8334KM17I2RJHS3KL7L2L61UM6EC8T3QUQRNELJB4RLNF70OG,MNOAG5G6VSBF6PNTDCBF3SIA05CRT91F3HRF1SM7PNLCCEMI9TTG,1,14.95,USD,Not Applicable,Not Applicable,Not Applicable,Price Amount,Not Applicable
THD72U2J6O7RCNTLPS5AMIL5TTRQ25C70P4J9OCLMDU7B1IANKOG,76389E0SE5U36T279I5R3V6359L61PR9JGLEINS43M7OI1VJLSJ0,1,0.0,USD,Not Applicable,Not Applicable,Not Applicable,Tax,Not Applicable
THD72U2J6O7RCNTLPS5AMIL5TTRQ25C70P4J9OCLMDU7B1IANKOG,76389E0SE5U36T279I5R3V6359L61PR9JGLEINS43M7OI1VJLSJ0,1,14.95,USD,Not Applicable,Not Applicable,Not Applicable,Price Amount,Not Applicable
O9KK0T1FSB77QR1H0K0SK8O1VIIH8P4JIC8831HFCNKOOARMTTNG,AQBF2UTA7M4PJMF3Q7D2PHK2DQDC5GUQIJPTRTFBD3J7KJ8S7OJ0,1,2.45,USD,Not Applicable,Not Applicable,Not Applicable,Tax,Not Applicable
O9KK0T1FSB77QR1H0K0SK8O1VIIH8P4JIC8831HFCNKOOARMTTNG,AQBF2UTA7M4PJMF3Q7D2PHK2DQDC5GUQIJPTRTFBD3J7KJ8S7OJ0,1,-13.64,USD,Not Applicable,Not Applicable,Not Applicable,Price Amount,Promotion
O9KK0T1FSB77QR1H0K0SK8O1VIIH8P4JIC8831HFCNKOOARMTTNG,AQBF2UTA7M4PJMF3Q7D2PHK2DQDC5GUQIJPTRTFBD3J7KJ8S7OJ0,1,-2.45,USD,Not Applicable,Not Applicable,Not Applicable,Tax,Promotion
O9KK0T1FSB77QR1H0K0SK8O1VIIH8P4JIC8831HFCNKOOARMTTNG,AQBF2UTA7M4PJMF3Q7D2PHK2DQDC5GUQIJPTRTFBD3J7KJ8S7OJ0,1,13.64,USD,Not Applicable,Not Applicable,Not Applicable,Price Amount,Not Applicable
7IT0VIUPLVSIBLD1K7J93LD5C7E01DNA1DLRI00HOHCDQEK25R0G,21NTDLGF8CVI2RRDPR9ERBG9A7ECKREVQ386BMVC5JVMQRGPC26G,1,14.95,USD,Not Applicable,Not Applicable,Not Applicable,Price Amount,Not Applicable
7IT0VIUPLVSIBLD1K7J93LD5C7E01DNA1DLRI00HOHCDQEK25R0G,21NTDLGF8CVI2RRDPR9ERBG9A7ECKREVQ386BMVC5JVMQRGPC26G,1,0.0,USD,Not Applicable,Not Applicable,Not Applicable,Tax,Not Applicable
0UVDVGAAKTT34OK3ORUKN4CPHUBG84ANFNJ6DP3LLPI57L9TFDKG,2S6OPV4FFKPG9UE92LAI6B0KQ8MHOEKARPR54AQ6H0R01VJM4F1G,1,14.95,USD,Not Applicable,Not Applicable,Not Applicable,Price Amount,Not Applicable
0UVDVGAAKTT34OK3ORUKN4CPHUBG84ANFNJ6DP3LLPI57L9TFDKG,2S6OPV4FFKPG9UE92LAI6B0KQ8MHOEKARPR54AQ6H0R01VJM4F1G,1,0.0,USD,Not Applicable,Not Applicable,Not Applicable,Tax,Not Applicable
1SKE6A918N1JEMI3EESG1T07I8411U2P5UOESH8DIR2S62IU3CAG,RHMA2HDGBM7FQLIHHT6FN3020358S2JQHH4T3SMM8ER3AG17NQRG,1,0.0,USD,Not Applicable,Not Applicable,Not Applicable,Tax,Not Applicable
1SKE6A918N1JEMI3EESG1T07I8411U2P5UOESH8DIR2S62IU3CAG,RHMA2HDGBM7FQLIHHT6FN3020358S2JQHH4T3SMM8ER3AG17NQRG,1,14.95,USD,Not Applicable,Not Applicable,Not Applicable,Price Amount,Not Applicable
SRIIMAB5MJ4PFOQBFDDOLNQOB4GG4EAQ4KRVMRRG8EUMN0C15ORG,8J5A5JN77B1FSTO6OOTEJJLJEGI2QBONJDRI4PU6P3H4OP1JHSSG,1,14.95,USD,Not Applicable,Not Applicable,Not Applicable,Price Amount,Not Applicable
SRIIMAB5MJ4PFOQBFDDOLNQOB4GG4EAQ4KRVMRRG8EUMN0C15ORG,8J5A5JN77B1FSTO6OOTEJJLJEGI2QBONJDRI4PU6P3H4OP1JHSSG,1,0.0,USD,Not Applicable,Not Applicable,Not Applicable,Tax,Not Applicable
D8FBKH4AV90Q6A8BCG6H7PJJU4LGKCR7Q4QHC96MO7Q0MSF7R2FG,2ULF70HNKMHUU4QRG9Q4INOELSCT893IB1I5PMB0QEK5JCBBU3RG,1,14.95,USD,Not Applicable,Not Applicable,Not Applicable,Price Amount,Not Applicable
D8FBKH4AV90Q6A8BCG6H7PJJU4LGKCR7Q4QHC96MO7Q0MSF7R2FG,2ULF70HNKMHUU4QRG9Q4INOELSCT893IB1I5PMB0QEK5JCBBU3RG,1,0.0,USD,Not Applicable,Not Applicable,Not Applicable,Tax,Not Applicable
2ABK80A82IODS1QVC6QDI6IN556A310HSJ97H3AFAO3C9SGTJKOG,V84OV6QIFPGB09SO9PPJE08E04B2L65ATQSLG0QBTTJBTC2JJ5V0,1,-22.63,USD,Not Applicable,Not Applicable,Not Applicable,Price Amount,Promotion
2ABK80A82IODS1QVC6QDI6IN556A310HSJ97H3AFAO3C9SGTJKOG,V84OV6QIFPGB09SO9PPJE08E04B2L65ATQSLG0QBTTJBTC2JJ5V0,1,0.0,USD,Not Applicable,Not Applicable,Not Applicable,Tax,Promotion
2ABK80A82IODS1QVC6QDI6IN556A310HSJ97H3AFAO3C9SGTJKOG,V84OV6QIFPGB09SO9PPJE08E04B2L65ATQSLG0QBTTJBTC2JJ5V0,1,22.63,USD,Not Applicable,Not Applicable,Not Applicable,Price Amount,Not Applicable
2ABK80A82IODS1QVC6QDI6IN556A310HSJ97H3AFAO3C9SGTJKOG,V84OV6QIFPGB09SO9PPJE08E04B2L65ATQSLG0QBTTJBTC2JJ5V0,1,0.0,USD,Not Applicable,Not Applicable,Not Applicable,Tax,Not Applicable
QGJ238I79H5OF6RAABN52N97ED3IJ4663FO413LB91E8INUPLHA0,IO7NHUC1R4NDPFBDLAGB5SS8M1G1M26O22UEMA67F8HJE3PCFJO0,1,0.0,USD,Not Applicable,Not Applicable,Not Applicable,Tax,Not Applicable
QGJ238I79H5OF6RAABN52N97ED3IJ4663FO413LB91E8INUPLHA0,IO7NHUC1R4NDPFBDLAGB5SS8M1G1M26O22UEMA67F8HJE3PCFJO0,1,0.0,USD,Not Applicable,Not Applicable,Not Applicable,Price Amount,Not Applicable