﻿OrderId,PaymentCode,PaymentInformation,IsActive,PaymentAmount,BaseCurrencyCode,ForeignExchangeRate,ForeignExchangeCurrencyCode,AmountPaidFromAmazonAccount
D01-6858035-6144234,Credit Card,Not Available,Yes,Not Applicable,Not Applicable,Not Applicable,Not Applicable,Not Applicable
D01-6858035-6144234,Credit Card,Not Available,Yes,Not Applicable,Not Applicable,Not Applicable,Not Applicable,Not Applicable
D01-4644727-0118603,Payment Instrument Deleted,Not Applicable,Yes,Not Applicable,Not Applicable,Not Applicable,Not Applicable,Not Applicable
D01-4644727-0118603,Credit Card,Not Available,Yes,Not Applicable,Not Applicable,Not Applicable,Not Applicable,Not Applicable
D01-0660109-1293024,Credit Card,Not Available,Yes,Not Applicable,Not Applicable,Not Applicable,Not Applicable,Not Applicable
D01-1397713-6112232,Credit Card,Not Available,Yes,Not Applicable,Not Applicable,Not Applicable,Not Applicable,Not Applicable
D01-1397713-6112232,Gift Card,Not Applicable,Yes,Not Applicable,Not Applicable,Not Applicable,Not Applicable,Not Applicable
D01-1120166-0080261,Credit Card,Not Available,Yes,Not Applicable,Not Applicable,Not Applicable,Not Applicable,Not Applicable
D01-1120166-0080261,Credit Card,Not Available,Yes,Not Applicable,Not Applicable,Not Applicable,Not Applicable,Not Applicable
D01-1338298-0361809,Gift Card,Not Applicable,Yes,Not Applicable,Not Applicable,Not Applicable,Not Applicable,Not Applicable
D01-1338298-0361809,Credit Card,Not Available,Yes,Not Applicable,Not Applicable,Not Applicable,Not Applicable,Not Applicable
D01-0618295-4416218,Credit Card,Not Available,Yes,Not Applicable,Not Applicable,Not Applicable,Not Applicable,Not Applicable
D01-0618295-4416218,Credit Card,Not Available,Yes,Not Applicable,Not Applicable,Not Applicable,Not Applicable,Not Applicable
D01-2809568-8736238,Credit Card,Not Available,Yes,Not Applicable,Not Applicable,Not Applicable,Not Applicable,Not Applicable
D01-2200271-9747456,Credit Card,Not Available,Yes,Not Applicable,Not Applicable,Not Applicable,Not Applicable,Not Applicable
D01-2200271-9747456,Credit Card,Not Available,Yes,Not Applicable,Not Applicable,Not Applicable,Not Applicable,Not Applicable
D01-2993870-2288217,Credit Card,Not Available,Yes,Not Applicable,Not Applicable,Not Applicable,Not Applicable,Not Applicable
D01-1261334-4089858,Credit Card,Not Available,Yes,Not Applicable,Not Applicable,Not Applicable,Not Applicable,Not Applicable
D01-1261334-4089858,Gift Card,Not Applicable,Yes,Not Applicable,Not Applicable,Not Applicable,Not Applicable,Not Applicable
D01-1792268-4688235,Credit Card,Not Available,Yes,Not Applicable,Not Applicable,Not Applicable,Not Applicable,Not Applicable
D01-1792268-4688235,Credit Card,Not Available,Yes,Not Applicable,Not Applicable,Not Applicable,Not Applicable,Not Applicable
D01-7313777-2739408,Credit Card,Not Available,Yes,Not Applicable,Not Applicable,Not Applicable,Not Applicable,Not Applicable
D01-7313777-2739408,Gift Card,Not Applicable,Yes,Not Applicable,Not Applicable,Not Applicable,Not Applicable,Not Applicable
D01-2560749-8054617,Credit Card,Not Available,Yes,Not Applicable,Not Applicable,Not Applicable,Not Applicable,Not Applicable
D01-2560749-8054617,Credit Card,Not Available,Yes,Not Applicable,Not Applicable,Not Applicable,Not Applicable,Not Applicable
D01-2507701-0243414,Credit Card,Not Available,Yes,Not Applicable,Not Applicable,Not Applicable,Not Applicable,Not Applicable
D01-2507701-0243414,Credit Card,Not Available,Yes,Not Applicable,Not Applicable,Not Applicable,Not Applicable,Not Applicable
D01-5560467-3350631,Credit Card,Not Available,Yes,Not Applicable,Not Applicable,Not Applicable,Not Applicable,Not Applicable
D01-6777206-7821012,Credit Card,Not Available,Yes,Not Applicable,Not Applicable,Not Applicable,Not Applicable,Not Applicable
D01-0075494-9091461,Credit Card,Not Available,Yes,Not Applicable,Not Applicable,Not Applicable,Not Applicable,Not Applicable
D01-2101400-0672210,Credit Card,Not Available,Yes,Not Applicable,Not Applicable,Not Applicable,Not Applicable,Not Applicable
D01-2101400-0672210,Credit Card,Not Available,Yes,Not Applicable,Not Applicable,Not Applicable,Not Applicable,Not Applicable
D01-2310223-5385825,Credit Card,Not Available,Yes,Not Applicable,Not Applicable,Not Applicable,Not Applicable,Not Applicable
D01-2310223-5385825,Credit Card,Not Available,Yes,Not Applicable,Not Applicable,Not Applicable,Not Applicable,Not Applicable
D01-2423093-7094603,Credit Card,Not Available,Yes,Not Applicable,Not Applicable,Not Applicable,Not Applicable,Not Applicable
D01-2423093-7094603,Credit Card,Not Available,Yes,Not Applicable,Not Applicable,Not Applicable,Not Applicable,Not Applicable
D01-5336829-9894644,Gift Card,Not Applicable,Yes,Not Applicable,Not Applicable,Not Applicable,Not Applicable,Not Applicable
D01-5336829-9894644,Credit Card,Not Available,Yes,Not Applicable,Not Applicable,Not Applicable,Not Applicable,Not Applicable
D01-4803971-5821065,Credit Card,Not Available,Yes,Not Applicable,Not Applicable,Not Applicable,Not Applicable,Not Applicable
D01-4803971-5821065,Credit Card,Not Available,Yes,Not Applicable,Not Applicable,Not Applicable,Not Applicable,Not Applicable
D01-5046180-8902604,Credit Card,Not Available,Yes,Not Applicable,Not Applicable,Not Applicable,Not Applicable,Not Applicable
D01-6990011-4294656,Credit Card,Not Available,Yes,Not Applicable,Not Applicable,Not Applicable,Not Applicable,Not Applicable
D01-8200307-4662627,Credit Card,Not Available,Yes,Not Applicable,Not Applicable,Not Applicable,Not Applicable,Not Applicable
D01-0895163-2048214,Credit Card,Not Available,Yes,Not Applicable,Not Applicable,Not Applicable,Not Applicable,Not Applicable
D01-6749921-7616214,Credit Card,Not Available,Yes,Not Applicable,Not Applicable,Not Applicable,Not Applicable,Not Applicable
D01-0675318-2915443,Credit Card,Not Available,Yes,Not Applicable,Not Applicable,Not Applicable,Not Applicable,Not Applicable
D01-0675318-2915443,Credit Card,Not Available,Yes,Not Applicable,Not Applicable,Not Applicable,Not Applicable,Not Applicable
D01-8112188-7341064,Credit Card,Not Available,Yes,Not Applicable,Not Applicable,Not Applicable,Not Applicable,Not Applicable
D01-2254912-7875431,Credit Card,Not Available,Yes,Not Applicable,Not Applicable,Not Applicable,Not Applicable,Not Applicable
D01-7782210-5968209,Credit Card,Not Available,Yes,Not Applicable,Not Applicable,Not Applicable,Not Applicable,Not Applicable
D01-1198369-7875417,Credit Card,Not Available,Yes,Not Applicable,Not Applicable,Not Applicable,Not Applicable,Not Applicable
D01-1741894-8973032,Credit Card,Not Available,Yes,Not Applicable,Not Applicable,Not Applicable,Not Applicable,Not Applicable
D01-4704393-3497857,Credit Card,Not Available,Yes,Not Applicable,Not Applicable,Not Applicable,Not Applicable,Not Applicable
D01-4704393-3497857,Credit Card,Not Available,Yes,Not Applicable,Not Applicable,Not Applicable,Not Applicable,Not Applicable
D01-1647194-1667451,Credit Card,Not Available,Yes,Not Applicable,Not Applicable,Not Applicable,Not Applicable,Not Applicable
D01-7397503-0547405,Credit Card,Not Available,Yes,Not Applicable,Not Applicable,Not Applicable,Not Applicable,Not Applicable
D01-4764640-8387449,Credit Card,Not Available,Yes,Not Applicable,Not Applicable,Not Applicable,Not Applicable,Not Applicable
D01-4764640-8387449,Credit Card,Not Available,Yes,Not Applicable,Not Applicable,Not Applicable,Not Applicable,Not Applicable
D01-4764640-8387449,Credit Card,Not Available,Yes,Not Applicable,Not Applicable,Not Applicable,Not Applicable,Not Applicable
D01-8026088-5497824,Credit Card,Not Available,Yes,Not Applicable,Not Applicable,Not Applicable,Not Applicable,Not Applicable
D01-8026088-5497824,Credit Card,Not Available,Yes,Not Applicable,Not Applicable,Not Applicable,Not Applicable,Not Applicable
D01-8026088-5497824,Credit Card,Not Available,Yes,Not Applicable,Not Applicable,Not Applicable,Not Applicable,Not Applicable
D01-8329009-5414634,Credit Card,Not Available,Yes,Not Applicable,Not Applicable,Not Applicable,Not Applicable,Not Applicable
D01-6512271-9533065,Credit Card,Not Available,Yes,Not Applicable,Not Applicable,Not Applicable,Not Applicable,Not Applicable
D01-6512271-9533065,Credit Card,Not Available,Yes,Not Applicable,Not Applicable,Not Applicable,Not Applicable,Not Applicable
D01-6512271-9533065,Credit Card,Not Available,Yes,Not Applicable,Not Applicable,Not Applicable,Not Applicable,Not Applicable
D01-6512271-9533065,Credit Card,Not Available,Yes,Not Applicable,Not Applicable,Not Applicable,Not Applicable,Not Applicable
D01-6512271-9533065,Credit Card,Not Available,Yes,Not Applicable,Not Applicable,Not Applicable,Not Applicable,Not Applicable
D01-6512271-9533065,Credit Card,Not Available,Yes,Not Applicable,Not Applicable,Not Applicable,Not Applicable,Not Applicable
D01-6012211-2758656,Credit Card,Not Available,Yes,Not Applicable,Not Applicable,Not Applicable,Not Applicable,Not Applicable
D01-6012211-2758656,Credit Card,Not Available,Yes,Not Applicable,Not Applicable,Not Applicable,Not Applicable,Not Applicable
D01-6012211-2758656,Credit Card,Not Available,Yes,Not Applicable,Not Applicable,Not Applicable,Not Applicable,Not Applicable
D01-6012211-2758656,Credit Card,Not Available,Yes,Not Applicable,Not Applicable,Not Applicable,Not Applicable,Not Applicable
D01-6012211-2758656,Credit Card,Not Available,Yes,Not Applicable,Not Applicable,Not Applicable,Not Applicable,Not Applicable
D01-6012211-2758656,Credit Card,Not Available,Yes,Not Applicable,Not Applicable,Not Applicable,Not Applicable,Not Applicable
D01-4491821-4464261,Credit Card,Not Available,Yes,Not Applicable,Not Applicable,Not Applicable,Not Applicable,Not Applicable
D01-4491821-4464261,Credit Card,Not Available,Yes,Not Applicable,Not Applicable,Not Applicable,Not Applicable,Not Applicable
D01-4491821-4464261,Credit Card,Not Available,Yes,Not Applicable,Not Applicable,Not Applicable,Not Applicable,Not Applicable
D01-4491821-4464261,Credit Card,Not Available,Yes,Not Applicable,Not Applicable,Not Applicable,Not Applicable,Not Applicable
D01-4491821-4464261,Credit Card,Not Available,Yes,Not Applicable,Not Applicable,Not Applicable,Not Applicable,Not Applicable
D01-4491821-4464261,Credit Card,Not Available,Yes,Not Applicable,Not Applicable,Not Applicable,Not Applicable,Not Applicable
D01-0895671-9245057,Credit Card,Not Available,Yes,Not Applicable,Not Applicable,Not Applicable,Not Applicable,Not Applicable
D01-0895671-9245057,Credit Card,Not Available,Yes,Not Applicable,Not Applicable,Not Applicable,Not Applicable,Not Applicable
D01-0895671-9245057,Credit Card,Not Available,Yes,Not Applicable,Not Applicable,Not Applicable,Not Applicable,Not Applicable
D01-0895671-9245057,Credit Card,Not Available,Yes,Not Applicable,Not Applicable,Not Applicable,Not Applicable,Not Applicable
D01-0895671-9245057,Credit Card,Not Available,Yes,Not Applicable,Not Applicable,Not Applicable,Not Applicable,Not Applicable
D01-9472868-7577802,Credit Card,Not Available,Yes,Not Applicable,Not Applicable,Not Applicable,Not Applicable,Not Applicable
D01-9472868-7577802,Credit Card,Not Available,Yes,Not Applicable,Not Applicable,Not Applicable,Not Applicable,Not Applicable
D01-9472868-7577802,Credit Card,Not Available,Yes,Not Applicable,Not Applicable,Not Applicable,Not Applicable,Not Applicable
D01-9472868-7577802,Credit Card,Not Available,Yes,Not Applicable,Not Applicable,Not Applicable,Not Applicable,Not Applicable
D01-9472868-7577802,Credit Card,Not Available,Yes,Not Applicable,Not Applicable,Not Applicable,Not Applicable,Not Applicable
D01-4155460-8467424,Credit Card,Not Available,Yes,Not Applicable,Not Applicable,Not Applicable,Not Applicable,Not Applicable
D01-4155460-8467424,Credit Card,Not Available,Yes,Not Applicable,Not Applicable,Not Applicable,Not Applicable,Not Applicable
D01-4155460-8467424,Credit Card,Not Available,Yes,Not Applicable,Not Applicable,Not Applicable,Not Applicable,Not Applicable
D01-4155460-8467424,Credit Card,Not Available,Yes,Not Applicable,Not Applicable,Not Applicable,Not Applicable,Not Applicable
D01-4155460-8467424,Credit Card,Not Available,Yes,Not Applicable,Not Applicable,Not Applicable,Not Applicable,Not Applicable
D01-4452351-1161845,Credit Card,Not Available,Yes,Not Applicable,Not Applicable,Not Applicable,Not Applicable,Not Applicable
D01-0706723-7523469,Credit Card,Not Available,Yes,Not Applicable,Not Applicable,Not Applicable,Not Applicable,Not Applicable
D01-0706723-7523469,Credit Card,Not Available,Yes,Not Applicable,Not Applicable,Not Applicable,Not Applicable,Not Applicable
D01-0706723-7523469,Credit Card,Not Available,Yes,Not Applicable,Not Applicable,Not Applicable,Not Applicable,Not Applicable
D01-0706723-7523469,Credit Card,Not Available,Yes,Not Applicable,Not Applicable,Not Applicable,Not Applicable,Not Applicable
D01-1107763-9849856,Credit Card,Not Available,Yes,Not Applicable,Not Applicable,Not Applicable,Not Applicable,Not Applicable
D01-1107763-9849856,Credit Card,Not Available,Yes,Not Applicable,Not Applicable,Not Applicable,Not Applicable,Not Applicable
D01-1107763-9849856,Credit Card,Not Available,Yes,Not Applicable,Not Applicable,Not Applicable,Not Applicable,Not Applicable
D01-9590945-0157003,Credit Card,Not Available,Yes,Not Applicable,Not Applicable,Not Applicable,Not Applicable,Not Applicable
D01-9590945-0157003,Credit Card,Not Available,Yes,Not Applicable,Not Applicable,Not Applicable,Not Applicable,Not Applicable
D01-9590945-0157003,Credit Card,Not Available,Yes,Not Applicable,Not Applicable,Not Applicable,Not Applicable,Not Applicable
D01-5983814-6089843,Credit Card,Not Available,Yes,Not Applicable,Not Applicable,Not Applicable,Not Applicable,Not Applicable
D01-5983814-6089843,Credit Card,Not Available,Yes,Not Applicable,Not Applicable,Not Applicable,Not Applicable,Not Applicable
D01-5983814-6089843,Credit Card,Not Available,Yes,Not Applicable,Not Applicable,Not Applicable,Not Applicable,Not Applicable
D01-2166089-2643406,Credit Card,Not Available,Yes,Not Applicable,Not Applicable,Not Applicable,Not Applicable,Not Applicable
D01-1670061-9209822,Credit Card,Not Available,Yes,Not Applicable,Not Applicable,Not Applicable,Not Applicable,Not Applicable
D01-2543269-5325050,Credit Card,Not Available,Yes,Not Applicable,Not Applicable,Not Applicable,Not Applicable,Not Applicable
D01-2543269-5325050,Credit Card,Not Available,Yes,Not Applicable,Not Applicable,Not Applicable,Not Applicable,Not Applicable
D01-2543269-5325050,Credit Card,Not Available,Yes,Not Applicable,Not Applicable,Not Applicable,Not Applicable,Not Applicable
D01-4280306-0813068,Credit Card,Not Available,Yes,Not Applicable,Not Applicable,Not Applicable,Not Applicable,Not Applicable
D01-4280306-0813068,Credit Card,Not Available,Yes,Not Applicable,Not Applicable,Not Applicable,Not Applicable,Not Applicable
D01-4280306-0813068,Credit Card,Not Available,Yes,Not Applicable,Not Applicable,Not Applicable,Not Applicable,Not Applicable
D01-2714902-8409812,Credit Card,Not Available,Yes,Not Applicable,Not Applicable,Not Applicable,Not Applicable,Not Applicable
D01-2714902-8409812,Credit Card,Not Available,Yes,Not Applicable,Not Applicable,Not Applicable,Not Applicable,Not Applicable
D01-2714902-8409812,Credit Card,Not Available,Yes,Not Applicable,Not Applicable,Not Applicable,Not Applicable,Not Applicable
D01-9676947-8189009,Credit Card,Not Available,Yes,Not Applicable,Not Applicable,Not Applicable,Not Applicable,Not Applicable
D01-9676947-8189009,Credit Card,Not Available,Yes,Not Applicable,Not Applicable,Not Applicable,Not Applicable,Not Applicable
D01-9676947-8189009,Credit Card,Not Available,Yes,Not Applicable,Not Applicable,Not Applicable,Not Applicable,Not Applicable
D01-4946170-6205057,Credit Card,Not Available,Yes,Not Applicable,Not Applicable,Not Applicable,Not Applicable,Not Applicable
D01-4946170-6205057,Credit Card,Not Available,Yes,Not Applicable,Not Applicable,Not Applicable,Not Applicable,Not Applicable
D01-4946170-6205057,Credit Card,Not Available,Yes,Not Applicable,Not Applicable,Not Applicable,Not Applicable,Not Applicable
D01-4333447-5161813,Credit Card,Not Available,Yes,Not Applicable,Not Applicable,Not Applicable,Not Applicable,Not Applicable
D01-4333447-5161813,Gift Card,Not Applicable,Yes,Not Applicable,Not Applicable,Not Applicable,Not Applicable,Not Applicable
D01-1113857-3712200,Gift Card,Not Applicable,Yes,Not Applicable,Not Applicable,Not Applicable,Not Applicable,Not Applicable
D01-1113857-3712200,Credit Card,Not Available,Yes,Not Applicable,Not Applicable,Not Applicable,Not Applicable,Not Applicable
D01-6696105-2121845,Credit Card,Not Available,Yes,Not Applicable,Not Applicable,Not Applicable,Not Applicable,Not Applicable
D01-6696105-2121845,Credit Card,Not Available,Yes,Not Applicable,Not Applicable,Not Applicable,Not Applicable,Not Applicable
D01-6696105-2121845,Credit Card,Not Available,Yes,Not Applicable,Not Applicable,Not Applicable,Not Applicable,Not Applicable
D01-7591643-2473803,Credit Card,Not Available,Yes,Not Applicable,Not Applicable,Not Applicable,Not Applicable,Not Applicable
D01-7591643-2473803,Credit Card,Not Available,Yes,Not Applicable,Not Applicable,Not Applicable,Not Applicable,Not Applicable
D01-7591643-2473803,Credit Card,Not Available,Yes,Not Applicable,Not Applicable,Not Applicable,Not Applicable,Not Applicable
D01-8527660-6531445,Credit Card,Not Available,Yes,Not Applicable,Not Applicable,Not Applicable,Not Applicable,Not Applicable
D01-0736383-1277029,Credit Card,Not Available,Yes,Not Applicable,Not Applicable,Not Applicable,Not Applicable,Not Applicable
D01-0736383-1277029,Credit Card,Not Available,Yes,Not Applicable,Not Applicable,Not Applicable,Not Applicable,Not Applicable
D01-0736383-1277029,Credit Card,Not Available,Yes,Not Applicable,Not Applicable,Not Applicable,Not Applicable,Not Applicable
D01-6271221-8435444,Credit Card,Not Available,Yes,Not Applicable,Not Applicable,Not Applicable,Not Applicable,Not Applicable
D01-6271221-8435444,Credit Card,Not Available,Yes,Not Applicable,Not Applicable,Not Applicable,Not Applicable,Not Applicable
D01-6271221-8435444,Credit Card,Not Available,Yes,Not Applicable,Not Applicable,Not Applicable,Not Applicable,Not Applicable
D01-3233236-9600222,Credit Card,Not Available,Yes,Not Applicable,Not Applicable,Not Applicable,Not Applicable,Not Applicable
D01-9632776-5878609,Credit Card,Not Available,Yes,Not Applicable,Not Applicable,Not Applicable,Not Applicable,Not Applicable
D01-9632776-5878609,Credit Card,Not Available,Yes,Not Applicable,Not Applicable,Not Applicable,Not Applicable,Not Applicable
D01-9632776-5878609,Credit Card,Not Available,Yes,Not Applicable,Not Applicable,Not Applicable,Not Applicable,Not Applicable
D01-6850690-7699458,Credit Card,Not Available,Yes,Not Applicable,Not Applicable,Not Applicable,Not Applicable,Not Applicable
D01-6850690-7699458,Credit Card,Not Available,Yes,Not Applicable,Not Applicable,Not Applicable,Not Applicable,Not Applicable
D01-6850690-7699458,Credit Card,Not Available,Yes,Not Applicable,Not Applicable,Not Applicable,Not Applicable,Not Applicable
D01-4510073-5517064,Gift Card,Not Applicable,Yes,Not Applicable,Not Applicable,Not Applicable,Not Applicable,Not Applicable
D01-4510073-5517064,Credit Card,Not Available,Yes,Not Applicable,Not Applicable,Not Applicable,Not Applicable,Not Applicable
D01-5429628-8800234,Credit Card,Not Available,Yes,Not Applicable,Not Applicable,Not Applicable,Not Applicable,Not Applicable
D01-5429628-8800234,Credit Card,Not Available,Yes,Not Applicable,Not Applicable,Not Applicable,Not Applicable,Not Applicable
D01-2761761-8189015,Credit Card,Not Available,Yes,Not Applicable,Not Applicable,Not Applicable,Not Applicable,Not Applicable
D01-2761761-8189015,Credit Card,Not Available,Yes,Not Applicable,Not Applicable,Not Applicable,Not Applicable,Not Applicable
D01-9330245-6832245,Credit Card,Not Available,Yes,Not Applicable,Not Applicable,Not Applicable,Not Applicable,Not Applicable
D01-9330245-6832245,Credit Card,Not Available,Yes,Not Applicable,Not Applicable,Not Applicable,Not Applicable,Not Applicable
D01-2903331-7161856,Credit Card,Not Available,Yes,Not Applicable,Not Applicable,Not Applicable,Not Applicable,Not Applicable
D01-2903331-7161856,Credit Card,Not Available,Yes,Not Applicable,Not Applicable,Not Applicable,Not Applicable,Not Applicable
D01-1959305-8073829,Credit Card,Not Available,Yes,Not Applicable,Not Applicable,Not Applicable,Not Applicable,Not Applicable
D01-1959305-8073829,Credit Card,Not Available,Yes,Not Applicable,Not Applicable,Not Applicable,Not Applicable,Not Applicable
D01-6618498-3117008,Credit Card,Not Available,Yes,Not Applicable,Not Applicable,Not Applicable,Not Applicable,Not Applicable
D01-6618498-3117008,Credit Card,Not Available,Yes,Not Applicable,Not Applicable,Not Applicable,Not Applicable,Not Applicable
D01-9129819-1251459,Gift Card,Not Applicable,Yes,Not Applicable,Not Applicable,Not Applicable,Not Applicable,Not Applicable
D01-9129819-1251459,Credit Card,Not Available,Yes,Not Applicable,Not Applicable,Not Applicable,Not Applicable,Not Applicable
D01-4371535-3539402,Credit Card,Not Available,Yes,Not Applicable,Not Applicable,Not Applicable,Not Applicable,Not Applicable
D01-4371535-3539402,Credit Card,Not Available,Yes,Not Applicable,Not Applicable,Not Applicable,Not Applicable,Not Applicable
D01-5799990-1174643,Credit Card,Not Available,Yes,Not Applicable,Not Applicable,Not Applicable,Not Applicable,Not Applicable
D01-5799990-1174643,Credit Card,Not Available,Yes,Not Applicable,Not Applicable,Not Applicable,Not Applicable,Not Applicable
D01-9357483-2793827,Credit Card,Not Available,Yes,Not Applicable,Not Applicable,Not Applicable,Not Applicable,Not Applicable
D01-9357483-2793827,Credit Card,Not Available,Yes,Not Applicable,Not Applicable,Not Applicable,Not Applicable,Not Applicable
D01-2219854-8304257,Credit Card,Not Available,Yes,Not Applicable,Not Applicable,Not Applicable,Not Applicable,Not Applicable
D01-5986386-4816259,Credit Card,Not Available,Yes,Not Applicable,Not Applicable,Not Applicable,Not Applicable,Not Applicable
D01-5986386-4816259,Credit Card,Not Available,Yes,Not Applicable,Not Applicable,Not Applicable,Not Applicable,Not Applicable
D01-4272060-7136264,Credit Card,Not Available,Yes,Not Applicable,Not Applicable,Not Applicable,Not Applicable,Not Applicable
D01-4272060-7136264,Credit Card,Not Available,Yes,Not Applicable,Not Applicable,Not Applicable,Not Applicable,Not Applicable
D01-5216060-0051422,Credit Card,Not Available,Yes,Not Applicable,Not Applicable,Not Applicable,Not Applicable,Not Applicable
D01-6342500-2883409,Credit Card,Not Available,Yes,Not Applicable,Not Applicable,Not Applicable,Not Applicable,Not Applicable
D01-7811977-4669011,Gift Card,Not Applicable,Yes,Not Applicable,Not Applicable,Not Applicable,Not Applicable,Not Applicable
D01-0924507-0365062,Credit Card,Not Available,Yes,Not Applicable,Not Applicable,Not Applicable,Not Applicable,Not Applicable
D01-0924507-0365062,Credit Card,Not Available,Yes,Not Applicable,Not Applicable,Not Applicable,Not Applicable,Not Applicable
D01-5386268-1305842,Credit Card,Not Available,Yes,Not Applicable,Not Applicable,Not Applicable,Not Applicable,Not Applicable
D01-5386268-1305842,Credit Card,Not Available,Yes,Not Applicable,Not Applicable,Not Applicable,Not Applicable,Not Applicable
D01-1313174-6454659,Gift Card,Not Applicable,Yes,Not Applicable,Not Applicable,Not Applicable,Not Applicable,Not Applicable
D01-0565024-5782607,Credit Card,Not Available,Yes,Not Applicable,Not Applicable,Not Applicable,Not Applicable,Not Applicable
D01-0565024-5782607,Credit Card,Not Available,Yes,Not Applicable,Not Applicable,Not Applicable,Not Applicable,Not Applicable
D01-4677925-6973001,Credit Card,Not Available,Yes,Not Applicable,Not Applicable,Not Applicable,Not Applicable,Not Applicable
D01-4677925-6973001,Credit Card,Not Available,Yes,Not Applicable,Not Applicable,Not Applicable,Not Applicable,Not Applicable
D01-1078719-9993865,Credit Card,Not Available,Yes,Not Applicable,Not Applicable,Not Applicable,Not Applicable,Not Applicable
D01-1078719-9993865,Credit Card,Not Available,Yes,Not Applicable,Not Applicable,Not Applicable,Not Applicable,Not Applicable
D01-3181116-4425857,Credit Card,Not Available,Yes,Not Applicable,Not Applicable,Not Applicable,Not Applicable,Not Applicable
D01-2491406-0201863,Credit Card,Not Available,Yes,Not Applicable,Not Applicable,Not Applicable,Not Applicable,Not Applicable
D01-7630665-2963402,Credit Card,Not Available,Yes,Not Applicable,Not Applicable,Not Applicable,Not Applicable,Not Applicable
D01-1030679-9408240,Credit Card,Not Available,Yes,Not Applicable,Not Applicable,Not Applicable,Not Applicable,Not Applicable
D01-1030679-9408240,Credit Card,Not Available,Yes,Not Applicable,Not Applicable,Not Applicable,Not Applicable,Not Applicable
D01-0393144-8672234,Credit Card,Not Available,Yes,Not Applicable,Not Applicable,Not Applicable,Not Applicable,Not Applicable
D01-0393144-8672234,Credit Card,Not Available,Yes,Not Applicable,Not Applicable,Not Applicable,Not Applicable,Not Applicable
D01-6323698-1357036,Credit Card,Not Available,Yes,Not Applicable,Not Applicable,Not Applicable,Not Applicable,Not Applicable
D01-6323698-1357036,Gift Card,Not Applicable,Yes,Not Applicable,Not Applicable,Not Applicable,Not Applicable,Not Applicable
D01-9119998-9027455,Credit Card,Not Available,Yes,Not Applicable,Not Applicable,Not Applicable,Not Applicable,Not Applicable
D01-0843812-4176265,Credit Card,Not Available,Yes,Not Applicable,Not Applicable,Not Applicable,Not Applicable,Not Applicable
D01-0843812-4176265,Credit Card,Not Available,Yes,Not Applicable,Not Applicable,Not Applicable,Not Applicable,Not Applicable
D01-9348889-2022618,Credit Card,Not Available,Yes,Not Applicable,Not Applicable,Not Applicable,Not Applicable,Not Applicable
D01-7258392-5737845,Credit Card,Not Available,Yes,Not Applicable,Not Applicable,Not Applicable,Not Applicable,Not Applicable
D01-9889031-0483459,Credit Card,Not Available,Yes,Not Applicable,Not Applicable,Not Applicable,Not Applicable,Not Applicable
D01-9889031-0483459,Credit Card,Not Available,Yes,Not Applicable,Not Applicable,Not Applicable,Not Applicable,Not Applicable
D01-0104455-4461052,Credit Card,Not Available,Yes,Not Applicable,Not Applicable,Not Applicable,Not Applicable,Not Applicable
D01-0104455-4461052,Credit Card,Not Available,Yes,Not Applicable,Not Applicable,Not Applicable,Not Applicable,Not Applicable
D01-4303402-9577811,Credit Card,Not Available,Yes,Not Applicable,Not Applicable,Not Applicable,Not Applicable,Not Applicable
D01-4303402-9577811,Credit Card,Not Available,Yes,Not Applicable,Not Applicable,Not Applicable,Not Applicable,Not Applicable
D01-0468980-1312250,Credit Card,Not Available,Yes,Not Applicable,Not Applicable,Not Applicable,Not Applicable,Not Applicable
D01-0468980-1312250,Gift Card,Not Applicable,Yes,Not Applicable,Not Applicable,Not Applicable,Not Applicable,Not Applicable
D01-2525094-3510669,Credit Card,Not Available,Yes,Not Applicable,Not Applicable,Not Applicable,Not Applicable,Not Applicable
D01-2525094-3510669,Credit Card,Not Available,Yes,Not Applicable,Not Applicable,Not Applicable,Not Applicable,Not Applicable
D01-6625125-2710605,Credit Card,Not Available,Yes,Not Applicable,Not Applicable,Not Applicable,Not Applicable,Not Applicable
D01-6625125-2710605,Credit Card,Not Available,Yes,Not Applicable,Not Applicable,Not Applicable,Not Applicable,Not Applicable
D01-0469092-2521836,Credit Card,Not Available,Yes,Not Applicable,Not Applicable,Not Applicable,Not Applicable,Not Applicable
D01-7349925-3875469,Credit Card,Not Available,Yes,Not Applicable,Not Applicable,Not Applicable,Not Applicable,Not Applicable
D01-9048387-7334600,Credit Card,Not Available,Yes,Not Applicable,Not Applicable,Not Applicable,Not Applicable,Not Applicable
D01-9048387-7334600,Credit Card,Not Available,Yes,Not Applicable,Not Applicable,Not Applicable,Not Applicable,Not Applicable
D01-9741590-5373033,Credit Card,Not Available,Yes,Not Applicable,Not Applicable,Not Applicable,Not Applicable,Not Applicable
D01-9741590-5373033,Gift Card,Not Applicable,Yes,Not Applicable,Not Applicable,Not Applicable,Not Applicable,Not Applicable
D01-0716352-8745841,Credit Card,Not Available,Yes,Not Applicable,Not Applicable,Not Applicable,Not Applicable,Not Applicable
D01-0716352-8745841,Credit Card,Not Available,Yes,Not Applicable,Not Applicable,Not Applicable,Not Applicable,Not Applicable
D01-6745795-2003412,Credit Card,Not Available,Yes,Not Applicable,Not Applicable,Not Applicable,Not Applicable,Not Applicable
D01-1564691-0064228,Credit Card,Not Available,Yes,Not Applicable,Not Applicable,Not Applicable,Not Applicable,Not Applicable
D01-1564691-0064228,Credit Card,Not Available,Yes,Not Applicable,Not Applicable,Not Applicable,Not Applicable,Not Applicable
D01-4733571-6832251,Credit Card,Not Available,Yes,Not Applicable,Not Applicable,Not Applicable,Not Applicable,Not Applicable
D01-4733571-6832251,Credit Card,Not Available,Yes,Not Applicable,Not Applicable,Not Applicable,Not Applicable,Not Applicable
D01-7868211-0688201,Not Applicable,Not Applicable,Yes,Not Applicable,Not Applicable,Not Applicable,Not Applicable,Not Applicable
D01-2205975-0752265,Credit Card,Not Available,Yes,Not Applicable,Not Applicable,Not Applicable,Not Applicable,Not Applicable
D01-2205975-0752265,Credit Card,Not Available,Yes,Not Applicable,Not Applicable,Not Applicable,Not Applicable,Not Applicable
D01-6983905-6656208,Credit Card,Not Available,Yes,Not Applicable,Not Applicable,Not Applicable,Not Applicable,Not Applicable
D01-6983905-6656208,Credit Card,Not Available,Yes,Not Applicable,Not Applicable,Not Applicable,Not Applicable,Not Applicable
D01-9204577-2157036,Credit Card,Not Available,Yes,Not Applicable,Not Applicable,Not Applicable,Not Applicable,Not Applicable
D01-9204577-2157036,Credit Card,Not Available,Yes,Not Applicable,Not Applicable,Not Applicable,Not Applicable,Not Applicable
D01-5465437-6387434,Credit Card,Not Available,Yes,Not Applicable,Not Applicable,Not Applicable,Not Applicable,Not Applicable
D01-5465437-6387434,Credit Card,Not Available,Yes,Not Applicable,Not Applicable,Not Applicable,Not Applicable,Not Applicable
D01-0023522-9270631,Credit Card,Not Available,Yes,Not Applicable,Not Applicable,Not Applicable,Not Applicable,Not Applicable
D01-0023522-9270631,Credit Card,Not Available,Yes,Not Applicable,Not Applicable,Not Applicable,Not Applicable,Not Applicable
D01-5999087-8861027,Credit Card,Not Available,Yes,Not Applicable,Not Applicable,Not Applicable,Not Applicable,Not Applicable
D01-5999087-8861027,Credit Card,Not Available,Yes,Not Applicable,Not Applicable,Not Applicable,Not Applicable,Not Applicable
D01-2326413-9235412,Credit Card,Not Available,Yes,Not Applicable,Not Applicable,Not Applicable,Not Applicable,Not Applicable
D01-2326413-9235412,Credit Card,Not Available,Yes,Not Applicable,Not Applicable,Not Applicable,Not Applicable,Not Applicable
D01-2635723-9801851,Credit Card,Not Available,Yes,Not Applicable,Not Applicable,Not Applicable,Not Applicable,Not Applicable
D01-2635723-9801851,Credit Card,Not Available,Yes,Not Applicable,Not Applicable,Not Applicable,Not Applicable,Not Applicable
D01-5679966-7443410,Credit Card,Not Available,Yes,Not Applicable,Not Applicable,Not Applicable,Not Applicable,Not Applicable
D01-5679966-7443410,Credit Card,Not Available,Yes,Not Applicable,Not Applicable,Not Applicable,Not Applicable,Not Applicable
D01-6774479-0819464,Credit Card,Not Available,Yes,Not Applicable,Not Applicable,Not Applicable,Not Applicable,Not Applicable
D01-6774479-0819464,Credit Card,Not Available,Yes,Not Applicable,Not Applicable,Not Applicable,Not Applicable,Not Applicable
D01-9909944-7110654,Credit Card,Not Available,Yes,Not Applicable,Not Applicable,Not Applicable,Not Applicable,Not Applicable
D01-9909944-7110654,Credit Card,Not Available,Yes,Not Applicable,Not Applicable,Not Applicable,Not Applicable,Not Applicable
D01-3601924-9817846,Credit Card,Not Available,Yes,Not Applicable,Not Applicable,Not Applicable,Not Applicable,Not Applicable
D01-3601924-9817846,Credit Card,Not Available,Yes,Not Applicable,Not Applicable,Not Applicable,Not Applicable,Not Applicable
D01-1647620-5776269,Gift Card,Not Applicable,Yes,Not Applicable,Not Applicable,Not Applicable,Not Applicable,Not Applicable
D01-1647620-5776269,Credit Card,Not Available,Yes,Not Applicable,Not Applicable,Not Applicable,Not Applicable,Not Applicable
D01-2507788-2873830,Credit Card,Not Available,Yes,Not Applicable,Not Applicable,Not Applicable,Not Applicable,Not Applicable
D01-2507788-2873830,Credit Card,Not Available,Yes,Not Applicable,Not Applicable,Not Applicable,Not Applicable,Not Applicable
D01-6105833-3088267,Gift Card,Not Applicable,Yes,Not Applicable,Not Applicable,Not Applicable,Not Applicable,Not Applicable
D01-6105833-3088267,Credit Card,Not Available,Yes,Not Applicable,Not Applicable,Not Applicable,Not Applicable,Not Applicable
D01-1750841-4345812,Credit Card,Not Available,Yes,Not Applicable,Not Applicable,Not Applicable,Not Applicable,Not Applicable
D01-1750841-4345812,Credit Card,Not Available,Yes,Not Applicable,Not Applicable,Not Applicable,Not Applicable,Not Applicable
D01-8192652-1120224,Gift Card,Not Applicable,Yes,Not Applicable,Not Applicable,Not Applicable,Not Applicable,Not Applicable
D01-8192652-1120224,Credit Card,Not Available,Yes,Not Applicable,Not Applicable,Not Applicable,Not Applicable,Not Applicable
D01-1468056-7299435,Credit Card,Not Available,Yes,Not Applicable,Not Applicable,Not Applicable,Not Applicable,Not Applicable
D01-1468056-7299435,Gift Card,Not Applicable,Yes,Not Applicable,Not Applicable,Not Applicable,Not Applicable,Not Applicable
D01-8536592-9133054,Gift Card,Not Applicable,Yes,Not Applicable,Not Applicable,Not Applicable,Not Applicable,Not Applicable
D01-8536592-9133054,Credit Card,Not Available,Yes,Not Applicable,Not Applicable,Not Applicable,Not Applicable,Not Applicable
D01-4455384-8813040,Credit Card,Not Available,Yes,Not Applicable,Not Applicable,Not Applicable,Not Applicable,Not Applicable
D01-4455384-8813040,Gift Card,Not Applicable,Yes,Not Applicable,Not Applicable,Not Applicable,Not Applicable,Not Applicable
D01-3889610-3254629,Gift Card,Not Applicable,Yes,Not Applicable,Not Applicable,Not Applicable,Not Applicable,Not Applicable
D01-3889610-3254629,Credit Card,Not Available,Yes,Not Applicable,Not Applicable,Not Applicable,Not Applicable,Not Applicable
D01-0684081-6057847,Gift Card,Not Applicable,Yes,Not Applicable,Not Applicable,Not Applicable,Not Applicable,Not Applicable
D01-0684081-6057847,Credit Card,Not Available,Yes,Not Applicable,Not Applicable,Not Applicable,Not Applicable,Not Applicable
D01-7277003-4835439,Credit Card,Not Available,Yes,Not Applicable,Not Applicable,Not Applicable,Not Applicable,Not Applicable
D01-7277003-4835439,Gift Card,Not Applicable,Yes,Not Applicable,Not Applicable,Not Applicable,Not Applicable,Not Applicable
D01-4362329-7837003,Gift Card,Not Applicable,Yes,Not Applicable,Not Applicable,Not Applicable,Not Applicable,Not Applicable
D01-4362329-7837003,Credit Card,Not Available,Yes,Not Applicable,Not Applicable,Not Applicable,Not Applicable,Not Applicable
D01-0455930-7737804,Credit Card,Not Available,Yes,Not Applicable,Not Applicable,Not Applicable,Not Applicable,Not Applicable
D01-0455930-7737804,Gift Card,Not Applicable,Yes,Not Applicable,Not Applicable,Not Applicable,Not Applicable,Not Applicable
D01-7859543-0397030,Credit Card,Not Available,Yes,Not Applicable,Not Applicable,Not Applicable,Not Applicable,Not Applicable
D01-7859543-0397030,Gift Card,Not Applicable,Yes,Not Applicable,Not Applicable,Not Applicable,Not Applicable,Not Applicable
D01-8092439-6838617,Credit Card,Not Available,Yes,Not Applicable,Not Applicable,Not Applicable,Not Applicable,Not Applicable
D01-8092439-6838617,Credit Card,Not Available,Yes,Not Applicable,Not Applicable,Not Applicable,Not Applicable,Not Applicable
D01-0141204-6509018,Credit Card,Not Available,Yes,Not Applicable,Not Applicable,Not Applicable,Not Applicable,Not Applicable
D01-0141204-6509018,Credit Card,Not Available,Yes,Not Applicable,Not Applicable,Not Applicable,Not Applicable,Not Applicable
D01-7672006-3440227,Credit Card,Not Available,Yes,Not Applicable,Not Applicable,Not Applicable,Not Applicable,Not Applicable
D01-6245114-8137813,Credit Card,Not Available,Yes,Not Applicable,Not Applicable,Not Applicable,Not Applicable,Not Applicable
D01-6245114-8137813,Credit Card,Not Available,Yes,Not Applicable,Not Applicable,Not Applicable,Not Applicable,Not Applicable
D01-1776067-4438645,Gift Card,Not Applicable,Yes,Not Applicable,Not Applicable,Not Applicable,Not Applicable,Not Applicable
D01-1776067-4438645,Credit Card,Not Available,Yes,Not Applicable,Not Applicable,Not Applicable,Not Applicable,Not Applicable
D01-6836291-4861039,Gift Card,Not Applicable,Yes,Not Applicable,Not Applicable,Not Applicable,Not Applicable,Not Applicable
D01-6836291-4861039,Credit Card,Not Available,Yes,Not Applicable,Not Applicable,Not Applicable,Not Applicable,Not Applicable
D01-0468368-1827423,Gift Card,Not Applicable,Yes,Not Applicable,Not Applicable,Not Applicable,Not Applicable,Not Applicable
D01-0468368-1827423,Credit Card,Not Available,Yes,Not Applicable,Not Applicable,Not Applicable,Not Applicable,Not Applicable
D01-6161595-1168233,Credit Card,Not Available,Yes,Not Applicable,Not Applicable,Not Applicable,Not Applicable,Not Applicable
D01-6161595-1168233,Gift Card,Not Applicable,Yes,Not Applicable,Not Applicable,Not Applicable,Not Applicable,Not Applicable
D01-9609949-0361803,Gift Card,Not Applicable,Yes,Not Applicable,Not Applicable,Not Applicable,Not Applicable,Not Applicable
D01-9609949-0361803,Credit Card,Not Available,Yes,Not Applicable,Not Applicable,Not Applicable,Not Applicable,Not Applicable
D01-7241810-0985862,Credit Card,Not Available,Yes,Not Applicable,Not Applicable,Not Applicable,Not Applicable,Not Applicable
D01-6654226-0227423,Credit Card,Not Available,Yes,Not Applicable,Not Applicable,Not Applicable,Not Applicable,Not Applicable
D01-6654226-0227423,Credit Card,Not Available,Yes,Not Applicable,Not Applicable,Not Applicable,Not Applicable,Not Applicable
D01-4220400-9078639,Credit Card,Not Available,Yes,Not Applicable,Not Applicable,Not Applicable,Not Applicable,Not Applicable
D01-4220400-9078639,Credit Card,Not Available,Yes,Not Applicable,Not Applicable,Not Applicable,Not Applicable,Not Applicable
D01-9583227-2960233,Credit Card,Not Available,Yes,Not Applicable,Not Applicable,Not Applicable,Not Applicable,Not Applicable
D01-9583227-2960233,Credit Card,Not Available,Yes,Not Applicable,Not Applicable,Not Applicable,Not Applicable,Not Applicable
D01-0171596-5209836,Credit Card,Not Available,Yes,Not Applicable,Not Applicable,Not Applicable,Not Applicable,Not Applicable
D01-0171596-5209836,Credit Card,Not Available,Yes,Not Applicable,Not Applicable,Not Applicable,Not Applicable,Not Applicable
D01-5309648-6473837,Credit Card,Not Available,Yes,Not Applicable,Not Applicable,Not Applicable,Not Applicable,Not Applicable
D01-0945500-0125017,Credit Card,Not Available,Yes,Not Applicable,Not Applicable,Not Applicable,Not Applicable,Not Applicable
D01-0945500-0125017,Credit Card,Not Available,Yes,Not Applicable,Not Applicable,Not Applicable,Not Applicable,Not Applicable
D01-1996245-3097830,Credit Card,Not Available,Yes,Not Applicable,Not Applicable,Not Applicable,Not Applicable,Not Applicable
D01-1996245-3097830,Credit Card,Not Available,Yes,Not Applicable,Not Applicable,Not Applicable,Not Applicable,Not Applicable
D01-8059646-3917066,Gift Card,Not Applicable,Yes,Not Applicable,Not Applicable,Not Applicable,Not Applicable,Not Applicable
D01-8059646-3917066,Credit Card,Not Available,Yes,Not Applicable,Not Applicable,Not Applicable,Not Applicable,Not Applicable
D01-0508702-6851854,Gift Card,Not Applicable,Yes,Not Applicable,Not Applicable,Not Applicable,Not Applicable,Not Applicable
D01-7227676-4088652,Gift Card,Not Applicable,Yes,Not Applicable,Not Applicable,Not Applicable,Not Applicable,Not Applicable
D01-3933911-4235826,Gift Card,Not Applicable,Yes,Not Applicable,Not Applicable,Not Applicable,Not Applicable,Not Applicable
D01-1218077-0914238,Gift Card,Not Applicable,Yes,Not Applicable,Not Applicable,Not Applicable,Not Applicable,Not Applicable
D01-2012056-9291810,Gift Card,Not Applicable,Yes,Not Applicable,Not Applicable,Not Applicable,Not Applicable,Not Applicable
D01-9596285-6469440,Gift Card,Not Applicable,Yes,Not Applicable,Not Applicable,Not Applicable,Not Applicable,Not Applicable
D01-1583392-5711033,Gift Card,Not Applicable,Yes,Not Applicable,Not Applicable,Not Applicable,Not Applicable,Not Applicable
D01-5168183-3512640,Gift Card,Not Applicable,Yes,Not Applicable,Not Applicable,Not Applicable,Not Applicable,Not Applicable
D01-0843348-0479002,Gift Card,Not Applicable,Yes,Not Applicable,Not Applicable,Not Applicable,Not Applicable,Not Applicable
D01-9365384-1381428,Gift Card,Not Applicable,Yes,Not Applicable,Not Applicable,Not Applicable,Not Applicable,Not Applicable
D01-9789113-9999055,Credit Card,Not Available,Yes,Not Applicable,Not Applicable,Not Applicable,Not Applicable,Not Applicable
D01-9789113-9999055,Credit Card,Not Available,Yes,Not Applicable,Not Applicable,Not Applicable,Not Applicable,Not Applicable
D01-9789113-9999055,Gift Card,Not Applicable,Yes,Not Applicable,Not Applicable,Not Applicable,Not Applicable,Not Applicable
D01-5813146-7333408,Credit Card,Not Available,Yes,Not Applicable,Not Applicable,Not Applicable,Not Applicable,Not Applicable
D01-5813146-7333408,Gift Card,Not Applicable,Yes,Not Applicable,Not Applicable,Not Applicable,Not Applicable,Not Applicable
D01-5813146-7333408,Credit Card,Not Available,Yes,Not Applicable,Not Applicable,Not Applicable,Not Applicable,Not Applicable
D01-8303023-1931836,Credit Card,Not Available,Yes,Not Applicable,Not Applicable,Not Applicable,Not Applicable,Not Applicable
D01-8303023-1931836,Gift Card,Not Applicable,Yes,Not Applicable,Not Applicable,Not Applicable,Not Applicable,Not Applicable
D01-8303023-1931836,Credit Card,Not Available,Yes,Not Applicable,Not Applicable,Not Applicable,Not Applicable,Not Applicable
D01-6300828-0930251,Credit Card,Not Available,Yes,Not Applicable,Not Applicable,Not Applicable,Not Applicable,Not Applicable
D01-6300828-0930251,Gift Card,Not Applicable,Yes,Not Applicable,Not Applicable,Not Applicable,Not Applicable,Not Applicable
D01-6300828-0930251,Credit Card,Not Available,Yes,Not Applicable,Not Applicable,Not Applicable,Not Applicable,Not Applicable
D01-4297873-0459846,Credit Card,Not Available,Yes,Not Applicable,Not Applicable,Not Applicable,Not Applicable,Not Applicable
D01-4297873-0459846,Credit Card,Not Available,Yes,Not Applicable,Not Applicable,Not Applicable,Not Applicable,Not Applicable
D01-4297873-0459846,Gift Card,Not Applicable,Yes,Not Applicable,Not Applicable,Not Applicable,Not Applicable,Not Applicable
D01-3668470-5010246,Credit Card,Not Available,Yes,Not Applicable,Not Applicable,Not Applicable,Not Applicable,Not Applicable
D01-3668470-5010246,Credit Card,Not Available,Yes,Not Applicable,Not Applicable,Not Applicable,Not Applicable,Not Applicable
D01-3668470-5010246,Gift Card,Not Applicable,Yes,Not Applicable,Not Applicable,Not Applicable,Not Applicable,Not Applicable
D01-7685882-4517410,Credit Card,Not Available,Yes,Not Applicable,Not Applicable,Not Applicable,Not Applicable,Not Applicable
D01-7685882-4517410,Credit Card,Not Available,Yes,Not Applicable,Not Applicable,Not Applicable,Not Applicable,Not Applicable
D01-7685882-4517410,Gift Card,Not Applicable,Yes,Not Applicable,Not Applicable,Not Applicable,Not Applicable,Not Applicable
D01-2148642-2171859,Credit Card,Not Available,Yes,Not Applicable,Not Applicable,Not Applicable,Not Applicable,Not Applicable
D01-2148642-2171859,Credit Card,Not Available,Yes,Not Applicable,Not Applicable,Not Applicable,Not Applicable,Not Applicable
D01-2148642-2171859,Gift Card,Not Applicable,Yes,Not Applicable,Not Applicable,Not Applicable,Not Applicable,Not Applicable
D01-6538791-1890257,Credit Card,Not Available,Yes,Not Applicable,Not Applicable,Not Applicable,Not Applicable,Not Applicable
D01-6538791-1890257,Gift Card,Not Applicable,Yes,Not Applicable,Not Applicable,Not Applicable,Not Applicable,Not Applicable
D01-6538791-1890257,Credit Card,Not Available,Yes,Not Applicable,Not Applicable,Not Applicable,Not Applicable,Not Applicable
D01-4677633-3727035,Credit Card,Not Available,Yes,Not Applicable,Not Applicable,Not Applicable,Not Applicable,Not Applicable
D01-4677633-3727035,Gift Card,Not Applicable,Yes,Not Applicable,Not Applicable,Not Applicable,Not Applicable,Not Applicable
D01-4677633-3727035,Credit Card,Not Available,Yes,Not Applicable,Not Applicable,Not Applicable,Not Applicable,Not Applicable
D01-9603661-2040658,Credit Card,Not Available,Yes,Not Applicable,Not Applicable,Not Applicable,Not Applicable,Not Applicable
D01-9603661-2040658,Credit Card,Not Available,Yes,Not Applicable,Not Applicable,Not Applicable,Not Applicable,Not Applicable
D01-9603661-2040658,Gift Card,Not Applicable,Yes,Not Applicable,Not Applicable,Not Applicable,Not Applicable,Not Applicable
D01-3224402-5781419,Credit Card,Not Available,Yes,Not Applicable,Not Applicable,Not Applicable,Not Applicable,Not Applicable
D01-3224402-5781419,Credit Card,Not Available,Yes,Not Applicable,Not Applicable,Not Applicable,Not Applicable,Not Applicable
D01-3224402-5781419,Gift Card,Not Applicable,Yes,Not Applicable,Not Applicable,Not Applicable,Not Applicable,Not Applicable
D01-7632503-5496664,Credit Card,Not Available,Yes,Not Applicable,Not Applicable,Not Applicable,Not Applicable,Not Applicable
D01-7632503-5496664,Credit Card,Not Available,Yes,Not Applicable,Not Applicable,Not Applicable,Not Applicable,Not Applicable
D01-7632503-5496664,Gift Card,Not Applicable,Yes,Not Applicable,Not Applicable,Not Applicable,Not Applicable,Not Applicable
D01-5197020-7152642,Credit Card,Not Available,Yes,Not Applicable,Not Applicable,Not Applicable,Not Applicable,Not Applicable
D01-5197020-7152642,Credit Card,Not Available,Yes,Not Applicable,Not Applicable,Not Applicable,Not Applicable,Not Applicable
D01-5197020-7152642,Gift Card,Not Applicable,Yes,Not Applicable,Not Applicable,Not Applicable,Not Applicable,Not Applicable
D01-0886726-9863053,Credit Card,Not Available,Yes,Not Applicable,Not Applicable,Not Applicable,Not Applicable,Not Applicable
D01-0886726-9863053,Credit Card,Not Available,Yes,Not Applicable,Not Applicable,Not Applicable,Not Applicable,Not Applicable
D01-0886726-9863053,Gift Card,Not Applicable,Yes,Not Applicable,Not Applicable,Not Applicable,Not Applicable,Not Applicable
D01-7267873-0682206,Credit Card,Not Available,Yes,Not Applicable,Not Applicable,Not Applicable,Not Applicable,Not Applicable
D01-7267873-0682206,Gift Card,Not Applicable,Yes,Not Applicable,Not Applicable,Not Applicable,Not Applicable,Not Applicable
D01-7267873-0682206,Credit Card,Not Available,Yes,Not Applicable,Not Applicable,Not Applicable,Not Applicable,Not Applicable
D01-5230087-4067838,Credit Card,Not Available,Yes,Not Applicable,Not Applicable,Not Applicable,Not Applicable,Not Applicable
D01-5230087-4067838,Gift Card,Not Applicable,Yes,Not Applicable,Not Applicable,Not Applicable,Not Applicable,Not Applicable
D01-5230087-4067838,Credit Card,Not Available,Yes,Not Applicable,Not Applicable,Not Applicable,Not Applicable,Not Applicable
D01-1390875-1559018,Credit Card,Not Available,Yes,Not Applicable,Not Applicable,Not Applicable,Not Applicable,Not Applicable
D01-1390875-1559018,Credit Card,Not Available,Yes,Not Applicable,Not Applicable,Not Applicable,Not Applicable,Not Applicable
D01-1390875-1559018,Gift Card,Not Applicable,Yes,Not Applicable,Not Applicable,Not Applicable,Not Applicable,Not Applicable
D01-2583967-5680608,Credit Card,Not Available,Yes,Not Applicable,Not Applicable,Not Applicable,Not Applicable,Not Applicable
D01-2583967-5680608,Gift Card,Not Applicable,Yes,Not Applicable,Not Applicable,Not Applicable,Not Applicable,Not Applicable
D01-2583967-5680608,Credit Card,Not Available,Yes,Not Applicable,Not Applicable,Not Applicable,Not Applicable,Not Applicable
D01-7188609-3853423,Credit Card,Not Available,Yes,Not Applicable,Not Applicable,Not Applicable,Not Applicable,Not Applicable
D01-7188609-3853423,Credit Card,Not Available,Yes,Not Applicable,Not Applicable,Not Applicable,Not Applicable,Not Applicable
D01-7188609-3853423,Gift Card,Not Applicable,Yes,Not Applicable,Not Applicable,Not Applicable,Not Applicable,Not Applicable
D01-6530775-9136640,Credit Card,Not Available,Yes,Not Applicable,Not Applicable,Not Applicable,Not Applicable,Not Applicable
D01-6530775-9136640,Gift Card,Not Applicable,Yes,Not Applicable,Not Applicable,Not Applicable,Not Applicable,Not Applicable
D01-6530775-9136640,Credit Card,Not Available,Yes,Not Applicable,Not Applicable,Not Applicable,Not Applicable,Not Applicable
D01-4648293-7139854,Credit Card,Not Available,Yes,Not Applicable,Not Applicable,Not Applicable,Not Applicable,Not Applicable
D01-4648293-7139854,Credit Card,Not Available,Yes,Not Applicable,Not Applicable,Not Applicable,Not Applicable,Not Applicable
D01-4648293-7139854,Gift Card,Not Applicable,Yes,Not Applicable,Not Applicable,Not Applicable,Not Applicable,Not Applicable
D01-9626360-6138223,Credit Card,Not Available,Yes,Not Applicable,Not Applicable,Not Applicable,Not Applicable,Not Applicable
D01-9626360-6138223,Gift Card,Not Applicable,Yes,Not Applicable,Not Applicable,Not Applicable,Not Applicable,Not Applicable
D01-9626360-6138223,Credit Card,Not Available,Yes,Not Applicable,Not Applicable,Not Applicable,Not Applicable,Not Applicable
D01-4095004-4880638,Credit Card,Not Available,Yes,Not Applicable,Not Applicable,Not Applicable,Not Applicable,Not Applicable
D01-4095004-4880638,Gift Card,Not Applicable,Yes,Not Applicable,Not Applicable,Not Applicable,Not Applicable,Not Applicable
D01-4095004-4880638,Credit Card,Not Available,Yes,Not Applicable,Not Applicable,Not Applicable,Not Applicable,Not Applicable
D01-1183116-6650213,Credit Card,Not Available,Yes,Not Applicable,Not Applicable,Not Applicable,Not Applicable,Not Applicable
D01-1183116-6650213,Gift Card,Not Applicable,Yes,Not Applicable,Not Applicable,Not Applicable,Not Applicable,Not Applicable
D01-1183116-6650213,Credit Card,Not Available,Yes,Not Applicable,Not Applicable,Not Applicable,Not Applicable,Not Applicable
D01-3109171-4941453,Credit Card,Not Available,Yes,Not Applicable,Not Applicable,Not Applicable,Not Applicable,Not Applicable
D01-3109171-4941453,Credit Card,Not Available,Yes,Not Applicable,Not Applicable,Not Applicable,Not Applicable,Not Applicable
D01-3109171-4941453,Gift Card,Not Applicable,Yes,Not Applicable,Not Applicable,Not Applicable,Not Applicable,Not Applicable
D01-7778452-9053408,Credit Card,Not Available,Yes,Not Applicable,Not Applicable,Not Applicable,Not Applicable,Not Applicable
D01-7778452-9053408,Gift Card,Not Applicable,Yes,Not Applicable,Not Applicable,Not Applicable,Not Applicable,Not Applicable
D01-7778452-9053408,Credit Card,Not Available,Yes,Not Applicable,Not Applicable,Not Applicable,Not Applicable,Not Applicable
D01-8985301-6010249,Credit Card,Not Available,Yes,Not Applicable,Not Applicable,Not Applicable,Not Applicable,Not Applicable
D01-8985301-6010249,Gift Card,Not Applicable,Yes,Not Applicable,Not Applicable,Not Applicable,Not Applicable,Not Applicable
D01-8985301-6010249,Credit Card,Not Available,Yes,Not Applicable,Not Applicable,Not Applicable,Not Applicable,Not Applicable
D01-5861538-8307849,Credit Card,Not Available,Yes,Not Applicable,Not Applicable,Not Applicable,Not Applicable,Not Applicable
D01-5861538-8307849,Gift Card,Not Applicable,Yes,Not Applicable,Not Applicable,Not Applicable,Not Applicable,Not Applicable
D01-5861538-8307849,Credit Card,Not Available,Yes,Not Applicable,Not Applicable,Not Applicable,Not Applicable,Not Applicable
D01-4661370-4032611,Credit Card,Not Available,Yes,Not Applicable,Not Applicable,Not Applicable,Not Applicable,Not Applicable
D01-4661370-4032611,Credit Card,Not Available,Yes,Not Applicable,Not Applicable,Not Applicable,Not Applicable,Not Applicable
D01-4661370-4032611,Gift Card,Not Applicable,Yes,Not Applicable,Not Applicable,Not Applicable,Not Applicable,Not Applicable
D01-4508072-0368602,Credit Card,Not Available,Yes,Not Applicable,Not Applicable,Not Applicable,Not Applicable,Not Applicable
D01-4508072-0368602,Credit Card,Not Available,Yes,Not Applicable,Not Applicable,Not Applicable,Not Applicable,Not Applicable
D01-4508072-0368602,Gift Card,Not Applicable,Yes,Not Applicable,Not Applicable,Not Applicable,Not Applicable,Not Applicable
D01-6757490-1591010,Credit Card,Not Available,Yes,Not Applicable,Not Applicable,Not Applicable,Not Applicable,Not Applicable
D01-6757490-1591010,Gift Card,Not Applicable,Yes,Not Applicable,Not Applicable,Not Applicable,Not Applicable,Not Applicable
D01-6757490-1591010,Credit Card,Not Available,Yes,Not Applicable,Not Applicable,Not Applicable,Not Applicable,Not Applicable
D01-7917520-4195816,Credit Card,Not Available,Yes,Not Applicable,Not Applicable,Not Applicable,Not Applicable,Not Applicable
D01-7917520-4195816,Gift Card,Not Applicable,Yes,Not Applicable,Not Applicable,Not Applicable,Not Applicable,Not Applicable
D01-7917520-4195816,Credit Card,Not Available,Yes,Not Applicable,Not Applicable,Not Applicable,Not Applicable,Not Applicable
D01-9448382-3613430,Credit Card,Not Available,Yes,Not Applicable,Not Applicable,Not Applicable,Not Applicable,Not Applicable
D01-9448382-3613430,Credit Card,Not Available,Yes,Not Applicable,Not Applicable,Not Applicable,Not Applicable,Not Applicable
D01-9448382-3613430,Gift Card,Not Applicable,Yes,Not Applicable,Not Applicable,Not Applicable,Not Applicable,Not Applicable
D01-5963464-7386205,Credit Card,Not Available,Yes,Not Applicable,Not Applicable,Not Applicable,Not Applicable,Not Applicable
D01-5963464-7386205,Credit Card,Not Available,Yes,Not Applicable,Not Applicable,Not Applicable,Not Applicable,Not Applicable
D01-5963464-7386205,Gift Card,Not Applicable,Yes,Not Applicable,Not Applicable,Not Applicable,Not Applicable,Not Applicable
D01-1500149-5207008,Credit Card,Not Available,Yes,Not Applicable,Not Applicable,Not Applicable,Not Applicable,Not Applicable
D01-1500149-5207008,Gift Card,Not Applicable,Yes,Not Applicable,Not Applicable,Not Applicable,Not Applicable,Not Applicable
D01-1500149-5207008,Credit Card,Not Available,Yes,Not Applicable,Not Applicable,Not Applicable,Not Applicable,Not Applicable
D01-6579874-4384633,Credit Card,Not Available,Yes,Not Applicable,Not Applicable,Not Applicable,Not Applicable,Not Applicable
D01-6579874-4384633,Credit Card,Not Available,Yes,Not Applicable,Not Applicable,Not Applicable,Not Applicable,Not Applicable
D01-6579874-4384633,Gift Card,Not Applicable,Yes,Not Applicable,Not Applicable,Not Applicable,Not Applicable,Not Applicable
D01-4791977-0051827,Credit Card,Not Available,Yes,Not Applicable,Not Applicable,Not Applicable,Not Applicable,Not Applicable
D01-4791977-0051827,Gift Card,Not Applicable,Yes,Not Applicable,Not Applicable,Not Applicable,Not Applicable,Not Applicable
D01-4791977-0051827,Credit Card,Not Available,Yes,Not Applicable,Not Applicable,Not Applicable,Not Applicable,Not Applicable
D01-4755907-1335016,Credit Card,Not Available,Yes,Not Applicable,Not Applicable,Not Applicable,Not Applicable,Not Applicable
D01-4755907-1335016,Credit Card,Not Available,Yes,Not Applicable,Not Applicable,Not Applicable,Not Applicable,Not Applicable
D01-4755907-1335016,Gift Card,Not Applicable,Yes,Not Applicable,Not Applicable,Not Applicable,Not Applicable,Not Applicable
D01-7881132-8362268,Credit Card,Not Available,Yes,Not Applicable,Not Applicable,Not Applicable,Not Applicable,Not Applicable
D01-7881132-8362268,Credit Card,Not Available,Yes,Not Applicable,Not Applicable,Not Applicable,Not Applicable,Not Applicable
D01-7881132-8362268,Gift Card,Not Applicable,Yes,Not Applicable,Not Applicable,Not Applicable,Not Applicable,Not Applicable
D01-7522402-8928238,Credit Card,Not Available,Yes,Not Applicable,Not Applicable,Not Applicable,Not Applicable,Not Applicable
D01-7522402-8928238,Credit Card,Not Available,Yes,Not Applicable,Not Applicable,Not Applicable,Not Applicable,Not Applicable
D01-3160706-9245019,Credit Card,Not Available,Yes,Not Applicable,Not Applicable,Not Applicable,Not Applicable,Not Applicable
D01-3160706-9245019,Credit Card,Not Available,Yes,Not Applicable,Not Applicable,Not Applicable,Not Applicable,Not Applicable
D01-0061822-7187448,Credit Card,Not Available,Yes,Not Applicable,Not Applicable,Not Applicable,Not Applicable,Not Applicable
D01-0061822-7187448,Credit Card,Not Available,Yes,Not Applicable,Not Applicable,Not Applicable,Not Applicable,Not Applicable
D01-7019950-4521815,Credit Card,Not Available,Yes,Not Applicable,Not Applicable,Not Applicable,Not Applicable,Not Applicable
D01-7019950-4521815,Credit Card,Not Available,Yes,Not Applicable,Not Applicable,Not Applicable,Not Applicable,Not Applicable
D01-8506539-1501003,Credit Card,Not Available,Yes,Not Applicable,Not Applicable,Not Applicable,Not Applicable,Not Applicable
D01-8506539-1501003,Credit Card,Not Available,Yes,Not Applicable,Not Applicable,Not Applicable,Not Applicable,Not Applicable
D01-8115124-2896245,Credit Card,Not Available,Yes,Not Applicable,Not Applicable,Not Applicable,Not Applicable,Not Applicable
D01-8115124-2896245,Credit Card,Not Available,Yes,Not Applicable,Not Applicable,Not Applicable,Not Applicable,Not Applicable
D01-4453873-0285043,Credit Card,Not Available,Yes,Not Applicable,Not Applicable,Not Applicable,Not Applicable,Not Applicable
D01-3879701-6941043,Credit Card,Not Available,Yes,Not Applicable,Not Applicable,Not Applicable,Not Applicable,Not Applicable
D01-7832530-1296225,Credit Card,Not Available,Yes,Not Applicable,Not Applicable,Not Applicable,Not Applicable,Not Applicable
D01-4644508-1379437,Credit Card,Not Available,Yes,Not Applicable,Not Applicable,Not Applicable,Not Applicable,Not Applicable
D01-8349461-5968223,Credit Card,Not Available,Yes,Not Applicable,Not Applicable,Not Applicable,Not Applicable,Not Applicable
D01-7389700-6285056,Credit Card,Not Available,Yes,Not Applicable,Not Applicable,Not Applicable,Not Applicable,Not Applicable
D01-7953512-3155458,Credit Card,Not Available,Yes,Not Applicable,Not Applicable,Not Applicable,Not Applicable,Not Applicable
D01-9766536-7081819,Credit Card,Not Available,Yes,Not Applicable,Not Applicable,Not Applicable,Not Applicable,Not Applicable
D01-0296722-4688231,Not Applicable,Not Applicable,Yes,Not Applicable,Not Applicable,Not Applicable,Not Applicable,Not Applicable
D01-1347631-1360257,Credit Card,Not Available,Yes,Not Applicable,Not Applicable,Not Applicable,Not Applicable,Not Applicable
D01-1347631-1360257,Credit Card,Not Available,Yes,Not Applicable,Not Applicable,Not Applicable,Not Applicable,Not Applicable
D01-4384891-2317050,Credit Card,Not Available,Yes,Not Applicable,Not Applicable,Not Applicable,Not Applicable,Not Applicable
D01-4384891-2317050,Credit Card,Not Available,Yes,Not Applicable,Not Applicable,Not Applicable,Not Applicable,Not Applicable
D01-7389468-9142655,Credit Card,Not Available,Yes,Not Applicable,Not Applicable,Not Applicable,Not Applicable,Not Applicable
D01-7389468-9142655,Credit Card,Not Available,Yes,Not Applicable,Not Applicable,Not Applicable,Not Applicable,Not Applicable
D01-0208963-7920235,Credit Card,Not Available,Yes,Not Applicable,Not Applicable,Not Applicable,Not Applicable,Not Applicable
D01-0208963-7920235,Credit Card,Not Available,Yes,Not Applicable,Not Applicable,Not Applicable,Not Applicable,Not Applicable
D01-1134100-2704211,Credit Card,Not Available,Yes,Not Applicable,Not Applicable,Not Applicable,Not Applicable,Not Applicable
D01-1134100-2704211,Credit Card,Not Available,Yes,Not Applicable,Not Applicable,Not Applicable,Not Applicable,Not Applicable
D01-1938388-2912264,Not Applicable,Not Applicable,Yes,Not Applicable,Not Applicable,Not Applicable,Not Applicable,Not Applicable
D01-6320208-9741006,Credit Card,Not Available,Yes,Not Applicable,Not Applicable,Not Applicable,Not Applicable,Not Applicable
D01-6320208-9741006,Credit Card,Not Available,Yes,Not Applicable,Not Applicable,Not Applicable,Not Applicable,Not Applicable