﻿"Website","Order ID","Order Date","Purchase Order Number","Currency","Unit Price","Unit Price Tax","Shipping Charge","Total Discounts","Total Owed","Shipment Item Subtotal","Shipment Item Subtotal Tax","ASIN","Product Condition","Quantity","Payment Instrument Type","Order Status","Shipment Status","Ship Date","Shipping Option","Shipping Address","Billing Address","Carrier Name & Tracking Number","Product Name","Gift Message","Gift Sender Name","Gift Recipient Contact Details","Item Serial Number"
"Amazon.in","403-2799304-2332314","2024-12-23T04:29:48Z","Not Applicable","INR","457.63","82.37","0","0","540","457.63","82.37","B099MNTCNY","New","1","MasterCard - 3647","Closed","Shipped","2024-12-24T06:28:11.275Z","std-in-1","Seema Mangla 327 Sector-17 FARIDABAD HARYANA 121002 India","SR Agarwal H no 81 Sector 48c CHANDIGARH CHANDIGARH 160047 India","BlueDart(20747382821)","Sprinng Gluten Free Multiseed Bread, 200 gm Soft | Delicious | Fresh | Bread Sandwich | (Pack of 2)","Not Available","Not Available","Not Available","Not Available"
"Amazon.in","404-4016089-9200334","2024-12-17T13:33:52Z","Not Applicable","INR","171.43","8.57","15.2","0","1,440","1,371.44","68.56","B01N2I8AT6","New","8","MasterCard - 3647","Closed","Shipped","2024-12-17T19:47:32.708Z","std-in-10k","SR Agarwal H no 81 Sector 48c CHANDIGARH CHANDIGARH 160047 India","SR Agarwal H no 81 Sector 48c CHANDIGARH CHANDIGARH 160047 India","ATS(346542176866)","Dr. Gluten Multigrain Platinum Chapati Flour with Millets & Brown Rice 1kg | Gluten Free & Wheat Free Atta | Rich in Fibre, Nutrients & Antioxidants | Versatile Flour for Healthier Baking & Cooking","Not Available","Not Available","Not Available","Not Available"
"Amazon.in","407-5257513-9417926","2024-01-30T04:32:27Z","Not Applicable","INR","737.29","132.71","0","0","870","737.29","132.71","B09BNJKXCT","New","1","MasterCard - 3647","Closed","Shipped","2024-01-30T07:56:17Z","Std IN EZ Metro COD","SR Agarwal H no 81 Sector 48c CHANDIGARH CHANDIGARH 160047 India","SR Agarwal H no 81 Sector 48c CHANDIGARH CHANDIGARH 160047 India","ATS(339385994254)","Cona Standy Multiplug 3+2 with USB - (White) - (Material -PC) - Unit 2 Nos","Not Available","Not Available","Not Available","Not Available"
"Amazon.in","407-6491993-6922707","2024-01-30T04:12:19Z","Not Applicable","INR","642.37","115.63","12.2","0","1,516","1,284.74","231.26","B09RH4GCDY","New","2","MasterCard - 3647","Closed","Shipped","2024-01-30T13:30:11Z","std-in-10k","SR Agarwal H no 81 Sector 48c CHANDIGARH CHANDIGARH 160047 India","SR Agarwal H no 81 Sector 48c CHANDIGARH CHANDIGARH 160047 India","ATS(339390809628)","Portronics Power Plate 6 with 4 USB Port + 5 Power Sockets Extension Board, 2500W Power Converter, Cord Length 3Mtr (Black)","Not Available","Not Available","Not Available","Not Available"
"Amazon.in","407-7871462-4355551","2024-01-30T04:08:50Z","Not Applicable","INR","135.71","16.29","80","0","384","271.42","32.58","B07MWG9D7N","New","2","MasterCard - 3647","Closed","Shipped","2024-01-31T04:43:23Z","std-in-10k","Seema Jain Flat 801, Tower 4, NRI residency Sector 45 Noida UTTAR PRADESH 201301 India","SR Agarwal H no 81 Sector 48c CHANDIGARH CHANDIGARH 160047 India","ATS_STANDARD(339400258590)","Kerala Ayurveda KM Lepam - 20 g (Pack of 2) | Headache Relief Balm | Ayurvedic Balm for Headache | 100% Ayurvedic | With Sallaki, Aloe Vera, Kapoora, Original Beeswax | 20g X 2","Not Available","Not Available","Not Available","Not Available"
"Amazon.in","407-3800224-6641940","2024-01-29T12:18:25Z","Not Applicable","INR","311.61","37.39","40","0","389","311.61","37.39","B0BWZY5MSC","New","1","MasterCard - 3647","Closed","Shipped","2024-01-31T07:34:21Z","std-in-10k","SR Agarwal H no 81 Sector 48c CHANDIGARH CHANDIGARH 160047 India","SR Agarwal H no 81 Sector 48c CHANDIGARH CHANDIGARH 160047 India","ATS_AFTERNOON(159630185158)","Anko Ceramic Toothbrush Holder for Bathroom | Toothpaste, Makeup Brush Holder for Bathroom | Bathroom Accessories for Wash Basin | Home, Office, Bathroom Organiser | Black, Ribbed","Not Available","Not Available","Not Available","Not Available"
"Amazon.in","407-1990680-2681947","2024-01-28T11:24:04Z","Not Applicable","INR","2,662","0","0","0","0","Not Available","Not Available","B01LZSQO2O","New","0","MasterCard - 3647","Cancelled","Not Available","Not Available","Std IN EZ Metro COD","Seema Jain Flat 801, Tower 4, NRI residency Sector 45 Noida UTTAR PRADESH 201301 India","SR Agarwal H no 81 Sector 48c CHANDIGARH CHANDIGARH 160047 India","Not Available","Hawkins Stainless Steel Contura 3 Litre Inner Lid Pressure Cooker Induction Compatible","Not Available","Not Available","Not Available","Not Available"
"Amazon.in","407-9216548-6546755","2024-01-26T17:00:36Z","Not Applicable","INR","470","0","45","0","515","470","0","B06VTJVQMR","New","1","MasterCard - 3647","Closed","Shipped","2024-01-29T07:37:10Z","Std IN EZ Local COD","Seema Jain Flat 801, Tower 4, NRI residency Sector 45 Noida UTTAR PRADESH 201301 India","SR Agarwal H no 81 Sector 48c CHANDIGARH CHANDIGARH 160047 India","ATS(339320538864)","Arya Vaidya Sala Kottakkal Ayurvedic Guluchyadi Kashayam Tablet - 100 Tablets","Not Available","Not Available","Not Available","Not Available"
"Amazon.in","407-4198151-3149911","2024-01-26T17:00:36Z","Not Applicable","INR","142.86","7.14","112","0","412","285.72","14.28","B075186JWX","New","2","MasterCard - 3647","Closed","Shipped","2024-01-27T04:58:19Z","std-in-1","Seema Jain Flat 801, Tower 4, NRI residency Sector 45 Noida UTTAR PRADESH 201301 India","SR Agarwal H no 81 Sector 48c CHANDIGARH CHANDIGARH 160047 India","XpressBees(14344940198908)","Sri Sri Tattva Brahmi 500Mg Tablet, 60 Count (Pack of 1)","Not Available","Not Available","Not Available","Not Available"
"Amazon.in","407-3870947-5100316","2024-01-26T17:00:36Z","Not Applicable","INR","201.9","10.1","80","0","504","403.8","20.2","B07PBLHPN8","New","2","MasterCard - 3647","Closed","Shipped","2024-01-27T18:20:17Z","std-in-10k","Seema Jain Flat 801, Tower 4, NRI residency Sector 45 Noida UTTAR PRADESH 201301 India","SR Agarwal H no 81 Sector 48c CHANDIGARH CHANDIGARH 160047 India","ATS(339332468241)","Kerala Ayurveda Kalyanaka Ghritham 150 ml","Not Available","Not Available","Not Available","Authenticity_2D=AZ:54SIEW3BZZBQTPDEX7GQ7KI3KQ and Authenticity_2D=AZ:GUHJFG5Y1ZE75PTDQBSCD1IHKQ"
"Amazon.in","407-0525952-2435553","2024-01-25T22:50:30Z","Not Applicable","INR","1,152.38","57.62","0","0","1,210","1,152.38","57.62","B09HCBR9VY","New","1","MasterCard - 3647","Closed","Shipped","2024-01-27T08:47:51Z","Std IN EZ Metro COD","SR Agarwal H no 81 Sector 48c CHANDIGARH CHANDIGARH 160047 India","SR Agarwal H no 81 Sector 48c CHANDIGARH CHANDIGARH 160047 India","ATS(339317855509)","LOVEKUSH Craft 240 TC Double Bed Organic Cotton Jaipuri Razai Bed Blanket Ac Quilt for Winter Soft Light Weight Rajasthani Traditional Rajai Cotton Comforter 85 x 100 inch","Not Available","Not Available","Not Available","Not Available"
"Amazon.in","407-1650272-7580368","2024-01-25T18:44:49Z","Not Applicable","INR","1,694.07","304.93","22.88","0","1,999","1,694.07","304.93","B0CPYGPS5C","New","1","MasterCard - 3647","Closed","Shipped","2024-01-26T05:29:11Z","next-in-grd-cod-eligible","SR Agarwal H no 81 Sector 48c CHANDIGARH CHANDIGARH 160047 India","SR Agarwal H no 81 Sector 48c CHANDIGARH CHANDIGARH 160047 India","ATS(159612546243)","Goodscity Room Heater for Home | 1500W PTC Ceramic Quiet & Fast Heating | 70 degree Oscillation, Fan Mode, 2 Heat Setting, Safety Protection for Bedroom, Office and Indoor Use | Model No GC-151","Not Available","Not Available","Not Available","Not Available"
"Amazon.in","406-1178378-5489120","2024-01-19T05:11:59Z","Not Applicable","INR","1,152.38","57.62","0","0","1,210","1,152.38","57.62","B09HCBR9VY","New","1","MasterCard - 3647","Closed","Shipped","2024-01-19T09:08:02Z","Std IN EZ Metro COD","SR Agarwal H no 81 Sector 48c CHANDIGARH CHANDIGARH 160047 India","SR Agarwal H no 81 Sector 48c CHANDIGARH CHANDIGARH 160047 India","ATS(339167483723)","LOVEKUSH Craft 240 TC Double Bed Organic Cotton Jaipuri Razai Bed Blanket Ac Quilt for Winter Soft Light Weight Rajasthani Traditional Rajai Cotton Comforter 85 x 100 inch","Not Available","Not Available","Not Available","Not Available"
"Amazon.in","406-0555479-6839520","2024-01-19T05:03:50Z","Not Applicable","INR","2,497","0","0","0","0","Not Available","Not Available","B09HY579N3","New","0","MasterCard - 3647","Cancelled","Not Available","Not Available","std-in-10k","SR Agarwal H no 81 Sector 48c CHANDIGARH CHANDIGARH 160047 India","SR Agarwal H no 81 Sector 48c CHANDIGARH CHANDIGARH 160047 India","Not Available","LushHavenDecor 210 TC Single Bed Jaipuri Razai Organic Pure Cotton Jaipuri rajai Ac Quilt Soft Light Weight Rajasthani Traditional Cotton Comforter 55 x 85 inch (Blue and White, Pack of 2)","Not Available","Not Available","Not Available","Not Available"
"Amazon.in","406-9948344-4745967","2024-01-19T04:54:04Z","Not Applicable","INR","808.57","40.43","0","0","849","808.57","40.43","B0C9JPLXPX","New","1","MasterCard - 3647","Closed","Shipped","2024-01-19T08:43:42Z","Std IN EZ Metro COD","SR Agarwal H no 81 Sector 48c CHANDIGARH CHANDIGARH 160047 India","SR Agarwal H no 81 Sector 48c CHANDIGARH CHANDIGARH 160047 India","ATS(339169649981)","Indulge Homes 'Blue Square' 100% Ahmedabad Cotton Double Bed BedSheet (88 X 96 Inches) with 2 King Size Pillow Covers High Pitching 250 Thread Count (Blue Square, Double)","Not Available","Not Available","Not Available","Not Available"
"Amazon.in","406-3118335-2839554","2024-01-19T04:23:58Z","Not Applicable","INR","634.75","114.25","6.1","0","749","634.75","114.25","B09RH4GCDY","New","1","MasterCard - 3647","Closed","Shipped","2024-01-20T19:28:15Z","std-in-10k","SR Agarwal H no 81 Sector 48c CHANDIGARH CHANDIGARH 160047 India","SR Agarwal H no 81 Sector 48c CHANDIGARH CHANDIGARH 160047 India","ATS(339202743447)","Portronics Power Plate 6 with 4 USB Port + 5 Power Sockets Extension Board, 2500W Power Converter, Cord Length 3Mtr (Black)","Not Available","Not Available","Not Available","Not Available"
"Amazon.in","406-8370461-5028315","2024-01-16T06:23:16Z","Not Applicable","INR","211.02","37.98","6.1","0","249","211.02","37.98","B0CLJRH9LG","New","1","Not Available","Closed","Shipped","2024-01-18T18:13:21Z","std-in-10k","SR Agarwal H no 81 Sector 48c CHANDIGARH CHANDIGARH 160047 India","SR Agarwal H no 81 Sector 48c CHANDIGARH CHANDIGARH 160047 India","ATS(339155067935)","Softouch 3 Ply Toilet Paper tissue roll 12-in-1 (12 Rolls)","Not Available","Not Available","Not Available","Not Available"
"Amazon.in","405-6968648-0795560","2023-02-09T11:44:04Z","Not Applicable","INR","252.38","12.62","85","0","350","487.62","24.38","B07Q7YYNJV","New","1","MasterCard - 0973","Closed","Shipped","2023-02-11T06:28:36Z","Std IN EZ National COD","SR Agarwal H no 81 Sector 48c CHANDIGARH CHANDIGARH 160047 India","SR Agarwal H no 81 Sector 48c CHANDIGARH CHANDIGARH 160047 India","ATS(322400813777)","Sri Sri Tattva Tulasi Arka - Anti-Viral Drop - Natural Immunity Booster for Adults - 30ml (Pack of 3)","Not Available","Not Available","Not Available","Not Available"
"Amazon.in","405-6968648-0795560","2023-02-09T11:44:04Z","Not Applicable","INR","235.24","11.76","85","0","332","487.62","24.38","B08TB1K5BP","New","1","MasterCard - 0973","Closed","Shipped","2023-02-11T06:28:36Z","Std IN EZ National COD","SR Agarwal H no 81 Sector 48c CHANDIGARH CHANDIGARH 160047 India","SR Agarwal H no 81 Sector 48c CHANDIGARH CHANDIGARH 160047 India","ATS(322400813777)","Sri sri tattva Ayurveda Amruth 500 Mg Tablet, 60 Tab (Pack of TWO)","Not Available","Not Available","Not Available","Not Available"
"Amazon.in","405-9338624-2842762","2023-02-09T11:44:04Z","Not Applicable","INR","244","0","40","0","284","244","0","B07JCWS33N","New","1","MasterCard - 0973","Closed","Shipped","2023-02-10T09:43:47Z","std-in-10k","SR Agarwal H no 81 Sector 48c CHANDIGARH CHANDIGARH 160047 India","SR Agarwal H no 81 Sector 48c CHANDIGARH CHANDIGARH 160047 India","ATS_STANDARD(322398308422)","Sri Sri Tattva Amla - Anti Oxidant, 60 Tabs | 500mg (Pack of 2)","Not Available","Not Available","Not Available","Not Available"
"Amazon.in","403-4529634-6217166","2021-12-02T06:52:58Z","Not Applicable","INR","387.38","11.62","1.17","0","400.17","Not Available","Not Available","B08NG8XM45","New","0","MasterCard - 0973","Cancelled","Not Available","Not Available","std-in-10k","Seema Mangla 327 Sector-17 FARIDABAD HARYANA 121002 India","Seema Jain Flat 801, Tower 4, NRI residency Sector 45 Noida UTTAR PRADESH 201301 India","Not Available","YouBella Jewellery Celebrity Inspired Adjustable Metal Plate Type Golden Kamarband Waist Belt for Women/Girls","Not Available","Not Available","Not Available","Not Available"
"Amazon.in","406-3893376-6973910","2020-12-08T19:41:49Z","Not Applicable","INR","247","0","40","0","287","247","0","B08DCQHF2W","New","1","MasterCard - 0973","Closed","Shipped","2020-12-10T07:12:43Z","std-in-10k","Seema Jain Flat 801, Tower 4, NRI residency Sector 45 Noida UTTAR PRADESH 201301 India","Seema Jain Flat 801, Tower 4, NRI residency Sector 45 Noida UTTAR PRADESH 201301 India","ATS_STANDARD(249696632366)","Sri Sri Tattva Tulasi, 60 Tabs | 500mg (Pack of 2)","Not Available","Not Available","Not Available","Not Available"
"Amazon.in","408-1494155-1158704","2020-08-02T16:19:24Z","Not Applicable","INR","345","0","0","0","345","345","0","B07C62SV7X","New","1","MasterCard - 0973","Closed","Shipped","2020-08-05T10:19:48Z","Std IN EZ National COD","Seema Jain Flat 801, Tower 4, NRI residency Sector 45 Noida UTTAR PRADESH 201301 India","Sanjay Agarwal 10801 GASCOIGNE DR CUPERTINO CA 95014-3845 United States","ATS(246689853623)","Kolkata Orchid Online CEREUS FAIRY CASTLE CACTUS Plant, FLOWER CACTUS, CLUMP OF CACTUS WITH NICE GROWTH, 1 LIVE PLANT + POT, BEST FOR GARDEN DECOR","Not Available","Not Available","Not Available","Not Available"
"Amazon.in","408-3813188-0541960","2020-08-02T16:19:24Z","Not Applicable","INR","899","0","80","0","979","899","0","B07V1J2H6P","New","1","MasterCard - 0973","Closed","Shipped","2020-08-14T04:55:27Z","Std IN EZ National COD","Seema Jain Flat 801, Tower 4, NRI residency Sector 45 Noida UTTAR PRADESH 201301 India","Sanjay Agarwal 10801 GASCOIGNE DR CUPERTINO CA 95014-3845 United States","ATS(246868292274)","Living Colours Firm 5 Nos Dendrobium Live Orchid Plants -Tissue Culture (Assorted Colour) with Pot","Not Available","Not Available","Not Available","Not Available"
"Amazon.in","408-2322875-2963569","2020-08-02T16:19:24Z","Not Applicable","INR","1,607.14","192.86","0","0","1,800","1,607.14","192.86","B07H9DV8LJ","New","1","MasterCard - 0973","Closed","Shipped","2020-08-05T07:13:36Z","Std IN EZ Metro COD","Seema Jain Flat 801, Tower 4, NRI residency Sector 45 Noida UTTAR PRADESH 201301 India","Sanjay Agarwal 10801 GASCOIGNE DR CUPERTINO CA 95014-3845 United States","ATS(246666890993)","AGNI Brass Pooja Thali Set (12 inch, Gold)","Not Available","Not Available","Not Available","Not Available"
"Amazon.in","408-5814333-2885910","2020-07-31T05:00:11Z","Not Applicable","INR","6,347.46","1,142.54","0","0","7,490","6,347.46","1,142.54","B00R5QNW8E","New","1","MasterCard - 0973","Closed","Shipped","2020-08-04T06:02:47Z","scheduled-delivery-in","Nardeepak kumar Lovely Ward no. 5 Near Govt Girls School CHAMKAUR SAHIB PUNJAB 140112 India","Sanjay Agarwal 10801 GASCOIGNE DR CUPERTINO CA 95014-3845 United States","ATS_SD_STD(451135150526)","LG 20 L Grill Microwave Oven (MH2044DB, Black)","Not Available","Not Available","Not Available","Serial_Number=MAZB007NMXH009210IN"
"Amazon.in","171-4858920-3211560","2020-03-18T23:07:01Z","Not Applicable","INR","218.1","10.9","0","0","229","218.1","10.9","B085GLWW2V","New","1","MasterCard - 0973","Closed","Shipped","2020-03-19T11:32:38Z","Std IN EZ Metro COD","Sanjay Agarwal House no. 81 Sector 48-C CHANDIGARH CHANDIGARH 160047 India","Sanjay Agarwal House no. 81 Sector 48-C CHANDIGARH CHANDIGARH 160047 India","ATS(239138037682)","Never Lose Anti Pollution Mask with Double Layer","Not Available","Not Available","Not Available","Not Available"
"Amazon.in","171-7554910-7758755","2020-03-18T11:46:16Z","Not Applicable","INR","595.54","71.46","80","0","747","595.54","71.46","B07Q1RQCVH","New","1","MasterCard - 0973","Closed","Shipped","2020-03-18T14:50:17Z","exp-in-grd-cod-eligible","Sanjay Agarwal House no. 81 Sector 48-C CHANDIGARH CHANDIGARH 160047 India","Sanjay Agarwal House no. 81 Sector 48-C CHANDIGARH CHANDIGARH 160047 India","ATS(239128385434)","Headly Blast Poplar Willow Cricket Bat (Short Handle) with Heavy Yellow Cricket Tennis Ball","Not Available","Not Available","Not Available","Not Available"
"Amazon.in","405-6386819-6772314","2020-03-16T12:39:13Z","Not Applicable","INR","218.1","10.9","80","0","309","218.1","10.9","B085GLWW2V","New","1","MasterCard - 0973","Closed","Shipped","2020-03-17T08:48:24Z","2DD IN EZ COD","Sanjay Agarwal House no. 81 Sector 48-C CHANDIGARH CHANDIGARH 160047 India","Sanjay Agarwal House no. 81 Sector 48-C CHANDIGARH CHANDIGARH 160047 India","ATS(151420143706)","Never Lose Anti Pollution Mask with Double Layer","Not Available","Not Available","Not Available","Not Available"
"Amazon.in","171-6120564-0258765","2020-03-16T04:02:35Z","Not Applicable","INR","951.43","47.57","0","0","1,998","Not Available","Not Available","B083987VS5","New","0","MasterCard - 0973","Cancelled","Not Available","Not Available","Std IN EZ National COD","Rajiv Mangla H NO. 327 Sector-17 FARIDABAD HARYANA 121002 India","Sanjay Agarwal House no. 81 Sector 48-C CHANDIGARH CHANDIGARH 160047 India","Not Available","Lal Sweets Mysore Pak (400 g) -Pack of 4","Not Available","Not Available","Not Available","Not Available"
"Amazon.in","171-1615638-8774736","2020-03-16T03:22:15Z","Not Applicable","INR","80.36","9.64","2.58","0","270","241.08","28.92","B07Q1R4319","New","3","MasterCard - 0973","Closed","Shipped","2020-03-16T11:59:54Z","std-in-cod-eligible","Sanjay Agarwal House no. 81 Sector 48-C CHANDIGARH CHANDIGARH 160047 India","Sanjay Agarwal House no. 81 Sector 48-C CHANDIGARH CHANDIGARH 160047 India","ATS_STANDARD(237998471523)","Headly Heavy Yellow Cricket Tennis Ball","Not Available","Not Available","Not Available","Not Available"
"Amazon.in","171-1615638-8774736","2020-03-16T03:22:15Z","Not Applicable","INR","4,236.44","762.56","1.22","0","4,999","4,236.44","762.56","B073XL1DH8","New","1","MasterCard - 0973","Closed","Shipped","2020-03-16T16:32:46Z","std-in-cod-eligible","Sanjay Agarwal House no. 81 Sector 48-C CHANDIGARH CHANDIGARH 160047 India","Sanjay Agarwal House no. 81 Sector 48-C CHANDIGARH CHANDIGARH 160047 India","ATS(239101770813)","American Tourister Jamaica Polyester 80 cms Grey Softsided Suitcase (27O (0) 08 003)","Not Available","Not Available","Not Available","Not Available"
"Amazon.in","171-1615638-8774736","2020-03-16T03:22:15Z","Not Applicable","INR","595.54","71.46","0.86","0","667","595.54","71.46","B07Q1RQCVH","New","1","MasterCard - 0973","Closed","Shipped","2020-03-16T11:21:45Z","std-in-cod-eligible","Sanjay Agarwal House no. 81 Sector 48-C CHANDIGARH CHANDIGARH 160047 India","Sanjay Agarwal House no. 81 Sector 48-C CHANDIGARH CHANDIGARH 160047 India","ATS_STANDARD(237998497943)","Headly Blast Poplar Willow Cricket Bat (Short Handle) with Heavy Yellow Cricket Tennis Ball","Not Available","Not Available","Not Available","Not Available"
"Amazon.in","407-7544221-0624313","2018-06-11T21:49:32Z","Not Applicable","INR","279","0","100","0","379","279","0","9386850575","New","1","Visa - 5236","Closed","Shipped","2018-06-12T03:38:54Z","next-in-cod-eligible","Sanjay Agarwal House no. 81 Sector 48-C CHANDIGARH CHANDIGARH 160047 India","Sanjay Agarwal 4231 NORWALK DR APT EE-101 SAN JOSE CA 95129-1714 United States","ATS(209168660365)","Gurudev: On the Plateau of the Peak: The Life of Sri Sri Ravi Shankar","Not Available","Not Available","Not Available","Not Available"
