Order Id,Return Requested Date,Return Shipping Method,ASIN,Product Name,Return Reason Code,Total Return Order Quantity
113-3904734-4445058,2024-05-09T19:24:51Z,UPS_RETURNS_PTP_GROUND,B0CDB7C74Z,Angel-fashions Women's V Neck Lace Split Ruffled Beading Sheath Wedding Dress Medium Watermelon Red,AMZ-PG-APP-TOO-SMALL,1,
112-1980201-5633002,2024-02-23T21:11:40Z,Not Applicable,B00N0VYC96,Burton Unisex-adult Channel Plug| Mountain Logo| One Size,CR-DEFECTIVE,1,
113-5389528-6828239,2023-10-05T22:19:26Z,UPS_RETURNS_PTP_GROUND,B09PR8CNXZ,Arcopedico Black Gaia Shoe 8-8.5 M US,AMZ-PG-APP-TOO-SMALL,1,
114-4930779-1046607,2023-09-07T00:50:54Z,UPS_RETURNS_PTP_GROUND,B0BH9S9BNJ,THE NORTH FACE Jester Commuter Laptop Backpack| TNF Black Trail Glow Print/TNF Black| One Size,AMZ-PG-APP-TOO-SMALL,1,
113-2716199-8375457,2023-08-05T05:06:08Z,UPS_RETURNS_PTP_GROUND,B001UI37N8,NutriMill Classic High-Speed Grain/Flour Mill,CR-DAMAGED_BY_FC,1,
112-2287598-8099454,2022-09-10T08:17:08Z,Not Applicable,B08BJWD97B,Miume Music Tv Led Backlight with A 9.8ft is Suitable for 14-75 Inch Tv Or PC Screen.Controlled by App and Remote. Has 160|000 Colors|Can Change Colors with Music. Suitable for Tv| Room,CR-MISSED_ESTIMATED_DELIVERY,1,
114-1288549-8050629,2022-04-30T01:16:33Z,Not Applicable,B07L24R9BB,Vans U Authentic| Unisex Adults’ Sneakers True White,AMZ-PG-APP-TOO-SMALL,1,
114-1288549-8050629,2022-04-20T22:49:05Z,Not Applicable,B07L24R9BB,Vans U Authentic| Unisex Adults’ Sneakers True White,AMZ-PG-APP-STYLE,1,
112-9492398-5390655,2021-12-05T04:46:23Z,USPS_PTP_RETURNS_FC,B097P5329M,Verdusa Women's Short Sleeve Criss Cross Hem Cut Out Crop T Shirt Tee Top Black Solid M,AMZ-PG-APP-TOO-SMALL,1,
112-9492398-5390655,2021-12-05T04:35:18Z,USPS_PTP_RETURNS_FC,B097P5329M,Verdusa Women's Short Sleeve Criss Cross Hem Cut Out Crop T Shirt Tee Top Black Solid M,AMZ-PG-APP-TOO-SMALL,1,
112-9492398-5390655,2021-12-04T17:51:12Z,USPS_PTP_RETURNS_FC,B097P5329M,Verdusa Women's Short Sleeve Criss Cross Hem Cut Out Crop T Shirt Tee Top Black Solid M,AMZ-PG-APP-TOO-LARGE,1,
114-4070388-2781051,2020-04-01T18:01:03Z,Not Applicable,B079RTMKDT,MUSEHOMEINC Solid Wood Platform Bed Deluxe Unique Style Design with Headboard| Full,CR-DEFECTIVE,1,
114-6614903-8958633,2020-02-06T20:54:34Z,Not Applicable,B004OPIBV2,Premier Small Wonder Table Top Wet Grinder 1.5 Liter by SS Premier,CR-DEFECTIVE,1,
113-2996686-3831448,2020-01-12T22:14:35Z,Not Applicable,B081CPN1B4,Robot Vacuum Cleaner Floor Clean Home Vacuum Cleaner| USB Charging| Automatic Steering| Robotic Cleaner for Home and Apartment Hard Floors (Ivory White),CR-MISSED_ESTIMATED_DELIVERY,1,
114-8113349-2260203,2020-01-02T06:43:44Z,Not Applicable,B081V65HKC,Soft Flannel Blanket| Sacow 50x70cm Air Conditioning Throw Blanket Cozy Warm Blanket for Sofa Living Room (J),CR-DEFECTIVE,1,
114-8113349-2260203,2020-01-02T06:43:44Z,Not Applicable,B081V398K8,Soft Flannel Blanket| Sacow 50x70cm Air Conditioning Throw Blanket Cozy Warm Blanket for Sofa Living Room (D),CR-DEFECTIVE,1,
114-8113349-2260203,2020-01-02T06:43:44Z,Not Applicable,B081V5VQPG,Soft Flannel Blanket| Sacow 50x70cm Air Conditioning Throw Blanket Cozy Warm Blanket for Sofa Living Room (I),CR-DEFECTIVE,1,
114-8113349-2260203,2020-01-02T06:43:44Z,Not Applicable,B081V188C1,Soft Flannel Blanket| Sacow 50x70cm Air Conditioning Throw Blanket Cozy Warm Blanket for Sofa Living Room (P),CR-DEFECTIVE,1,
114-3519236-0639411,2020-01-02T06:41:13Z,Not Applicable,B07RQ7MQK9,Non-stick Cast Iron Pizza Pan| Non-stick Cast Iron Pizza Bread Scones Baking Stone Plate|0.24inch Thickness| In the Oven| Safe (Black),CR-DEFECTIVE,1,
114-4120420-5161031,2019-12-27T20:20:02Z,Not Applicable,B07894SBDN,Hello Fit - 10-Pack of 8-Foot Yoga Straps - Wholesale Pricing - Adjustable D-Ring Buckle - for Stretching| Flexibility and Exercise - Durable| Thick Cotton (Purple),CR-DEFECTIVE,1,
114-7379593-9361020,2019-12-21T08:24:25Z,Not Applicable,B074DRPVKC,wall26 - Couple Doing Yoga - Removable Wall Mural | Self-Adhesive Large Wallpaper - 100x144 inches,CR-DEFECTIVE,1,
113-4698481-7767460,2019-12-19T22:54:27Z,Not Applicable,B081CPSSZR,Robot Vacuum Cleaner Floor Clean Home Vacuum Cleaner| USB Charging| Automatic Steering| Robotic Cleaner for Home and Apartment Hard Floors (Elegant Black),CR-DEFECTIVE,1,
111-4762726-6754649,2019-12-06T03:28:47Z,Not Applicable,B07Y6DDJNF,PPSholder-Bathroom mat Absorbent Bathroom Rug (18 inches x 30 inches Wide) Plush Bathroom Anti Slip Carpet Decorative mat Indoor Rug|Bath mat Floral Bath mat,CR-DEFECTIVE,1,
111-9752011-9724242,2019-11-20T18:09:10Z,Not Applicable,B07HLB3VDN,Aabagael Bath Mat Rhapis Green Grove Tropical Plant Fernleaf Hedge Bamboo Branches on White Excelsa Thicket Bathroom Decor Rug 16&quot; x 24&quot;,CR-DEFECTIVE,1,
114-9305305-2046650,2019-10-16T02:29:17Z,Not Applicable,B0792KD97J,Red 3/4 Inch Lava Rock | Fireproof and Heatproof Volcanic Lava Rock| Perfect for Fire Pits| Fireplaces| BBQs and More. Indoor and Outdoor use - Natural Stones | 10 Pounds,AMZ-PG-BAD-DESC,1,
112-1778280-3823427,2019-10-15T05:05:12Z,Not Applicable,B077Y8GBR9,BIRDROCK HOME 10&quot; x 30&quot; Rubber Stair Mat with Scroll Design - 4 Pack - Tread Mat - Keeps Your Floors Clean - Outdoor Doormat - Decorative Design,CR-DEFECTIVE,1,
114-6062003-4685018,2019-07-27T20:05:47Z,UPS_RETURNS_PTP_GROUND,B00MHTQC9A,WholesalePlumbing IVL370A03BPT 3 Bulb Vanity Light Fixture Bath Interior Lighting| Brushed Nickel,CR-DEFECTIVE,1,
114-9617827-0969855,2019-07-20T05:42:19Z,UPS_RETURNS_PTP_GROUND,B00AGK9KOG,Schlage Z-Wave Connect Camelot Touchscreen Deadbolt with Built-In Alarm| Satin Nickel| BE469 CAM 619| Works with Alexa via SmartThings| Wink or Iris,CR-DEFECTIVE,1,
114-3476361-9195435,2019-07-19T23:07:16Z,Not Applicable,B07L9WQSNM,Vhouse 36 Inch Ceiling Fans with Lights and Bluetooth Speaker| Modern Invisible Leaf Chandelier Fan with Remote Control 7 Color Dimmable for Bedroom Living Room (A),CR-DEFECTIVE,1,
114-6973310-7031464,2019-07-19T14:10:56Z,Not Applicable,B07PM5G5WV,Vhouse 42 inch Modern Ceiling Fan Light with Bluetooth Smart Music Player Chandelier with 7 Color Lights with Invisible Blade with Remote Control dimmable LED Chandelier (42 inch Classic),AMZ-PG-BAD-DESC,1,
114-0837298-0039450,2019-07-19T14:00:33Z,Not Applicable,B07V1N6Q99,Fandian 42&apos;&apos; Modern Ceiling Fans with Light Smart Bluetooth Music Player Chandelier 3 Colors 3 Speeds Invisible Blades with Remote Control| Silent Motor with LED Kits Included (42inch-1),AMZ-PG-BAD-DESC,1,
114-9214902-2712230,2019-07-18T04:57:13Z,UPS_RETURNS_PTP_GROUND,B00XVREBFE,Schlage Lock Company Latitude Lever with Century Trim Non-Turning Lock| Polished Nickel (F170 LAT 618 CEN),CR-DEFECTIVE,1,
112-0244442-8789806,2018-10-21T17:01:21Z,Not Applicable,B0059DE414,NIKE Men&apos;s Hypervenom Phelon 3 Dynamic Fit Firm Ground Soccer Shoes (8.5 D(M) US| Black/White),CR-DEFECTIVE,1,
114-9044376-2957034,2018-07-09T04:40:40Z,USPS_PTP_RETURNS_FC,B0028WF4ZY,Yu-Gi-Oh! - Thousand-Eyes Idol (DB1-EN194) - Dark Beginnings 1 - Unlimited Edition - Common,CR-MISSED_ESTIMATED_DELIVERY,1,
113-0998509-4469839,2018-02-26T19:29:53Z,Not Applicable,B01LXFBAK7,3 Year Asurion Musical Instrument Accident Protection Plan ($125-149.99),CR-UNWANTED_ITEM,1,
114-5642801-0747458,2017-11-05T15:08:03Z,Not Applicable,B073QLYFWX,Projection Alarm Clock Digital LCD Voice Talking Function LED Wall Ceiling Projection Alarm Snooze Temperature Nightlight Display Black,CR-DEFECTIVE,1,
110-3601482-0445833,2015-04-21T18:18:33Z,Not Applicable,B000ECUQA8,FuelBelt Trail Runner 4 Bottle Belt| Black,CR-DEFECTIVE,1,
103-1186611-5581020,2014-09-21T16:43:19Z,Not Applicable,B00AZA04W4,New Balance Men's M750 Neutral Running Shoe|Grey/Orange|9.5 D US,CR-FOUND_BETTER_PRICE,1,
103-1186611-5581020,2014-09-18T06:16:39Z,Not Applicable,B00AZA04W4,New Balance Men's M750 Neutral Running Shoe|Grey/Orange|9.5 D US,CR-FOUND_BETTER_PRICE,1,
106-6781380-5235401,2014-06-15T06:11:28Z,Not Applicable,B003PPGOC0,GOgroove FlexSMART X2 Wireless In-Car Bluetooth FM Transmitter with Charging | Music Control | and Hands-Free Calling for Smartphones | Tablets | MP3 Players & More!,CR-DEFECTIVE,1,
106-6781380-5235401,2014-04-23T00:16:27Z,Not Applicable,B003PPGOC0,GOgroove FlexSMART X2 Wireless In-Car Bluetooth FM Transmitter with Charging | Music Control | and Hands-Free Calling for Smartphones | Tablets | MP3 Players & More!,CR-ORDERED_WRONG_ITEM,1,
103-9975236-7499465,2014-03-04T21:51:17Z,Not Applicable,B00CD8S0TU,Jemcor PVC Hooded Zippered Rain Coat for Boys,AMZ-PG-APP-TOO-LARGE,1,
103-9975236-7499465,2014-03-04T21:51:17Z,Not Applicable,B00CD8S1SK,Jemcor PVC Hooded Zippered Rain Coat for Boys,AMZ-PG-APP-TOO-LARGE,1,
105-6844927-8574606,2012-11-02T21:14:06Z,Not Applicable,B0050INYKA,2pk HP 60 Ink Cartridge BLACK/COLOR CC640WN CC643WN Combo Pack for Deskjet D1660 D2530 D2545 D2560 D2645 D2660 D2680 D5560 F2420 F2430 F2440 F2476 F4230 F4240 F4250 F4280 F4435 F4440 F4480,CR-DEFECTIVE,1,
