﻿"DateAddedToCart","Source","ASIN","CartDomain","CartList","Quantity","OneClickBuyable","ToBeGiftWrapped","PrimeSubscription","Pantry","AddOn"
"2025-01-21T22:56:02.438Z","Retail","B09T2KBDRV","Not Applicable","saved","1","Yes","No","No","No","No"
"2025-01-19T09:28:39.148Z","Retail","B0C33KSJNF","Not Applicable","saved","1","No","No","No","No","No"
"2025-01-19T09:26:59.623Z","Retail","B0CHJF8DY8","Not Applicable","saved","1","No","No","No","No","No"
"2025-01-19T09:24:41.195Z","Retail","B0DG8WYZTH","Not Applicable","saved","1","Yes","No","No","No","No"
"2025-01-19T08:47:25.186Z","Retail","B0CXHKLGJR","Not Applicable","saved","1","Yes","No","No","No","No"
"2024-12-22T02:30:19.754Z","Retail","B07X2WHZS8","Not Applicable","saved","1","Yes","No","No","No","No"
"2024-12-17T20:08:53.846Z","Retail","B0B95S2SQW","Not Applicable","saved","1","Yes","No","No","No","No"
"2024-12-17T20:08:08.689Z","Retail","B0C5GQ6DXM","Not Applicable","saved","2","Yes","No","No","No","No"
"2024-12-15T05:36:54.406Z","Retail","B09R8X7XF7","Not Applicable","saved","1","Yes","No","No","No","No"
"2024-12-02T01:05:45.508Z","Retail","B00YNIG3O2","Not Applicable","saved","1","Yes","No","No","No","No"
"2024-12-02T00:14:29.211Z","Retail","B0D1XD1ZV3","Not Applicable","saved","1","No","No","No","No","No"
"2024-12-01T01:08:47.125Z","Retail","B091BSG9GS","Not Applicable","saved","1","No","No","No","No","No"
"2024-11-24T12:11:33.096Z","Retail","B08T6ZPTN7","Not Applicable","saved","1","Yes","No","No","No","No"
"2024-11-23T18:42:47.279Z","Retail","B0CYKJCF5B","Not Applicable","saved","1","Yes","No","No","No","No"
"2024-11-21T19:15:20.518Z","Retail","B0711F4437","Not Applicable","saved","1","Yes","No","No","No","No"
"2024-11-21T18:33:44.451Z","Retail","B0CW1FR5SP","Not Applicable","saved","1","Yes","No","No","No","No"
"2024-11-21T18:29:48.586Z","Retail","B0B252D53Y","Not Applicable","saved","1","Yes","No","No","No","No"
"2024-11-21T18:25:27.714Z","Retail","B0CQ8GB8NM","Not Applicable","saved","1","Yes","No","No","No","No"
"2024-11-19T17:03:21.141Z","Retail","B0BQWC7Z8T","Not Applicable","saved","1","Yes","No","No","No","No"
"2024-11-14T12:11:42.214Z","Retail","B07D45W364","Not Applicable","saved","1","Yes","No","No","No","No"
"2024-11-14T12:11:28.957Z","Retail","B0BWSLB73Z","Not Applicable","saved","1","Yes","No","No","No","No"
"2024-11-14T12:04:29.713Z","Retail","B07YFPM81C","Not Applicable","saved","2","Yes","No","No","No","No"
"2024-11-14T12:02:02.773Z","Retail","B07PBM8H2K","Not Applicable","saved","1","Yes","No","No","No","No"
"2024-11-14T12:00:35.398Z","Retail","B0886DPX5V","Not Applicable","saved","1","Yes","No","No","No","No"
"2024-11-05T22:34:16.989Z","Retail","B07Q6JB3F1","Not Applicable","saved","1","Yes","No","No","No","No"
"2024-11-03T06:29:42.514Z","Retail","B0CZD1GSQM","Not Applicable","saved","1","Yes","No","No","No","No"
"2024-10-29T18:13:50.883Z","Retail","B002ZZC0OM","Not Applicable","saved","1","No","No","No","No","No"
"2024-10-28T08:26:39.304Z","Retail","B071KX5NR9","Not Applicable","saved","1","Yes","No","No","No","No"
"2024-10-28T08:23:33.870Z","Retail","B0005YKO8E","Not Applicable","saved","1","No","No","No","No","No"
"2024-10-28T08:23:29.706Z","Retail","B000Z4J53Y","Not Applicable","saved","1","Yes","No","No","No","No"
"2024-10-28T08:07:42.266Z","Retail","B07FZZJTK6","Not Applicable","saved","1","Yes","No","No","No","No"
"2024-10-28T08:05:48.352Z","Retail","B07XSKK6Z4","Not Applicable","saved","1","Yes","No","No","No","No"
"2024-10-27T22:14:00.578Z","Retail","B0C9ZX2PWR","Not Applicable","saved","1","Yes","No","No","No","No"
"2024-10-18T18:37:30.054Z","Retail","B09783K1YC","Not Applicable","saved","1","Yes","No","No","No","No"
"2024-10-18T18:36:53.099Z","Retail","B0BTP284LL","Not Applicable","saved","1","Yes","No","No","No","No"
"2024-10-14T18:09:37.312Z","Retail","B0D8T3HYHX","Not Applicable","saved","1","No","No","No","No","No"
"2024-10-08T14:33:53.958Z","Retail","B09HZTKLNP","Not Applicable","saved","1","Yes","No","No","No","No"
"2024-10-04T22:33:01.809Z","Retail","B096YMSKMF","Not Applicable","saved","1","Yes","No","No","No","No"
"2024-10-04T18:56:58.117Z","Retail","B07CJ2V1LR","Not Applicable","saved","1","Yes","No","No","No","No"
"2024-10-04T18:56:39.966Z","Retail","B082PQLQ7W","Not Applicable","saved","1","Yes","No","No","No","No"
"2024-09-30T16:14:50.455Z","Retail","B0DFYC8863","Not Applicable","saved","1","No","No","No","No","No"
"2024-09-30T15:58:45.674Z","Retail","B0CPXV6D4S","Not Applicable","saved","1","Yes","No","No","No","No"
"2024-09-21T08:43:48.530Z","Retail","B0BNW2KBPY","Not Applicable","saved","1","Yes","No","No","No","No"
"2024-09-21T08:40:26.078Z","Retail","B010AJ5SG6","Not Applicable","saved","2","Yes","No","No","No","No"
"2024-09-21T08:33:36.800Z","Retail","B07CJV6TXP","Not Applicable","saved","1","Yes","No","No","No","No"
"2024-09-12T22:58:30.883Z","Retail","B00J5KDCO2","Not Applicable","saved","1","Yes","No","No","No","No"
"2024-09-08T09:48:32.864Z","Retail","B0BZVQVYL2","Not Applicable","saved","1","Yes","No","No","No","No"
"2024-09-08T09:47:52.847Z","Retail","B0CBTQTJ4T","Not Applicable","saved","1","Yes","No","No","No","No"
"2024-09-08T09:44:16.058Z","Retail","B0BYV7P9X7","Not Applicable","saved","1","Yes","No","No","No","No"
"2024-08-20T23:17:50.166Z","Retail","B00J57VU44","Not Applicable","saved","1","Yes","No","No","No","No"
"2024-08-18T16:55:24.745Z","Retail","B0BZVV3555","Not Applicable","saved","1","No","No","No","No","No"
"2024-08-12T18:44:21.486Z","Retail","B0CZ9LH53B","Not Applicable","saved","1","Yes","No","No","No","No"
"2024-08-12T18:42:07.226Z","Retail","B00TOVTZ7K","Not Applicable","saved","1","Yes","No","No","No","No"
"2024-08-12T18:41:55.241Z","Retail","B0148675JA","Not Applicable","saved","1","Yes","No","No","No","No"
"2024-08-12T18:41:51.564Z","Retail","B00HZV9WTM","Not Applicable","saved","1","Yes","No","No","No","No"
"2024-08-07T17:48:37.517Z","Retail","B0CNRKHK4Q","Not Applicable","saved","1","Yes","No","No","No","No"
"2024-08-06T04:40:04.291Z","Retail","B0CQ2R5C83","Not Applicable","saved","1","Yes","No","No","No","No"
"2024-08-06T04:39:04.876Z","Retail","B0D1C9DKP7","Not Applicable","saved","1","No","No","No","No","No"
"2024-08-06T04:37:24.430Z","Retail","B0CMZ59XKQ","Not Applicable","saved","1","No","No","No","No","No"
"2024-08-06T04:35:06.845Z","Retail","B0BPYYT9YS","Not Applicable","saved","1","Yes","No","No","No","No"
"2024-08-06T04:34:10.188Z","Retail","B0CLGN6Z6T","Not Applicable","saved","1","Yes","No","No","No","No"
"2024-08-06T04:32:23.031Z","Retail","B074QN7LFF","Not Applicable","saved","1","Yes","No","No","No","No"
"2024-07-25T05:27:20.504Z","Retail","B074Y4V445","Not Applicable","saved","1","Yes","No","No","No","No"
"2024-07-25T05:26:59.430Z","Retail","B07NZ44JCD","Not Applicable","saved","1","Yes","No","No","No","No"
"2024-07-24T17:05:56.992Z","Retail","B0CTBS8J1B","Not Applicable","saved","1","Yes","No","No","No","No"
"2024-07-22T07:07:21.308Z","Retail","B0BNKVWDPF","Not Applicable","saved","1","Yes","No","No","No","No"
"2024-07-17T05:39:09.752Z","Retail","B0CJM1GNFQ","Not Applicable","saved","1","Yes","No","No","No","No"
"2024-07-17T05:38:04.683Z","Retail","B08C1W5N87","Not Applicable","saved","1","Yes","No","No","No","No"
"2024-07-17T05:10:32.649Z","Retail","B014TFWDSS","Not Applicable","saved","1","Yes","No","No","No","No"
"2024-07-17T03:28:17.784Z","Retail","B099RL2JKQ","Not Applicable","saved","1","Yes","No","No","No","No"
"2024-07-17T03:28:04.254Z","Retail","B0CKKLDZM8","Not Applicable","saved","1","Yes","No","No","No","No"
"2024-07-17T03:27:39.484Z","Retail","B0B4BMRWT6","Not Applicable","saved","1","Yes","No","No","No","No"
"2024-07-15T22:21:00.247Z","Retail","B098SK94H7","Not Applicable","saved","1","Yes","No","No","No","No"
"2024-07-15T22:18:53.763Z","Retail","B0D48SFH4T","Not Applicable","saved","1","Yes","No","No","No","No"
"2024-07-13T03:10:07.755Z","Retail","B08T19NWGK","Not Applicable","saved","1","Yes","No","No","No","No"
"2024-07-12T19:10:45.722Z","Retail","B0CP92Y4ZW","Not Applicable","saved","1","Yes","No","No","No","No"
"2024-07-12T19:04:13.431Z","Retail","B09TT7VHTC","Not Applicable","saved","1","Yes","No","No","No","No"
"2024-07-11T18:59:35.248Z","Retail","B089GGSCV3","Not Applicable","saved","1","Yes","No","No","No","No"
"2024-07-09T18:57:48.553Z","Retail","B01MRV5U4H","Not Applicable","saved","1","Yes","No","No","No","No"
"2024-07-02T23:11:31.300Z","Retail","B0CMMC5SBZ","Not Applicable","saved","1","Yes","No","No","No","No"
"2024-05-14T16:49:45.057Z","Retail","B09LLZN1QD","Not Applicable","saved","1","Yes","No","No","No","No"
"2024-05-14T16:44:11.220Z","Retail","B0B6WLMD5W","Not Applicable","saved","1","Yes","No","No","No","No"
"2024-05-14T16:38:51.669Z","Retail","B0779FN4GT","Not Applicable","saved","1","No","No","No","No","No"
"2024-05-14T06:03:36.507Z","Retail","B0BKZ39B65","Not Applicable","saved","1","No","No","No","No","No"
"2024-05-07T16:02:48.592Z","Retail","B08GS318WY","Not Applicable","saved","1","Yes","No","No","No","No"
"2024-05-07T15:59:37.797Z","Retail","B0CPHYDWWF","Not Applicable","saved","1","Yes","No","No","No","No"
"2024-05-07T14:52:26.374Z","Retail","B0CJV4YTD4","Not Applicable","saved","1","Yes","No","No","No","No"
"2024-05-07T14:47:16.738Z","Retail","B0CKN2B1W1","Not Applicable","saved","2","No","No","No","No","No"
"2024-05-07T14:28:18.151Z","Retail","B0CGWTPHFX","Not Applicable","saved","1","Yes","No","No","No","No"
"2024-05-07T14:24:50.748Z","Retail","B0BRSWR5KD","Not Applicable","saved","1","Yes","No","No","No","No"
"2024-05-07T14:18:44.644Z","Retail","B0BVRGLC9D","Not Applicable","saved","1","Yes","No","No","No","No"
"2024-05-07T14:18:08.847Z","Retail","B0CWP77RT5","Not Applicable","saved","2","Yes","No","No","No","No"
"2024-05-06T15:55:04.211Z","Retail","B0BHQ47L72","Not Applicable","saved","1","Yes","No","No","No","No"
"2024-05-06T15:50:15.403Z","Retail","B0B4RXFXY7","Not Applicable","saved","7","Yes","No","No","No","No"
"2024-05-06T15:48:05.911Z","Retail","B08FWYCF37","Not Applicable","saved","1","Yes","No","No","No","No"
"2024-05-06T15:43:20.906Z","Retail","B0BZDDGSCB","Not Applicable","saved","1","Yes","No","No","No","No"
"2024-05-06T05:59:51.023Z","Retail","B08GHPD52S","Not Applicable","saved","1","No","No","No","No","No"
"2024-05-06T05:56:17.459Z","Retail","B0831898N6","Not Applicable","saved","1","Yes","No","No","No","No"
"2024-05-05T01:35:01.353Z","Retail","B0CY25YPYL","Not Applicable","saved","1","Yes","No","No","No","No"
"2024-05-05T01:12:11.843Z","Retail","B086PK75VM","Not Applicable","saved","1","Yes","No","No","No","No"
"2024-05-05T01:10:32.865Z","Retail","B082SXTDTY","Not Applicable","saved","1","Yes","No","No","No","No"
"2024-05-05T01:09:32.560Z","Retail","B082SYC5HT","Not Applicable","saved","1","No","No","No","No","No"
"2024-05-05T01:00:38.632Z","Retail","B0CY22Q1NZ","Not Applicable","saved","2","No","No","No","No","No"
"2024-05-05T00:56:45.871Z","Retail","B0CY1RKWTN","Not Applicable","saved","1","Yes","No","No","No","No"
"2024-05-04T02:25:28.015Z","Retail","B0B7HBCD9W","Not Applicable","saved","1","Yes","No","No","No","No"
"2024-05-04T02:23:08.147Z","Retail","B0BDQCK38Y","Not Applicable","saved","1","Yes","No","No","No","No"
"2024-05-04T02:15:55.238Z","Retail","B07S367BNR","Not Applicable","saved","1","Yes","No","No","No","No"
"2024-05-03T21:21:31.798Z","Retail","B0C6QBR3L8","Not Applicable","saved","1","Yes","No","No","No","No"
"2024-05-03T21:19:29.470Z","Retail","B0CJ2WL4SN","Not Applicable","saved","1","Yes","No","No","No","No"
"2024-05-02T19:55:03.983Z","Retail","B0CR5RWV76","Not Applicable","saved","1","Yes","No","No","No","No"
"2024-05-02T19:39:07.955Z","Retail","B0CDBJVXGR","Not Applicable","saved","1","Yes","No","No","No","No"
"2024-05-02T19:38:32.741Z","Retail","B0BHSYJT8R","Not Applicable","saved","1","Yes","No","No","No","No"
"2024-05-02T19:37:48.565Z","Retail","B08NW6VSD8","Not Applicable","saved","1","Yes","No","No","No","No"
"2024-05-02T19:37:34.800Z","Retail","B0CM93JDT3","Not Applicable","saved","1","No","No","No","No","No"
"2024-05-02T19:35:07.287Z","Retail","B0CRHHN4JL","Not Applicable","saved","1","Yes","No","No","No","No"
"2024-05-02T19:34:19.652Z","Retail","B0CYZTJ8V5","Not Applicable","saved","1","Yes","No","No","No","No"
"2024-05-02T19:34:04.880Z","Retail","B0BTCTRMYY","Not Applicable","saved","1","Yes","No","No","No","No"
"2024-05-02T19:33:14.728Z","Retail","B0CB12K65R","Not Applicable","saved","1","Yes","No","No","No","No"
"2024-05-02T18:50:59.827Z","Retail","B07TPF4WRF","Not Applicable","saved","1","Yes","No","No","No","No"
"2024-05-02T18:35:50.998Z","Retail","B0CPP8KNV5","Not Applicable","saved","1","Yes","No","No","No","No"
"2024-05-02T17:32:52.807Z","Retail","B0BWR7TPHH","Not Applicable","saved","1","Yes","No","No","No","No"
"2024-05-02T04:38:40.240Z","Retail","B0CB8GR67S","Not Applicable","saved","1","No","No","No","No","No"
"2024-05-01T22:19:10.046Z","Retail","B0CKV5GFG3","Not Applicable","saved","2","No","No","No","No","No"
"2024-05-01T18:59:20.529Z","Retail","B09NXSXZTJ","Not Applicable","saved","1","No","No","No","No","No"
"2024-05-01T18:57:08.895Z","Retail","B0B4WJMJ89","Not Applicable","saved","1","No","No","No","No","No"
"2024-04-21T02:24:26.446Z","Retail","B09VYK35LD","Not Applicable","saved","1","Yes","No","No","No","No"
"2024-03-20T14:42:01.656Z","Retail","B0084A5PSK","Not Applicable","saved","2","Yes","No","No","No","No"
"2024-03-19T10:51:43.472Z","Retail","B0BRSPG5QM","Not Applicable","saved","1","Yes","No","No","No","No"
"2024-03-10T18:27:19.778Z","Retail","B0CGDNFNJJ","Not Applicable","saved","1","Yes","No","No","No","No"
"2024-03-07T21:51:11.463Z","Retail","B002EVPVQQ","Not Applicable","saved","1","No","No","No","No","No"
"2024-02-08T05:57:22.632Z","Retail","B08THBHTQ2","Not Applicable","saved","1","Yes","No","No","No","No"
"2024-02-04T21:51:33.572Z","Retail","B0CCCWRSKH","Not Applicable","saved","1","No","No","No","No","No"
"2024-02-04T21:45:00.842Z","Retail","B0BQD88JD4","Not Applicable","saved","1","No","No","No","No","No"
"2024-02-04T21:40:04.054Z","Retail","B0CDC425WT","Not Applicable","saved","1","Yes","No","No","No","No"
"2024-01-16T20:27:59.035Z","Retail","1119867878","Not Applicable","saved","1","Yes","No","No","No","No"
"2023-12-29T03:42:19.119Z","Retail","B0CH39VFWW","Not Applicable","saved","1","No","No","No","No","No"
"2023-12-29T03:19:34.259Z","Retail","B0753PD3Z4","Not Applicable","saved","1","Yes","No","No","No","No"
"2023-12-22T21:29:10.627Z","Retail","B07MMBHKBZ","Not Applicable","saved","1","Yes","No","No","No","No"
"2023-12-21T21:50:51.101Z","Retail","B00006IDL6","Not Applicable","saved","1","Yes","No","No","No","No"
"2023-12-12T17:32:47.555Z","Retail","B07ZPZQMNC","Not Applicable","saved","1","Yes","No","No","No","No"
"2023-11-23T19:39:56.025Z","Retail","B0BYJRVG1M","Not Applicable","saved","1","Yes","No","No","No","No"
"2023-11-20T05:39:46.723Z","Retail","B09X2CL5HG","Not Applicable","saved","1","Yes","No","No","No","No"
"2023-10-29T03:08:37.961Z","Retail","B0C9SV8QT3","Not Applicable","saved","1","Yes","No","No","No","No"
"2023-10-29T03:07:28.769Z","Retail","B0C9P7YW6X","Not Applicable","saved","1","Yes","No","No","No","No"
"2023-10-27T06:53:34.298Z","Retail","B07547M3BG","Not Applicable","saved","1","Yes","No","No","No","No"
"2023-10-27T06:52:14.369Z","Retail","B071D1BPXB","Not Applicable","saved","1","Yes","No","No","No","No"
"2023-10-20T05:52:28.996Z","Retail","B0025W9A5C","Not Applicable","saved","1","Yes","No","No","No","No"
"2023-10-20T05:46:30.596Z","Retail","B0BQHNHJN2","Not Applicable","saved","1","Yes","No","No","No","No"
"2023-10-20T04:57:17.300Z","Retail","B08PP83716","Not Applicable","saved","3","Yes","No","No","No","No"
"2023-10-20T04:51:43.179Z","Retail","B0BGPVNLKZ","Not Applicable","saved","1","Yes","No","No","No","No"
"2023-10-20T04:43:56.514Z","Retail","B0B41ZZQ2W","Not Applicable","saved","1","Yes","No","No","No","No"
"2023-10-05T05:59:16.112Z","Retail","B07P6W1NK8","Not Applicable","saved","1","Yes","No","No","No","No"
"2023-09-27T01:51:31.334Z","Retail","B09PR8NCB7","Not Applicable","saved","1","No","No","No","No","No"
"2023-09-15T08:13:13.283Z","Retail","B0B9HS6DLZ","Not Applicable","saved","1","No","No","No","No","No"
"2023-09-15T08:11:56.552Z","Retail","B088D8JG3L","Not Applicable","saved","1","Yes","No","No","No","No"
"2023-08-04T20:05:40.930Z","Retail","B07Q32S3B2","Not Applicable","saved","1","Yes","No","No","No","No"
"2023-08-04T19:57:06.302Z","Retail","B08LBN2JPS","Not Applicable","saved","1","Yes","No","No","No","No"
"2023-08-03T22:28:46.125Z","Retail","B09GPF2VKF","Not Applicable","saved","1","No","No","No","No","No"
"2023-07-07T04:58:34.617Z","Retail","B08CZRK997","Not Applicable","saved","1","Yes","No","No","No","No"
"2023-07-06T02:31:36.818Z","Retail","B09HN1C1YJ","Not Applicable","saved","1","Yes","No","No","No","No"
"2023-06-29T06:43:49.237Z","Retail","B09BQ5Q3HZ","Not Applicable","saved","1","Yes","No","No","No","No"
"2023-06-27T04:39:01.303Z","Retail","B0C2Z5MPYX","Not Applicable","saved","1","No","No","No","No","No"
"2023-06-02T16:24:29.837Z","Retail","B08962S1QW","Not Applicable","saved","1","No","No","No","No","No"
"2023-06-02T16:21:36.193Z","Retail","B09CGGSFVM","Not Applicable","saved","1","Yes","No","No","No","No"
"2023-05-27T05:14:05.196Z","Retail","B08HMSLW8X","Not Applicable","saved","1","Yes","No","No","No","No"
"2023-05-21T22:40:58.802Z","Retail","B003O2SERM","Not Applicable","saved","1","No","No","No","No","No"
"2023-05-14T21:06:00.012Z","Retail","B0BGKXWND1","Not Applicable","saved","1","No","No","No","No","No"
"2023-05-08T18:13:46.363Z","Retail","B07HVT6VMY","Not Applicable","saved","1","No","No","No","No","No"
"2023-05-07T19:13:19.405Z","Retail","B07RQQV4HV","Not Applicable","saved","1","Yes","No","No","No","No"
"2023-05-06T19:01:05.804Z","Retail","B08HYN6LLQ","Not Applicable","saved","1","Yes","No","No","No","No"
"2023-05-05T06:10:27.811Z","Retail","B09236H1QH","Not Applicable","saved","1","Yes","No","No","No","No"
"2023-05-02T18:22:14.653Z","Retail","B07HGQ9QF5","Not Applicable","saved","1","Yes","No","No","No","No"
"2023-04-18T05:44:52.774Z","Retail","B0BPM2HCWM","Not Applicable","saved","1","No","No","No","No","No"
"2023-04-18T04:43:28.882Z","Retail","B09DGGC3XC","Not Applicable","saved","1","Yes","No","No","No","No"
"2023-04-18T04:41:17.781Z","Retail","B00UKP1M2K","Not Applicable","saved","1","Yes","No","No","No","No"
"2023-04-16T12:58:55.128Z","Retail","B07PJXX9XG","Not Applicable","saved","1","Yes","No","No","No","No"
"2023-04-13T08:18:41.299Z","Retail","B0055AEZ0G","Not Applicable","saved","1","Yes","No","No","No","No"
"2023-04-13T08:16:20.925Z","Retail","B00FFJ2GRG","Not Applicable","saved","1","No","No","No","No","No"
"2023-01-24T20:44:53.575Z","Retail","B074K5BDJL","Not Applicable","saved","1","Yes","No","No","No","No"
"2023-01-24T20:44:41.592Z","Retail","B00RZUO1W6","Not Applicable","saved","1","Yes","No","No","No","No"
"2022-12-24T09:42:58.732Z","Retail","B0BBK4YKYM","Not Applicable","saved","1","No","No","No","No","No"
"2022-12-24T09:38:25.427Z","Retail","B0BBK2RRL5","Not Applicable","saved","1","No","No","No","No","No"
"2022-12-06T00:07:33.619Z","Retail","B0B9T7HFWN","Not Applicable","saved","1","No","No","No","No","No"
"2022-11-29T22:39:51.188Z","Retail","B004QREOYG","Not Applicable","saved","1","Yes","No","No","No","No"
"2022-11-29T04:37:55.495Z","Retail","B091L4NW9W","Not Applicable","saved","1","No","No","No","No","No"
"2022-11-24T05:40:58.749Z","Retail","B01L7B49QQ","Not Applicable","saved","1","Yes","No","No","No","No"
"2022-11-23T20:06:21.538Z","Retail","B007ZUGBU6","Not Applicable","saved","1","No","No","No","No","No"
"2022-11-20T01:26:30.173Z","Retail","B003YJPC2A","Not Applicable","saved","1","Yes","No","No","No","No"
"2022-11-18T06:56:25.023Z","Retail","B01ETYAMJQ","Not Applicable","saved","1","Yes","No","No","No","No"
"2022-11-18T06:44:20.080Z","Retail","B081VSQY9Q","Not Applicable","saved","1","Yes","No","No","No","No"
"2022-11-13T09:05:29.715Z","Retail","B000VOMZOY","Not Applicable","saved","1","No","No","No","No","No"
"2022-11-12T07:10:40.822Z","Retail","B07J2RFMXM","Not Applicable","saved","1","Yes","No","No","No","No"
"2022-11-12T07:09:16.425Z","Retail","B07WLRPLL8","Not Applicable","saved","1","Yes","No","No","No","No"
"2022-11-11T16:03:15.146Z","Retail","B010RWD4GM","Not Applicable","saved","1","No","No","No","No","No"
"2022-11-10T03:05:40.428Z","Retail","B00N85AAPY","Not Applicable","saved","1","No","No","No","No","No"
"2022-11-08T05:33:35.473Z","Retail","B01M34UE0B","Not Applicable","saved","1","Yes","No","No","No","No"
"2022-11-07T21:25:09.494Z","Retail","B08JYPVD6W","Not Applicable","saved","1","No","No","No","No","No"
"2022-11-07T21:22:32.112Z","Retail","B07KRYCMB3","Not Applicable","saved","1","No","No","No","No","No"
"2022-11-02T01:44:37.654Z","Retail","B09X2XJ3PL","Not Applicable","saved","1","No","No","No","No","No"
"2022-10-24T05:42:26.942Z","Retail","B0B2NXWMZX","Not Applicable","saved","1","No","No","No","No","No"
"2022-10-18T22:34:01.382Z","Retail","B0926TTDJV","Not Applicable","saved","1","No","No","No","No","No"
"2022-10-18T19:42:57.813Z","Retail","B07G2YJ5K8","Not Applicable","saved","1","Yes","No","No","No","No"
"2022-10-17T08:51:19.932Z","Retail","B0876LNH8Y","Not Applicable","saved","1","Yes","No","No","No","No"
"2022-10-03T15:38:06.812Z","Retail","B091YY6JZM","Not Applicable","saved","1","No","No","No","No","No"
"2022-09-09T01:55:14.873Z","Retail","B07CCN77DB","Not Applicable","saved","1","Yes","No","No","No","No"
"2022-09-07T21:39:27.325Z","Retail","B07JWJ9DK8","Not Applicable","saved","1","Yes","No","No","No","No"
"2022-09-07T21:39:22.839Z","Retail","B09BN14TRD","Not Applicable","saved","1","Yes","No","No","No","No"
"2022-09-04T09:51:05.956Z","Retail","B07JM8729Y","Not Applicable","saved","1","Yes","No","No","No","No"
"2022-08-31T23:59:40.699Z","Retail","B0B8HBYD33","Not Applicable","saved","1","No","No","No","No","No"
"2022-08-31T23:57:56.447Z","Retail","B09937Z1BZ","Not Applicable","saved","1","No","No","No","No","No"
"2022-08-31T19:13:20.965Z","Retail","B08QYF6698","Not Applicable","saved","1","Yes","No","No","No","No"
"2022-08-15T20:45:42.713Z","Retail","B071XB18BF","Not Applicable","saved","1","Yes","No","No","No","No"
"2022-08-12T00:44:03.278Z","Retail","B08N9M74M1","Not Applicable","saved","1","Yes","No","No","No","No"
"2022-07-23T09:48:04.335Z","Retail","B091JHM3SL","Not Applicable","saved","1","No","No","No","No","No"
"2022-07-18T07:57:54.834Z","Retail","B09DPVNFD9","Not Applicable","saved","1","No","No","No","No","No"
"2022-07-18T07:56:07.633Z","Retail","B0753P8GZQ","Not Applicable","saved","1","Yes","No","No","No","No"
"2022-07-12T20:29:52.802Z","Retail","B09TZMNGPB","Not Applicable","saved","1","No","No","No","No","No"
"2022-07-10T19:26:12.706Z","Retail","0609802860","Not Applicable","saved","1","Yes","No","No","No","No"
"2022-06-29T06:58:46.864Z","Retail","B08SZ76SKS","Not Applicable","saved","1","No","No","No","No","No"
"2022-06-29T06:49:37.524Z","Retail","B08Y5GB8CP","Not Applicable","saved","1","Yes","No","No","No","No"
"2022-06-29T06:43:16.775Z","Retail","B09Q2TD7PN","Not Applicable","saved","2","No","No","No","No","No"
"2022-06-29T06:17:51.585Z","Retail","B083B7H3YD","Not Applicable","saved","1","Yes","No","No","No","No"
"2022-06-29T06:05:00.771Z","Retail","B09QLY2PSC","Not Applicable","saved","1","Yes","No","No","No","No"
"2022-06-29T06:00:16.405Z","Retail","B09QCGPJD2","Not Applicable","saved","1","Yes","No","No","No","No"
"2022-06-29T05:59:52.233Z","Retail","B07S3VRZK4","Not Applicable","saved","1","No","No","No","No","No"
"2022-06-29T05:57:12.316Z","Retail","B0719R8L6S","Not Applicable","saved","1","No","No","No","No","No"
"2022-06-29T05:53:40.490Z","Retail","B08R5BSQ6K","Not Applicable","saved","1","No","No","No","No","No"
"2022-06-29T05:47:59.843Z","Retail","B000QTUJXS","Not Applicable","saved","1","Yes","No","No","No","No"
"2022-06-17T07:21:36.379Z","Retail","B09FM62YTY","Not Applicable","saved","1","No","No","No","No","No"
"2022-06-17T07:21:12.664Z","Retail","B09QFZ1WQM","Not Applicable","saved","1","No","No","No","No","No"
"2022-06-14T06:56:01.239Z","Retail","B08MYT3TW2","Not Applicable","saved","2","No","No","No","No","No"
"2022-05-22T22:18:49.114Z","Retail","B0912S3PL8","Not Applicable","saved","1","No","No","No","No","No"
"2022-05-22T06:34:23.261Z","Retail","B0194CUPBI","Not Applicable","saved","1","Yes","No","No","No","No"
"2022-05-22T06:29:35.034Z","Retail","B08YH2D9MQ","Not Applicable","saved","1","Yes","No","No","No","No"
"2022-05-22T05:04:55.867Z","Retail","B07MTWK4ZZ","Not Applicable","saved","1","No","No","No","No","No"
"2022-05-18T23:03:43.345Z","Retail","B0007U017U","Not Applicable","saved","1","No","No","No","No","No"
"2022-05-18T22:00:37.635Z","Retail","B07TNRCPTY","Not Applicable","saved","1","Yes","No","No","No","No"
"2022-05-17T03:26:09.232Z","Retail","B01IDUYS5G","Not Applicable","saved","1","No","No","No","No","No"
"2022-05-09T03:28:41.227Z","Retail","B08T5V5YMB","Not Applicable","saved","1","No","No","No","No","No"
"2022-05-02T04:39:48.093Z","Retail","B002TSA948","Not Applicable","saved","2","No","No","No","No","No"
"2022-04-26T05:51:18.640Z","Retail","B07RZXM6LT","Not Applicable","saved","1","No","No","No","No","No"
"2022-04-24T10:54:14.054Z","Retail","B0872HJDWW","Not Applicable","saved","1","No","No","No","No","No"
"2022-04-24T10:36:19.937Z","Retail","B08SQFN1M4","Not Applicable","saved","1","No","No","No","No","No"
"2022-04-21T08:01:34.508Z","Retail","B09NLTRBGB","Not Applicable","saved","1","No","No","No","No","No"
"2022-04-19T02:46:15.648Z","Retail","B0015R36XU","Not Applicable","saved","1","Yes","No","No","No","No"
"2022-04-11T06:04:21.545Z","Retail","B01N9076DP","Not Applicable","saved","1","No","No","No","No","No"
"2022-04-06T20:43:08.551Z","Retail","B088TSR6YJ","Not Applicable","saved","1","Yes","No","No","No","No"
"2022-03-29T05:01:14.285Z","Retail","B08LD52H1T","Not Applicable","saved","1","Yes","No","No","No","No"
"2022-03-29T04:59:47.835Z","Retail","B08NPG9Z9X","Not Applicable","saved","1","Yes","No","No","No","No"
"2022-03-29T02:10:47.615Z","Retail","B08R78YY9M","Not Applicable","saved","1","No","No","No","No","No"
"2022-03-29T02:05:17.289Z","Retail","B08KCPBGKC","Not Applicable","saved","1","No","No","No","No","No"
"2022-03-18T21:16:52.998Z","Retail","B00JPK53EO","Not Applicable","saved","1","No","No","No","No","No"
"2022-02-11T02:06:48.896Z","Retail","B08KH3YHLS","Not Applicable","saved","1","Yes","No","No","No","No"
"2022-02-06T17:07:58.392Z","Retail","B08XNHCQCG","Not Applicable","saved","1","Yes","No","No","No","No"
"2022-02-02T06:42:48.097Z","Retail","B09GVDPJCN","Not Applicable","saved","1","No","No","No","No","No"
"2022-02-02T06:28:16.982Z","Retail","B09BQXK38C","Not Applicable","saved","1","No","No","No","No","No"
"2022-01-30T03:19:11.189Z","Retail","B0818886HV","Not Applicable","saved","1","No","No","No","No","No"
"2022-01-30T03:16:21.694Z","Retail","B089YPY1K4","Not Applicable","saved","2","Yes","No","No","No","No"
"2022-01-29T10:04:14.271Z","Retail","B0963D19X3","Not Applicable","saved","1","No","No","No","No","No"
"2022-01-29T10:03:10.730Z","Retail","B09JK4W5JT","Not Applicable","saved","1","Yes","No","No","No","No"
"2022-01-12T17:00:13.486Z","Retail","B017VY904O","Not Applicable","saved","1","No","No","No","No","No"
"2022-01-02T09:51:41.435Z","Retail","B08L437QB6","Not Applicable","saved","1","Yes","No","No","No","No"
"2021-12-28T19:19:54.548Z","Retail","B081JMSBPF","Not Applicable","saved","1","Yes","No","No","No","No"
"2021-12-28T19:15:51.408Z","Retail","B01N1ZHCEB","Not Applicable","saved","1","Yes","No","No","No","No"
"2021-12-28T18:05:18.232Z","Retail","B07PY1DHQ1","Not Applicable","saved","1","Yes","No","No","No","No"
"2021-12-11T03:42:12.124Z","Retail","B08FLZMDQV","Not Applicable","saved","1","Yes","No","No","No","No"
"2021-12-03T06:37:10.743Z","Retail","B071F1FZHR","Not Applicable","saved","3","No","No","No","No","No"
"2021-11-17T06:26:46.559Z","Retail","B0956XD8Y7","Not Applicable","saved","1","No","No","No","No","No"
"2021-10-26T17:51:09.346Z","Retail","B07BRKYN89","Not Applicable","saved","1","Yes","No","No","No","No"
"2021-10-23T22:23:03.052Z","Retail","B01C236AFG","Not Applicable","saved","1","Yes","No","No","No","No"
"2021-10-21T09:58:44.137Z","Retail","B08JNM9WJ3","Not Applicable","saved","1","No","No","No","No","No"
"2021-10-21T09:58:05.336Z","Retail","B08XTJ7B8Q","Not Applicable","saved","2","No","No","No","No","No"
"2021-10-21T09:14:35.620Z","Retail","B08HV4G1QC","Not Applicable","saved","1","No","No","No","No","No"
"2021-10-21T09:12:44.392Z","Retail","B005P2TU2C","Not Applicable","saved","1","No","No","No","No","No"
"2021-10-18T17:56:25.034Z","Retail","B07DCSYTSR","Not Applicable","saved","2","Yes","No","No","No","No"
"2021-10-18T17:48:10.406Z","Retail","B07ZNWTDHJ","Not Applicable","saved","1","No","No","No","No","No"
"2021-10-18T17:32:33.592Z","Retail","B08D3PXP4Z","Not Applicable","saved","1","No","No","No","No","No"
"2021-10-07T03:00:34.373Z","Retail","B07KJ3TD6W","Not Applicable","saved","1","Yes","No","No","No","No"
"2021-09-13T18:28:25.607Z","Retail","B00BPUC6H4","Not Applicable","saved","1","No","No","No","No","No"
"2021-09-09T14:45:33.337Z","Retail","B07MBZ72XZ","Not Applicable","saved","1","Yes","No","No","No","No"
"2021-09-07T02:16:04.023Z","Retail","B00F4NZQT8","Not Applicable","saved","1","No","No","No","No","No"
"2021-08-31T05:50:42.819Z","Retail","B086PLNVNK","Not Applicable","saved","1","No","No","No","No","No"
"2021-08-31T05:46:02.786Z","Retail","B07ZBC1CMB","Not Applicable","saved","1","No","No","No","No","No"
"2021-08-27T20:11:29.096Z","Retail","B004DFUI32","Not Applicable","saved","1","No","No","No","No","No"
"2021-08-27T20:10:25.296Z","Retail","B07JCP9HPW","Not Applicable","saved","1","No","No","No","No","No"
"2021-08-27T20:08:25.691Z","Retail","B07JVNXQ1R","Not Applicable","saved","1","No","No","No","No","No"
"2021-08-27T06:54:40.082Z","Retail","B002YKMPQ6","Not Applicable","saved","1","Yes","No","No","No","No"
"2021-08-27T06:12:57.976Z","Retail","B006VN87AU","Not Applicable","saved","1","No","No","No","No","No"
"2021-08-27T06:12:00.079Z","Retail","B003VSXKQY","Not Applicable","saved","1","Yes","No","No","No","No"
"2021-08-27T06:11:44.884Z","Retail","B0031P36B6","Not Applicable","saved","1","Yes","No","No","No","No"
"2021-08-27T06:08:05.903Z","Retail","B072LV1Q9X","Not Applicable","saved","1","Yes","No","No","No","No"
"2021-08-27T06:05:34.886Z","Retail","B07K52J4QF","Not Applicable","saved","1","Yes","No","No","No","No"
"2021-08-27T05:57:48.880Z","Retail","B07C2CFWYR","Not Applicable","saved","1","Yes","No","No","No","No"
"2021-08-27T05:49:50.644Z","Retail","B09376Z6KW","Not Applicable","saved","1","Yes","No","No","No","No"
"2021-08-26T21:14:43.426Z","Retail","B077NR4BJK","Not Applicable","saved","1","Yes","No","No","No","No"
"2021-08-24T05:12:46.658Z","Retail","B087NRVGZX","Not Applicable","saved","1","Yes","No","No","No","No"
"2021-08-23T23:24:21.625Z","Retail","B001V9HENU","Not Applicable","saved","1","Yes","No","No","No","No"
"2021-08-20T20:54:54.167Z","Retail","B073DT6HM5","Not Applicable","saved","1","Yes","No","No","No","No"
"2021-08-19T23:58:38.287Z","Retail","B08B5XG8DB","Not Applicable","saved","1","No","No","No","No","No"
"2021-08-16T06:37:52.660Z","Retail","B07YZJZHM4","Not Applicable","saved","1","No","No","No","No","No"
"2021-08-16T05:22:29.435Z","Retail","B01N9HQM9F","Not Applicable","saved","1","Yes","No","No","No","No"
"2021-08-16T05:14:37.191Z","Retail","B08RD5714N","Not Applicable","saved","1","No","No","No","No","No"
"2021-08-11T22:32:57.113Z","Retail","B07SVYVRSK","Not Applicable","saved","1","No","No","No","No","No"
"2021-08-11T22:30:22.663Z","Retail","B07FYZ8X1F","Not Applicable","saved","2","No","No","No","No","No"
"2021-08-11T22:18:14.178Z","Retail","B08BZCNPC3","Not Applicable","saved","2","Yes","No","No","No","No"
"2021-08-11T22:13:26.439Z","Retail","B073XB7H39","Not Applicable","saved","1","Yes","No","No","No","No"
"2021-08-11T22:12:30.587Z","Retail","B07NH62L58","Not Applicable","saved","1","Yes","No","No","No","No"
"2021-08-11T22:07:56.584Z","Retail","B078YPGTSP","Not Applicable","saved","1","Yes","No","No","No","No"
"2021-08-11T22:06:28.704Z","Retail","B078YPPCFB","Not Applicable","saved","1","No","No","No","No","No"
"2021-08-11T22:03:19.680Z","Retail","B07V9YMZTD","Not Applicable","saved","1","No","No","No","No","No"
"2021-08-11T17:03:41.127Z","Retail","B07RKG5ZB8","Not Applicable","saved","1","Yes","No","No","No","No"
"2021-08-11T17:01:12.665Z","Retail","B01DHPHAYI","Not Applicable","saved","1","No","No","No","No","No"
"2021-08-10T15:26:11.038Z","Retail","B07SQG8D35","Not Applicable","saved","1","Yes","No","No","No","No"
"2021-08-10T01:49:17.596Z","Retail","B073ZXQX7J","Not Applicable","saved","1","Yes","No","No","No","No"
"2021-08-10T01:37:47.623Z","Retail","B01ES3N61Y","Not Applicable","saved","1","Yes","No","No","No","No"
"2021-08-10T01:32:58.581Z","Retail","B07SW7Z21B","Not Applicable","saved","1","No","No","No","No","No"
"2021-08-10T00:32:20.322Z","Retail","B088PCWS67","Not Applicable","saved","1","No","No","No","No","No"
"2021-08-10T00:30:35.120Z","Retail","B01M09COIF","Not Applicable","saved","1","No","No","No","No","No"
"2021-08-10T00:29:11.328Z","Retail","B07GZNHVT4","Not Applicable","saved","1","Yes","No","No","No","No"
"2021-08-08T02:02:33.632Z","Retail","B07Z6SR3F1","Not Applicable","saved","1","Yes","No","No","No","No"
"2021-08-08T01:59:38Z","Retail","B01MYZ1COC","Not Applicable","saved","1","Yes","No","No","No","No"
"2021-08-07T07:15:43.238Z","Retail","B07SVZ77FK","Not Applicable","saved","1","Yes","No","No","No","No"
"2021-08-07T07:04:11.262Z","Retail","B07X96N6BB","Not Applicable","saved","1","No","No","No","No","No"
"2021-08-07T06:57:21.267Z","Retail","B088R5YHLW","Not Applicable","saved","1","No","No","No","No","No"
"2021-08-07T06:39:21.891Z","Retail","B083LMRXJC","Not Applicable","saved","6","Yes","No","No","No","No"
"2021-08-07T06:37:35.166Z","Retail","B07R5DNYNL","Not Applicable","saved","3","Yes","No","No","No","No"
"2021-08-07T06:32:55.641Z","Retail","B0973Y1MNJ","Not Applicable","saved","1","Yes","No","No","No","No"
"2021-08-06T13:29:16.596Z","Retail","B01LAZCVG4","Not Applicable","saved","2","No","No","No","No","No"
"2021-08-06T13:27:08.541Z","Retail","B08SQ8PC5D","Not Applicable","saved","1","No","No","No","No","No"
"2021-08-06T13:25:55.829Z","Retail","B07ZNGTWT9","Not Applicable","saved","1","Yes","No","No","No","No"
"2021-08-06T13:15:51.477Z","Retail","B087YRN362","Not Applicable","saved","1","Yes","No","No","No","No"
"2021-08-06T09:58:50.516Z","Retail","B07G575LHT","Not Applicable","saved","1","Yes","No","No","No","No"
"2021-08-06T09:57:04.669Z","Retail","B082BLVKGF","Not Applicable","saved","1","No","No","No","No","No"
"2021-08-02T06:32:26.977Z","Retail","B07YXZRKF5","Not Applicable","saved","1","No","No","No","No","No"
"2021-08-02T06:30:14.637Z","Retail","B075WQYN3B","Not Applicable","saved","1","Yes","No","No","No","No"
"2021-07-26T22:10:33.239Z","Retail","B08217Z7JN","Not Applicable","saved","1","No","No","No","No","No"
"2021-07-26T22:05:44.110Z","Retail","B0859KMS3W","Not Applicable","saved","1","No","No","No","No","No"
"2021-07-16T07:59:00.452Z","Retail","B08YJFJ9DY","Not Applicable","saved","2","No","No","No","No","No"
"2021-07-13T17:17:54.890Z","Retail","B08YCWJT18","Not Applicable","saved","1","Yes","No","No","No","No"
"2021-07-13T17:14:58.089Z","Retail","B08YCWJT18","Not Applicable","saved","1","Yes","No","No","No","No"
"2021-07-13T04:32:02.995Z","Retail","B005T0SN0K","Not Applicable","saved","1","Yes","No","No","No","No"
"2021-06-27T23:03:17.142Z","Retail","B07VY7N112","Not Applicable","saved","1","No","No","No","No","No"
"2021-06-26T08:40:32.312Z","Retail","B002UKJC20","Not Applicable","saved","1","No","No","No","No","No"
"2021-06-20T05:48:13.594Z","Retail","B08VN7NMT6","Not Applicable","saved","1","No","No","No","No","No"
"2021-06-13T08:01:11.376Z","Retail","B00CAD8L42","Not Applicable","saved","1","No","No","No","No","No"
"2021-06-13T06:26:39.678Z","Retail","B0716P4MZ2","Not Applicable","saved","1","No","No","No","No","No"
"2021-05-28T09:01:27.391Z","Retail","B00Q3IDN5M","Not Applicable","saved","1","Yes","No","No","No","No"
"2021-05-27T22:06:53.238Z","Retail","B08FC66ZV4","Not Applicable","saved","1","No","No","No","No","No"
"2021-05-17T09:29:19.059Z","Retail","B007708W3S","Not Applicable","saved","1","No","No","No","No","No"
"2021-05-17T09:21:18.367Z","Retail","B07V8JJQ7S","Not Applicable","saved","1","No","No","No","No","No"
"2021-05-17T09:19:19.230Z","Retail","B07ZYS3PP1","Not Applicable","saved","1","Yes","No","No","No","No"
"2021-05-17T09:13:33.394Z","Retail","B018MC3HUM","Not Applicable","saved","1","No","No","No","No","No"
"2021-05-17T09:11:46.229Z","Retail","B078ND6YPV","Not Applicable","saved","1","Yes","No","No","No","No"
"2021-05-17T09:08:18.513Z","Retail","B091J56SLR","Not Applicable","saved","1","Yes","No","No","No","No"
"2021-05-17T09:03:47.424Z","Retail","B075XP4TSG","Not Applicable","saved","1","No","No","No","No","No"
"2021-05-14T18:33:20.655Z","Retail","B002YRB35I","Not Applicable","saved","2","No","No","No","No","No"
"2021-05-14T18:32:45.427Z","Retail","B00245PTPU","Not Applicable","saved","1","Yes","No","No","No","No"
"2021-05-14T18:27:30.788Z","Retail","B08H4KXWBK","Not Applicable","saved","1","No","No","No","No","No"
"2021-05-14T17:05:36.828Z","Retail","B08MLD9M63","Not Applicable","saved","1","Yes","No","No","No","No"
"2021-05-14T17:00:39.201Z","Retail","B08LB2CLFQ","Not Applicable","saved","1","No","No","No","No","No"
"2021-05-14T16:59:25.276Z","Retail","B071F7XZV7","Not Applicable","saved","1","No","No","No","No","No"
"2021-05-13T07:26:23.601Z","Retail","B00WJ6KVRA","Not Applicable","saved","1","Yes","No","No","No","No"
"2021-05-13T07:24:15.187Z","Retail","B07TCHFPHC","Not Applicable","saved","1","No","No","No","No","No"
"2021-05-12T03:55:43.084Z","Retail","B015NZ3N28","Not Applicable","saved","1","Yes","No","No","No","No"
"2021-05-10T10:02:37.409Z","Retail","B07RF7W68P","Not Applicable","saved","1","Yes","No","No","No","No"
"2021-05-10T09:56:55.834Z","Retail","B07K4WY81F","Not Applicable","saved","1","No","No","No","No","No"
"2021-04-25T08:03:09.033Z","Retail","B07BBG487T","Not Applicable","saved","1","No","No","No","No","No"
"2021-04-24T05:06:25.690Z","Retail","B00DX3ME7I","Not Applicable","saved","1","No","No","No","No","No"
"2021-04-18T08:05:45.856Z","Retail","B07Z3M1C9J","Not Applicable","saved","1","No","No","No","No","No"
"2021-04-11T04:54:40.462Z","Retail","B00OCM9R1U","Not Applicable","saved","1","No","No","No","No","No"
"2021-04-10T06:43:23.402Z","Retail","B01M0TS64K","Not Applicable","saved","1","Yes","No","No","No","No"
"2021-04-10T06:34:51.160Z","Retail","B01N6UE7OF","Not Applicable","saved","1","Yes","No","No","No","No"
"2021-03-20T07:22:11.626Z","Retail","B0824KDCSB","Not Applicable","saved","1","Yes","No","No","No","No"
"2021-03-20T07:20:53.129Z","Retail","B08VRR9923","Not Applicable","saved","1","Yes","No","No","No","No"
"2021-03-20T07:20:17.489Z","Retail","B08L6FCNXQ","Not Applicable","saved","1","No","No","No","No","No"
"2021-03-18T21:54:20.674Z","Retail","B07BHPCX5Y","Not Applicable","saved","1","Yes","No","No","No","No"
"2021-03-17T03:40:18.620Z","Retail","B010UO2PIA","Not Applicable","saved","2","Yes","No","No","No","No"
"2021-03-17T03:37:30.742Z","Retail","B00F39GHDM","Not Applicable","saved","1","Yes","No","No","No","No"
"2021-03-11T07:54:38.100Z","Retail","B082LV6W72","Not Applicable","saved","1","No","No","No","No","No"
"2021-02-22T07:23:08.729Z","Retail","B07T8PS2RK","Not Applicable","saved","1","No","No","No","No","No"
"2021-02-13T19:43:58.812Z","Retail","B075YYR43C","Not Applicable","saved","1","No","No","No","No","No"
"2021-02-13T09:48:36.841Z","Retail","B006W2K190","Not Applicable","saved","1","Yes","No","No","No","No"
"2021-02-12T00:04:29.919Z","Retail","B087CKVYGT","Not Applicable","saved","1","Yes","No","No","No","No"
"2021-02-08T15:24:58.643Z","Retail","B004BNR6H2","Not Applicable","saved","1","No","No","No","No","No"
"2021-02-04T06:07:17.196Z","Retail","B08DY8B4MV","Not Applicable","saved","1","Yes","No","No","No","No"
"2021-02-04T06:04:44.700Z","Retail","B08FXKRY4N","Not Applicable","saved","1","No","No","No","No","No"
"2021-02-04T06:03:51.408Z","Retail","B083SJSC29","Not Applicable","saved","1","Yes","No","No","No","No"
"2021-01-16T11:40:33.888Z","Retail","B08K2Z9FHX","Not Applicable","saved","1","Yes","No","No","No","No"
"2021-01-15T21:05:59.902Z","Retail","B00PLTLG4O","Not Applicable","saved","1","No","No","No","No","No"
"2021-01-13T03:45:14.053Z","Retail","B07BV72H71","Not Applicable","saved","1","No","No","No","No","No"
"2021-01-13T03:44:21.089Z","Retail","B0000CFN0Y","Not Applicable","saved","1","No","No","No","No","No"
"2021-01-01T08:58:10.126Z","Retail","B0046SIUXG","Not Applicable","saved","1","Yes","No","No","No","No"
"2021-01-01T08:41:40.568Z","Retail","B07N9LDMF8","Not Applicable","saved","1","Yes","No","No","No","No"
"2021-01-01T08:39:07.556Z","Retail","B07RXT1TB2","Not Applicable","saved","1","No","No","No","No","No"
"2020-11-19T20:38:39.944Z","Retail","B01ES1V99M","Not Applicable","saved","1","No","No","No","No","No"
"2020-11-04T12:20:20.479Z","Retail","B01ANKHADG","Not Applicable","saved","1","Yes","No","No","No","No"
"2020-11-03T02:54:22.041Z","Retail","B082DYKDLT","Not Applicable","saved","1","Yes","No","No","No","No"
"2020-10-31T15:29:38.939Z","Retail","B06W9K1W4F","Not Applicable","saved","1","Yes","No","No","No","No"
"2020-10-08T03:50:36.335Z","Retail","B07H5F8S91","Not Applicable","saved","1","No","No","No","No","No"
"2020-09-27T12:02:44.716Z","Retail","B088W9W96C","Not Applicable","saved","1","No","No","No","No","No"
"2020-09-20T15:01:48.505Z","Retail","B0721CT6ZJ","Not Applicable","saved","1","No","Yes","No","No","No"
"2020-08-16T20:21:22.774Z","Retail","B0719JWXBC","Not Applicable","saved","1","No","Yes","No","No","No"
"2020-08-10T05:38:22.632Z","Retail","B01GRO4UTY","Not Applicable","saved","1","No","No","No","No","No"
"2020-07-31T19:30:49.269Z","Retail","B06X9KLW1P","Not Applicable","saved","1","Yes","No","No","No","No"
"2020-07-24T19:38:51.807Z","Retail","B07F6C3V59","Not Applicable","saved","2","No","No","No","No","No"
"2020-06-18T05:24:08.173Z","Retail","B07HRG36TR","Not Applicable","saved","1","Yes","No","No","No","No"
"2020-06-18T05:12:35.405Z","Retail","B0084MN7T2","Not Applicable","saved","1","No","No","No","No","No"
"2020-06-16T06:53:09.930Z","Retail","B07Q25CQXS","Not Applicable","saved","1","Yes","No","No","No","No"
"2020-06-14T19:48:37.831Z","Retail","B07FQF36JX","Not Applicable","saved","1","No","No","No","No","No"
"2020-06-14T19:41:00.135Z","Retail","B07X1VNV87","Not Applicable","saved","1","No","No","No","No","No"
"2020-06-13T07:43:27.396Z","Retail","B0000WURG0","Not Applicable","saved","1","No","No","No","No","No"
"2020-06-13T07:42:05.616Z","Retail","B01BUMHHWA","Not Applicable","saved","1","No","No","No","No","No"
"2020-06-13T07:41:45.922Z","Retail","B07D7HQQLH","Not Applicable","saved","1","No","No","No","No","No"
"2020-06-13T07:21:58.378Z","Retail","B07T6Y1KVY","Not Applicable","saved","1","No","No","No","No","No"
"2020-06-09T06:45:41.605Z","Retail","B005IF2Z2S","Not Applicable","saved","1","No","No","No","No","No"
"2020-06-04T17:40:23.947Z","Retail","B078H38V8F","Not Applicable","saved","2","Yes","No","No","No","No"
"2020-05-29T19:22:13.570Z","Retail","B008GV1KJU","Not Applicable","saved","1","Yes","No","No","No","No"
"2020-05-29T19:19:21.509Z","Retail","B07GSHGSB1","Not Applicable","saved","1","Yes","No","No","No","No"
"2020-05-19T01:56:20.587Z","Retail","B00ZQ156UW","Not Applicable","saved","1","No","No","No","No","No"
"2020-05-18T22:47:15.460Z","Retail","B087YV6QTT","Not Applicable","saved","1","No","No","No","No","No"
"2020-05-15T22:32:29.886Z","Retail","B07TXL5RTV","Not Applicable","saved","1","No","No","No","No","No"
"2020-05-15T07:08:55.800Z","Retail","B07CKWNRB8","Not Applicable","saved","1","No","No","No","No","No"
"2020-05-15T07:05:41.246Z","Retail","B0015C9MY2","Not Applicable","saved","1","No","No","No","No","No"
"2020-05-15T07:01:03.116Z","Retail","B0824PF2K1","Not Applicable","saved","1","No","No","No","No","No"
"2020-05-14T20:43:54.272Z","Retail","B019OH9898","Not Applicable","saved","2","No","No","No","No","No"
"2020-05-12T07:56:08.134Z","Retail","B01H7NHX1G","Not Applicable","saved","1","Yes","No","No","No","No"
"2020-05-12T07:54:07.299Z","Retail","B00MBPCQ4K","Not Applicable","saved","2","Yes","No","No","No","No"
"2020-04-25T07:18:59.406Z","Retail","B00YLVDJKW","Not Applicable","saved","1","No","No","No","No","No"
"2020-04-25T06:45:47.051Z","Retail","B07XRJ6PDY","Not Applicable","saved","1","No","No","No","No","No"
"2020-04-24T03:01:04.456Z","Retail","B086P92ZYL","Not Applicable","saved","1","No","No","No","No","No"
"2020-04-23T06:55:34.185Z","Retail","B0758CTVVR","Not Applicable","saved","1","Yes","No","No","No","No"
"2020-04-23T06:44:13.481Z","Retail","B075898NLN","Not Applicable","saved","1","Yes","No","No","No","No"
"2020-04-17T17:59:34.107Z","Retail","B007CLQEZA","Not Applicable","saved","1","Yes","No","No","No","No"
"2020-04-08T05:57:44.482Z","Retail","B07MNLD61C","Not Applicable","saved","1","No","No","No","No","No"
"2020-04-08T05:47:50.166Z","Retail","B07F8ZQDSZ","Not Applicable","saved","1","No","No","No","No","No"
"2020-04-06T20:15:04.912Z","Retail","B0851CRYQ2","Not Applicable","saved","1","No","No","No","No","No"
"2020-04-03T07:02:13.811Z","Retail","B07CPQPXGS","Not Applicable","saved","1","Yes","No","No","No","No"
"2020-04-03T06:58:50.593Z","Retail","B07R7KVGQG","Not Applicable","saved","1","No","No","No","No","No"
"2020-04-03T05:59:24.235Z","Retail","B07KGMQGDT","Not Applicable","saved","1","No","No","No","No","No"
"2020-04-01T01:18:32.527Z","Retail","B00K0EFBA0","Not Applicable","saved","1","No","No","No","No","No"
"2020-03-31T14:19:16.446Z","Retail","B00SKAZS04","Not Applicable","saved","1","No","No","No","No","No"
"2020-03-31T06:08:36.187Z","Retail","B07Z8PRMB5","Not Applicable","saved","1","No","No","No","No","No"
"2020-03-29T23:13:57.612Z","Retail","B075FG9J8S","Not Applicable","saved","1","No","No","No","No","No"
"2020-03-23T19:57:47.372Z","Retail","B07MBXBN59","Not Applicable","saved","1","No","No","No","No","No"
"2020-03-23T19:57:47.372Z","Retail","B07H2TZH56","Not Applicable","saved","1","Yes","No","No","No","No"
"2020-03-12T23:21:28.212Z","Retail","B07ZCX98KN","Not Applicable","saved","1","No","No","No","No","No"
"2020-03-11T19:47:40.109Z","Retail","B01N75IVCZ","Not Applicable","saved","1","Yes","No","No","No","No"
"2020-03-11T19:46:43.457Z","Retail","B07ZCTJ741","Not Applicable","saved","1","No","No","No","No","No"
"2020-03-11T19:43:28.442Z","Retail","B0796V4K19","Not Applicable","saved","2","Yes","No","No","No","No"
"2020-02-05T21:01:15.465Z","Retail","B00BK02LRY","Not Applicable","saved","1","No","No","No","No","No"
"2020-02-05T00:19:48.760Z","Retail","B007TFTXAC","Not Applicable","saved","1","Yes","No","No","No","No"
"2020-02-04T18:11:12.521Z","Retail","B01IR9VFRW","Not Applicable","saved","1","Yes","No","No","No","No"
"2020-02-03T18:58:39.355Z","Retail","B007TFTXAC","Not Applicable","saved","1","No","No","No","No","No"
"2020-02-03T18:30:07.479Z","Retail","B01L7XWNSU","Not Applicable","saved","3","No","No","No","No","No"
"2020-02-03T16:25:30.370Z","Retail","B07PNLXPFT","Not Applicable","saved","1","Yes","No","No","No","No"
"2020-02-03T16:13:33.845Z","Retail","B08394K5S1","Not Applicable","saved","1","No","No","No","No","No"
"2020-02-03T16:09:46.763Z","Retail","B074SM12RP","Not Applicable","saved","1","No","No","No","No","No"
"2020-02-03T07:02:59.034Z","Retail","B072KWPCTG","Not Applicable","saved","1","No","No","No","No","No"
"2020-01-31T05:53:52.371Z","Retail","B073XV5LTC","Not Applicable","saved","1","No","No","No","No","No"
"2020-01-31T05:53:32.525Z","Retail","B00ATTIRPC","Not Applicable","saved","1","No","No","No","No","No"
"2020-01-29T00:57:11.702Z","Retail","B075HVLRC9","Not Applicable","saved","1","No","No","No","No","No"
"2020-01-28T01:22:07.329Z","Retail","B07V3CGSB8","Not Applicable","saved","1","No","No","No","No","No"
"2020-01-28T01:21:47.837Z","Retail","B002UEUJ6Y","Not Applicable","saved","1","No","No","No","No","No"
"2020-01-28T01:20:57.706Z","Retail","B00E3RH0T0","Not Applicable","saved","1","Yes","No","No","No","No"
"2020-01-28T01:18:58.869Z","Retail","B07RGYWVW7","Not Applicable","saved","1","No","No","No","No","No"
"2020-01-27T17:56:12.294Z","Retail","B07TBF2FPG","Not Applicable","saved","1","No","No","No","No","No"
"2020-01-25T08:04:34.496Z","Retail","B076BB4NJL","Not Applicable","saved","1","No","No","No","No","No"
"2020-01-15T05:11:24.205Z","Retail","B00CV872XC","Not Applicable","saved","1","Yes","No","No","No","No"
"2020-01-13T17:54:19.092Z","Retail","B0191H00CK","Not Applicable","saved","1","No","No","No","No","No"
"2020-01-13T17:53:08.718Z","Retail","B07F31MQLB","Not Applicable","saved","1","No","No","No","No","No"
"2020-01-13T17:47:02.841Z","Retail","B07TXPS8J5","Not Applicable","saved","1","No","No","No","No","No"
"2020-01-07T22:53:57.368Z","Retail","B07BC5RTD4","Not Applicable","saved","1","Yes","No","No","No","No"
"2020-01-07T00:42:43.365Z","Retail","B07VHPR4PC","Not Applicable","saved","1","No","No","No","No","No"
"2020-01-04T07:39:25.835Z","Retail","B07VPMZGXG","Not Applicable","saved","1","Yes","No","No","No","No"
"2020-01-03T17:07:55.771Z","Retail","B07BSX6R31","Not Applicable","saved","3","Yes","No","No","No","No"
"2020-01-03T16:58:55.577Z","Retail","B07D29P5Z1","Not Applicable","saved","1","Yes","No","No","No","No"
"2020-01-01T00:10:45.284Z","Retail","B073S4PQ6H","Not Applicable","saved","1","Yes","No","No","No","No"
"2019-12-26T23:57:50.643Z","Retail","B00I2YYZH0","Not Applicable","saved","1","Yes","No","No","No","No"
"2019-12-24T16:50:53.704Z","Retail","B00AFR0ILE","Not Applicable","saved","1","No","No","No","No","No"
"2019-12-19T23:01:34.949Z","Retail","B01MR8TQ8T","Not Applicable","saved","1","Yes","No","No","No","No"
"2019-12-17T06:59:26.934Z","Retail","B07VT81NL1","Not Applicable","saved","1","Yes","No","No","No","No"
"2019-12-16T16:09:05.357Z","Retail","B07QDNQMQV","Not Applicable","saved","1","No","No","No","No","No"
"2019-12-16T07:08:19.364Z","Retail","B0758SZ9JK","Not Applicable","saved","1","Yes","No","No","No","No"
"2019-12-16T07:05:14.064Z","Retail","B073TVSCDM","Not Applicable","saved","1","Yes","No","No","No","No"
"2019-12-15T09:01:05.574Z","Retail","B07WWZVHPF","Not Applicable","saved","1","No","No","No","No","No"
"2019-12-15T08:57:52.765Z","Retail","B079P41346","Not Applicable","saved","2","No","No","No","No","No"
"2019-12-15T08:56:57.667Z","Retail","B079NZQ63Q","Not Applicable","saved","1","Yes","No","No","No","No"
"2019-12-15T05:36:44.339Z","Retail","B07HYWGBSH","Not Applicable","saved","1","Yes","No","No","No","No"
"2019-12-15T05:35:34.953Z","Retail","B07HYW894B","Not Applicable","saved","1","Yes","No","No","No","No"
"2019-12-15T05:34:18.344Z","Retail","B06XJKKBMF","Not Applicable","saved","1","Yes","No","No","No","No"
"2019-12-15T05:28:13.617Z","Retail","B06XJLGDWC","Not Applicable","saved","1","Yes","No","No","No","No"
"2019-12-11T08:53:49.499Z","Retail","B0713TQ8TR","Not Applicable","saved","1","Yes","No","No","No","No"
"2019-11-24T02:33:59.753Z","Retail","B000G68GPE","Not Applicable","saved","1","Yes","No","No","No","No"
"2019-10-25T17:55:50.816Z","Retail","B00VRW4BZA","Not Applicable","saved","1","Yes","No","No","No","No"
"2019-10-25T17:52:56.553Z","Retail","B0756NTL9R","Not Applicable","saved","1","No","No","No","No","No"
"2019-10-25T17:50:40.329Z","Retail","B07N155GSW","Not Applicable","saved","1","No","No","No","No","No"
"2019-10-23T18:44:33.298Z","Retail","B00GBMAO70","Not Applicable","saved","1","No","No","No","No","No"
"2019-10-23T02:21:24.494Z","Retail","B077X7F4R3","Not Applicable","saved","1","No","No","No","No","No"
"2019-10-22T05:05:23.655Z","Retail","B07P7ZNLTF","Not Applicable","saved","1","No","No","No","No","No"
"2019-10-22T04:57:54.551Z","Retail","B07Q86SQN8","Not Applicable","saved","1","No","No","No","No","No"
"2019-10-22T04:49:40.242Z","Retail","B07Q74RT42","Not Applicable","saved","2","No","No","No","No","No"
"2019-10-21T23:13:47.093Z","Retail","B07Q74LVJT","Not Applicable","saved","1","No","No","No","No","No"
"2019-10-21T19:35:54.846Z","Retail","B00J5IM64Q","Not Applicable","saved","2","No","No","No","No","No"
"2019-10-18T16:23:13.934Z","Retail","B077VKFQTZ","Not Applicable","saved","1","No","No","No","No","No"
"2019-10-11T02:07:35.702Z","Retail","B00K6O0IPC","Not Applicable","saved","1","No","No","No","No","No"
"2019-10-11T02:05:11.876Z","Retail","B07VZTMLKD","Not Applicable","saved","1","No","No","No","No","No"
"2019-10-11T02:03:27.048Z","Retail","B07Q3XJS63","Not Applicable","saved","1","No","No","No","No","No"
"2019-10-10T02:40:40.487Z","Retail","B07XM8P57J","Not Applicable","saved","1","No","No","No","No","No"
"2019-10-10T02:36:47.299Z","Retail","B00B4IHXRU","Not Applicable","saved","1","No","No","No","No","No"
"2019-10-08T23:01:07.344Z","Retail","B00E1ET976","Not Applicable","saved","2","No","No","No","No","No"
"2019-10-08T22:16:23.283Z","Retail","B07GNPDWYL","Not Applicable","saved","2","Yes","No","No","No","No"
"2019-10-07T06:04:43.904Z","Retail","B00E1ETELW","Not Applicable","saved","4","No","No","No","No","No"
"2019-10-03T06:16:18.493Z","Retail","B072HF533H","Not Applicable","saved","1","No","No","No","No","No"
"2019-10-03T06:10:06.641Z","Retail","B01DV0F4EC","Not Applicable","saved","1","No","No","No","No","No"
"2019-09-30T05:08:26.709Z","Retail","B01D61NKV0","Not Applicable","saved","2","Yes","No","No","No","No"
"2019-09-30T05:05:07.420Z","Retail","B01MG06GVW","Not Applicable","saved","3","No","No","No","No","No"
"2019-09-30T05:01:04.891Z","Retail","B079J3C3C9","Not Applicable","saved","1","Yes","No","No","No","No"
"2019-09-18T00:27:19.831Z","Retail","B07BZ2VSDC","Not Applicable","saved","1","Yes","No","No","No","No"
"2019-08-29T03:12:03.113Z","Retail","B000QJ9EU2","Not Applicable","saved","1","No","No","No","No","No"
"2019-08-27T05:48:58.588Z","Retail","B07D7WJHM2","Not Applicable","saved","1","No","No","No","No","No"
"2019-08-26T06:52:19.843Z","Retail","B07J1Z5S2X","Not Applicable","saved","1","No","No","No","No","No"
"2019-08-26T06:51:28.004Z","Retail","B073X37JJJ","Not Applicable","saved","1","No","No","No","No","No"
"2019-08-26T06:46:13.531Z","Retail","B076D6MV9J","Not Applicable","saved","1","No","No","No","No","No"
"2019-08-23T01:16:43.865Z","Retail","B010TQY7A8","Not Applicable","saved","1","Yes","No","No","No","No"
"2019-08-20T05:21:15.690Z","Retail","B075LQ2TNQ","Not Applicable","saved","1","No","No","No","No","No"
"2019-08-19T01:00:59.480Z","Retail","B01B7WOJF6","Not Applicable","saved","1","No","No","No","No","No"
"2019-08-18T07:45:35.164Z","Retail","B07G2S63B4","Not Applicable","saved","1","No","No","No","No","No"
"2019-08-18T07:40:00.984Z","Retail","B01HDPY7RG","Not Applicable","saved","1","No","No","No","No","No"
"2019-08-18T07:33:29.176Z","Retail","B07MBHCGW9","Not Applicable","saved","1","No","No","No","No","No"
"2019-08-18T07:27:40.497Z","Retail","B07HP1G8V6","Not Applicable","saved","1","Yes","No","No","No","No"
"2019-08-17T19:23:19.464Z","Retail","B07GJM6M6W","Not Applicable","saved","1","No","No","No","No","No"
"2019-08-17T19:22:57.118Z","Retail","B07FKK98Y7","Not Applicable","saved","1","No","No","No","No","No"
"2019-08-17T19:19:37.714Z","Retail","B07GV7MT44","Not Applicable","saved","1","No","No","No","No","No"
"2019-08-14T17:16:27.743Z","Retail","B07T3BZ4M6","Not Applicable","saved","2","Yes","No","No","No","No"
"2019-08-14T17:13:32.826Z","Retail","B07PV5SSMC","Not Applicable","saved","1","No","No","No","No","No"
"2019-08-14T17:11:07.334Z","Retail","B0769CFDJY","Not Applicable","saved","1","Yes","No","No","No","No"
"2019-08-09T12:15:18.230Z","Retail","B00UKLMV5Q","Not Applicable","saved","1","Yes","No","No","No","No"
"2019-08-08T11:47:48.463Z","Retail","B07HFXZCFM","Not Applicable","saved","1","No","No","No","No","No"
"2019-08-08T11:35:02.943Z","Retail","B07H3YBGS2","Not Applicable","saved","1","No","No","No","No","No"
"2019-08-06T14:25:48.005Z","Retail","B079XX4DX8","Not Applicable","saved","1","Yes","No","No","No","No"
"2019-08-06T12:12:48.591Z","Retail","B074P98SV7","Not Applicable","saved","1","Yes","No","No","No","No"
"2019-08-06T04:08:06.410Z","Retail","B00LWUP3QI","Not Applicable","saved","1","No","No","No","No","No"
"2019-08-06T04:06:09.502Z","Retail","B000NKHI84","Not Applicable","saved","2","Yes","No","No","No","No"
"2019-08-01T18:24:25.289Z","Retail","B07RKSW85C","Not Applicable","saved","1","No","No","No","No","No"
"2019-08-01T07:27:29.529Z","Retail","B00099Q28Q","Not Applicable","saved","1","No","No","No","No","No"
"2019-08-01T07:27:10.862Z","Retail","B00LU0OHL2","Not Applicable","saved","1","No","No","No","No","No"
"2019-08-01T07:17:58.016Z","Retail","B016HA2HWU","Not Applicable","saved","1","No","No","No","No","No"
"2019-08-01T07:14:27.202Z","Retail","B0028OTCCS","Not Applicable","saved","1","No","No","No","No","No"
"2019-08-01T07:14:01.611Z","Retail","B00LU0NRA4","Not Applicable","saved","1","No","No","No","No","No"
"2019-08-01T07:11:36.843Z","Retail","B001D9C3ES","Not Applicable","saved","1","No","No","No","No","No"
"2019-08-01T04:31:59.969Z","Retail","B00T0BUBI6","Not Applicable","saved","2","Yes","No","No","No","No"
"2019-07-31T18:33:09.879Z","Retail","B06XX2VHHY","Not Applicable","saved","1","Yes","No","No","No","No"
"2019-07-31T18:30:43.773Z","Retail","B06Y2C4QQG","Not Applicable","saved","1","Yes","No","No","No","No"
"2019-07-31T18:30:43.773Z","Retail","B00IAD0LLW","Not Applicable","saved","1","No","No","No","No","No"
"2019-07-29T17:58:42.874Z","Retail","B06XPJRS2N","Not Applicable","saved","1","No","No","No","No","No"
"2019-07-28T22:16:16.687Z","Retail","B07HKHSR47","Not Applicable","saved","1","No","No","No","No","No"
"2019-07-28T22:15:24.258Z","Retail","B072MHKMPJ","Not Applicable","saved","1","No","No","No","No","No"
"2019-07-28T22:09:26.888Z","Retail","B07HFKD77Z","Not Applicable","saved","1","Yes","No","No","No","No"
"2019-07-28T22:07:52.517Z","Retail","B07HFKNNR8","Not Applicable","saved","3","Yes","No","No","No","No"
"2019-07-28T12:23:42.905Z","Retail","B07GKZZMSF","Not Applicable","saved","1","Yes","No","No","No","No"
"2019-07-27T20:30:27.732Z","Retail","B07RM1D48Y","Not Applicable","saved","1","No","No","No","No","No"
"2019-07-25T00:04:04.208Z","Retail","B07G836LL6","Not Applicable","saved","1","Yes","No","No","No","No"
"2019-07-25T00:03:48.290Z","Retail","B07DXQR69F","Not Applicable","saved","1","Yes","No","No","No","No"
"2019-07-24T14:04:19.481Z","Retail","B007RH5GZI","Not Applicable","saved","1","Yes","No","No","No","No"
"2019-07-23T05:40:57.814Z","Retail","B00J8RU81M","Not Applicable","saved","1","No","No","No","No","No"
"2019-07-23T05:32:30.910Z","Retail","B01NAHDDWH","Not Applicable","saved","1","No","No","No","No","No"
"2019-07-21T14:54:55.423Z","Retail","B0024R4B5C","Not Applicable","saved","1","No","No","No","No","No"
"2019-07-19T04:45:38.655Z","Retail","B01N3Z7ZTS","Not Applicable","saved","1","Yes","No","No","No","No"
"2019-07-16T20:11:32.242Z","Retail","B004SCFDMG","Not Applicable","saved","1","No","No","No","No","No"
"2019-07-16T15:43:00.190Z","Retail","B07HKGHTC1","Not Applicable","saved","1","No","No","No","No","No"
"2019-07-16T07:10:12.218Z","Retail","B07CYDQJ96","Not Applicable","saved","1","No","No","No","No","No"
"2019-07-16T05:59:46.342Z","Retail","B00JO2CXW8","Not Applicable","saved","1","No","No","No","No","No"
"2019-07-16T05:59:09.941Z","Retail","B01MRVUK67","Not Applicable","saved","1","No","No","No","No","No"
"2019-07-16T05:49:59.670Z","Retail","B07BVKFKSW","Not Applicable","saved","1","Yes","No","No","No","No"
"2019-07-16T05:01:56.246Z","Retail","B07442QHDT","Not Applicable","saved","2","No","No","No","No","No"
"2019-07-15T17:54:03.608Z","Retail","B07M6Y6GC2","Not Applicable","saved","1","No","No","No","No","No"
"2019-07-15T16:21:50.629Z","Retail","B07M98TFXZ","Not Applicable","saved","1","No","No","No","No","No"
"2019-07-14T18:31:48.719Z","Retail","B01BFQ42S8","Not Applicable","saved","1","Yes","No","No","No","No"
"2019-07-14T18:25:55.796Z","Retail","B07BWKYS6G","Not Applicable","saved","1","Yes","No","No","No","No"
"2019-07-14T14:49:38.184Z","Retail","B0749M4FLB","Not Applicable","saved","1","Yes","No","No","No","No"
"2019-07-14T14:48:49.318Z","Retail","B07D9JBPMC","Not Applicable","saved","1","No","No","No","No","No"
"2019-07-14T14:41:54.813Z","Retail","B07TMWV5TS","Not Applicable","saved","1","No","No","No","No","No"
"2019-07-14T14:36:09.288Z","Retail","B005TGL5JU","Not Applicable","saved","1","No","No","No","No","No"
"2019-07-14T14:33:19.506Z","Retail","B0722JY91Z","Not Applicable","saved","1","Yes","No","No","No","No"
"2019-07-14T08:41:30.715Z","Retail","B07CXKNY4V","Not Applicable","saved","1","No","No","No","No","No"
"2019-07-14T08:25:55.845Z","Retail","B07L9WQSNM","Not Applicable","saved","2","No","No","No","No","No"
"2019-07-14T08:13:39.715Z","Retail","B0774YMBFH","Not Applicable","saved","1","No","No","No","No","No"
"2019-07-14T08:12:40.343Z","Retail","B07LFBMN5G","Not Applicable","saved","1","Yes","No","No","No","No"
"2019-07-14T08:10:01.233Z","Retail","B07KWWPLGN","Not Applicable","saved","1","Yes","No","No","No","No"
"2019-07-14T08:06:11.882Z","Retail","B07KPHWFT9","Not Applicable","saved","1","No","No","No","No","No"
"2019-07-14T07:58:32.145Z","Retail","B07M7NSX7R","Not Applicable","saved","1","No","No","No","No","No"
"2019-07-14T07:53:57.809Z","Retail","B07CQKJT8F","Not Applicable","saved","1","No","No","No","No","No"
"2019-07-14T07:24:44.205Z","Retail","B077ZMQVK8","Not Applicable","saved","2","No","No","No","No","No"
"2019-07-14T07:00:26.027Z","Retail","B07K5TTQ5Z","Not Applicable","saved","1","No","No","No","No","No"
"2019-07-14T06:11:34.451Z","Retail","B07B66J44C","Not Applicable","saved","1","No","No","No","No","No"
"2019-07-13T14:58:35.053Z","Retail","B07D242H3N","Not Applicable","saved","1","No","No","No","No","No"
"2019-07-13T14:57:49.278Z","Retail","B01J090TWK","Not Applicable","saved","1","Yes","No","No","No","No"
"2019-07-13T06:52:14.305Z","Retail","B01J5FPBKO","Not Applicable","saved","1","Yes","No","No","No","No"
"2017-12-14T16:29:50Z","Retail","B00G6KW49I","Not Applicable","saved","1","No","No","No","No","No"
"2014-05-01T19:04:58Z","Retail","B00004YVB2","Not Applicable","saved","1","No","No","No","No","No"
