﻿DeliveryPacketId,OrderId,ASIN,ProductName,ReturnStatus,ReturnDate,OrderReturnBy,SendEmailToCustomer,RefundToGiftCertificate,AmountRefunded,BaseCurrencyCode,ProcessingSuccessful,ForeignExchangeTransactionAmount,ForeignExchangeCurrencyCode,PaymentInformation,SettleType,Status
OHVDVKDJBA85092H0KINPTEIUHV1DOPQU58UVCIUN5SB2FEJUDVG,D01-1670061-9209822,B011ANAQ54,"An Intimate Note to the Sincere Seeker: Volume 1: June 21, 1995 - June 13, 1996, Weekly Knowledge from Sri Sri Ravi Shankar",Customer Return Complete,2022-04-04T18:55:00Z,Customer Initiated,Yes,No,6.60,USD,Yes,Not Available,Not Available,"Not Available",Manual,Amount Settled
R6PVPBED55ALHEKNG7M1057TE37D04G9BTG8U0I5CO8B2D4AATTG,D01-7522402-8928238,B0757CNHCM,"Audible Premium Plus",Customer Return Complete,2021-06-09T23:19:00Z,Customer Service Initiated,Yes,No,14.95,USD,Yes,Not Available,Not Available,"Not Available",Manual,Amount Settled
BTMKRPPB0EGJHCNOBCE6EGDFG2F98G72GKVLTNR30BTPQM0N6R70,D01-3160706-9245019,B0757CNHCM,"Audible Premium Plus",Customer Return Complete,2021-06-09T23:19:00Z,Customer Service Initiated,Yes,No,14.95,USD,Yes,Not Available,Not Available,"Not Available",Manual,Amount Settled
IVMD125P43284AIEUP6MBCIGNAMUJD0FNDPU6QNJQUMLJ09PLVK0,D01-0061822-7187448,B0757CNHCM,"Audible Premium Plus",Customer Return Complete,2021-06-09T23:19:00Z,Customer Service Initiated,Yes,No,14.95,USD,Yes,Not Available,Not Available,"Not Available",Manual,Amount Settled
9F9FRE2G5NNANHGE8E60UE4N02QC0OFCV74LL66FG8V2MMV3L260,D01-7019950-4521815,B0757CNHCM,"Audible Premium Plus",Customer Return Complete,2021-06-09T23:19:00Z,Customer Service Initiated,Yes,No,14.95,USD,Yes,Not Available,Not Available,"Not Available",Manual,Amount Settled
C7J7M1FPJ91ABS7UKP5S1PT4EFJHES3A9JF9QS8APHT1Q6T8H3O0,D01-8506539-1501003,B0757CNHCM,"Audible Premium Plus",Customer Return Complete,2021-06-09T23:19:00Z,Customer Service Initiated,Yes,No,14.95,USD,Yes,Not Available,Not Available,"Not Available",Manual,Amount Settled
3G4P97MCUQ4CI9POOI1B7E0GFJDO2KQ7GEH65TFOGB26GBTIJAIG,D01-8115124-2896245,B0757CNHCM,"Audible Premium Plus",Customer Return Complete,2021-06-09T23:19:00Z,Customer Service Initiated,Yes,No,14.95,USD,Yes,Not Available,Not Available,"Not Available",Manual,Amount Settled
DRE3TR01CUEHGE3L84V5M98KC6QL19KPOS1P78FRA1KBQJ7P44K0,D01-4453873-0285043,B0757CNHCM,"Audible Premium Plus",Customer Return Complete,2021-06-09T23:19:00Z,Customer Service Initiated,Yes,No,14.95,USD,Yes,Not Available,Not Available,"Not Available",Manual,Amount Settled
6DEBM6CU7PTLGTB9FFKM558OAGCG2DHRNGHA86T8STULB736AI4G,D01-3879701-6941043,B0757CNHCM,"Audible Premium Plus",Customer Return Complete,2021-06-09T23:19:00Z,Customer Service Initiated,Yes,No,14.95,USD,Yes,Not Available,Not Available,"Not Available",Manual,Amount Settled
IP6B87A37B6B5941ATQG0QIH144VC4O8LFB6Q7M5P4M2PV3LR6F0,D01-7832530-1296225,B0757CNHCM,"Audible Premium Plus",Customer Return Complete,2021-06-09T23:19:00Z,Customer Service Initiated,Yes,No,14.95,USD,Yes,Not Available,Not Available,"Not Available",Manual,Amount Settled
1HRAO1ELQESKK83SQG5KT0HFNKLQLTQTF718K3M6L9OKPA13NU60,D01-4644508-1379437,B0757CNHCM,"Audible Premium Plus",Customer Return Complete,2021-06-09T23:19:00Z,Customer Service Initiated,Yes,No,14.95,USD,Yes,Not Available,Not Available,"Not Available",Manual,Amount Settled
1DR9HRJPGBKK0CHE8QCKO8UDTN1GN7ILEBH5S69I9M454PNCJ490,D01-8349461-5968223,B0757CNHCM,"Audible Premium Plus",Customer Return Complete,2021-06-09T23:19:00Z,Customer Service Initiated,Yes,No,14.95,USD,Yes,Not Available,Not Available,"Not Available",Manual,Amount Settled
CSEPHQ6TLEC3RDGQ9QV58SB3T7JM2AMTBI2NC1RNRJN9CDTBMM90,D01-7389700-6285056,B0757CNHCM,"Audible Premium Plus",Customer Return Complete,2021-06-09T23:19:00Z,Customer Service Initiated,Yes,No,14.95,USD,Yes,Not Available,Not Available,"Not Available",Manual,Amount Settled
E3A5MB6IOMAV8D2CF6FSCNTPJVF5TF5BGPQ188CG7A8D2JA2MF90,D01-5799990-1174643,B08DK57STY,"AMC+",Customer Return Complete,2021-02-28T05:26:00Z,Amazon Initiated,Yes,No,6.99,USD,Yes,Not Available,Not Available,"Not Available",Manual,Amount Settled
B3GTVAJHQJ7AR2E3P6NK7GNRAF52QS3QE12S1E743P4QODKH99G0,D01-2205975-0752265,B0764MP8MF,"Amazon Fresh Membership Fee",Customer Return Complete,2019-10-30T11:04:00Z,Amazon Initiated,Yes,No,3.28,USD,Yes,Not Available,Not Available,"Not Available",Manual,Amount Settled
0MSDML8U92FAK5AIT5DC5FOLSGGG74MEVQ2B7GS9VD2GCUJ32K7G,D01-0508702-6851854,B003D12ESE,"The Fugitive",Customer Return Complete,2015-12-23T01:21:00Z,Customer Initiated,Yes,No,3.99,USD,Yes,Not Available,Not Available,"Gift Card",Manual,Amount Settled