﻿DeliveryPacketId,OrderId,ConditionCode,Quantity,ReasonCode,AffectedItemQuantity,DigitalOrderItemId,ClaimCode,TransactionAmount,BaseCurrencyCode,ForeignExchangeTransactionAmount,ForeignExchangeCurrencyCode,MonetaryComponentType,OfferType
OHVDVKDJBA85092H0KINPTEIUHV1DOPQU58UVCIUN5SB2FEJUDVG,D01-1670061-9209822,Used,1,Wrong Item,1,3SUOM3AUTQCU3Q852AQMR0QHG9QT75V6BVQ5Q3BOM528KBH1QO6G,Not Available,6.60,USD,Not Available,Not Available,Price Amount,Not Available
OHVDVKDJBA85092H0KINPTEIUHV1DOPQU58UVCIUN5SB2FEJUDVG,D01-1670061-9209822,Used,1,Wrong Item,1,3SUOM3AUTQCU3Q852AQMR0QHG9QT75V6BVQ5Q3BOM528KBH1QO6G,Not Available,0,USD,Not Available,Not Available,Tax,Not Available
E3A5MB6IOMAV8D2CF6FSCNTPJVF5TF5BGPQ188CG7A8D2JA2MF90,D01-5799990-1174643,Unused,1,Unwanted,1,2H9SPVF97JIPVLDFKRDCO97R4J5SL1PJ5DFHCI7LRIGG75UNG3H0,T010PDQH5YQ3X9AS,0,USD,Not Available,Not Available,Tax,Coupon
E3A5MB6IOMAV8D2CF6FSCNTPJVF5TF5BGPQ188CG7A8D2JA2MF90,D01-5799990-1174643,Unused,1,Unwanted,1,2H9SPVF97JIPVLDFKRDCO97R4J5SL1PJ5DFHCI7LRIGG75UNG3H0,Not Available,0,USD,Not Available,Not Available,Tax,Not Available
E3A5MB6IOMAV8D2CF6FSCNTPJVF5TF5BGPQ188CG7A8D2JA2MF90,D01-5799990-1174643,Unused,1,Unwanted,1,2H9SPVF97JIPVLDFKRDCO97R4J5SL1PJ5DFHCI7LRIGG75UNG3H0,Not Available,8.99,USD,Not Available,Not Available,Price Amount,Not Available
E3A5MB6IOMAV8D2CF6FSCNTPJVF5TF5BGPQ188CG7A8D2JA2MF90,D01-5799990-1174643,Unused,1,Unwanted,1,2H9SPVF97JIPVLDFKRDCO97R4J5SL1PJ5DFHCI7LRIGG75UNG3H0,T010PDQH5YQ3X9AS,-2,USD,Not Available,Not Available,Price Amount,Coupon
B3GTVAJHQJ7AR2E3P6NK7GNRAF52QS3QE12S1E743P4QODKH99G0,D01-2205975-0752265,Unused,1,Unwanted,1,Q01BL51863DKETHI1H6LSI11V27OOPTUU08PR2H601FV7F61NIEG,Not Available,0.28,USD,Not Available,Not Available,Tax,Not Available
B3GTVAJHQJ7AR2E3P6NK7GNRAF52QS3QE12S1E743P4QODKH99G0,D01-2205975-0752265,Unused,1,Unwanted,1,Q01BL51863DKETHI1H6LSI11V27OOPTUU08PR2H601FV7F61NIEG,Not Available,3,USD,Not Available,Not Available,Price Amount,Not Available
0MSDML8U92FAK5AIT5DC5FOLSGGG74MEVQ2B7GS9VD2GCUJ32K7G,D01-0508702-6851854,Unused,1,Accidental Purchase,1,5JLIO2NRBJE6SN6F1U0QL1QIAKB7743044KVD7B17K2UR8JD245G,Not Available,3.99,USD,Not Available,Not Available,Price Amount,Not Available
0MSDML8U92FAK5AIT5DC5FOLSGGG74MEVQ2B7GS9VD2GCUJ32K7G,D01-0508702-6851854,Unused,1,Accidental Purchase,1,5JLIO2NRBJE6SN6F1U0QL1QIAKB7743044KVD7B17K2UR8JD245G,Not Available,0,USD,Not Available,Not Available,Price Amount,Promotion
0MSDML8U92FAK5AIT5DC5FOLSGGG74MEVQ2B7GS9VD2GCUJ32K7G,D01-0508702-6851854,Unused,1,Accidental Purchase,1,5JLIO2NRBJE6SN6F1U0QL1QIAKB7743044KVD7B17K2UR8JD245G,Not Available,0,USD,Not Available,Not Available,Tax,Not Available
0MSDML8U92FAK5AIT5DC5FOLSGGG74MEVQ2B7GS9VD2GCUJ32K7G,D01-0508702-6851854,Unused,1,Accidental Purchase,1,5JLIO2NRBJE6SN6F1U0QL1QIAKB7743044KVD7B17K2UR8JD245G,Not Available,0,USD,Not Available,Not Available,Price Amount,Promotion
R6PVPBED55ALHEKNG7M1057TE37D04G9BTG8U0I5CO8B2D4AATTG,D01-7522402-8928238,Used,1,Other,1,NG200NQ93Q0J60TQ7FKI1KAATD4J9S0DDUI5HV4ILLP7H9RAGFA0,Not Available,12.67,USD,Not Available,Not Available,Price Amount,Not Available
R6PVPBED55ALHEKNG7M1057TE37D04G9BTG8U0I5CO8B2D4AATTG,D01-7522402-8928238,Used,1,Other,1,NG200NQ93Q0J60TQ7FKI1KAATD4J9S0DDUI5HV4ILLP7H9RAGFA0,Not Available,2.28,USD,Not Available,Not Available,Tax,Not Available
BTMKRPPB0EGJHCNOBCE6EGDFG2F98G72GKVLTNR30BTPQM0N6R70,D01-3160706-9245019,Used,1,Other,1,5I1ASCE1KLICFTBC275CH8CSVVBT704S687I8DG22C1L8JD9SSNG,Not Available,2.28,USD,Not Available,Not Available,Tax,Not Available
BTMKRPPB0EGJHCNOBCE6EGDFG2F98G72GKVLTNR30BTPQM0N6R70,D01-3160706-9245019,Used,1,Other,1,5I1ASCE1KLICFTBC275CH8CSVVBT704S687I8DG22C1L8JD9SSNG,Not Available,12.67,USD,Not Available,Not Available,Price Amount,Not Available
IVMD125P43284AIEUP6MBCIGNAMUJD0FNDPU6QNJQUMLJ09PLVK0,D01-0061822-7187448,Used,1,Other,1,PCA6Q9CRQB04KVUOMBTB9O3ED8RUEQMPR6CV7HL8V1OGJ2JKHASG,Not Available,2.28,USD,Not Available,Not Available,Tax,Not Available
IVMD125P43284AIEUP6MBCIGNAMUJD0FNDPU6QNJQUMLJ09PLVK0,D01-0061822-7187448,Used,1,Other,1,PCA6Q9CRQB04KVUOMBTB9O3ED8RUEQMPR6CV7HL8V1OGJ2JKHASG,Not Available,12.67,USD,Not Available,Not Available,Price Amount,Not Available
9F9FRE2G5NNANHGE8E60UE4N02QC0OFCV74LL66FG8V2MMV3L260,D01-7019950-4521815,Used,1,Other,1,796LHO51MQ722DHKN9ND95P5DD7NKPBJLND1OA4PDRFI9Q5HN3T0,Not Available,2.28,USD,Not Available,Not Available,Tax,Not Available
9F9FRE2G5NNANHGE8E60UE4N02QC0OFCV74LL66FG8V2MMV3L260,D01-7019950-4521815,Used,1,Other,1,796LHO51MQ722DHKN9ND95P5DD7NKPBJLND1OA4PDRFI9Q5HN3T0,Not Available,12.67,USD,Not Available,Not Available,Price Amount,Not Available
C7J7M1FPJ91ABS7UKP5S1PT4EFJHES3A9JF9QS8APHT1Q6T8H3O0,D01-8506539-1501003,Used,1,Other,1,FEBJC4891AN04B34DOA8O63R8MHREEJL4M51RAC9LMVTJ7CHJ3B0,Not Available,2.28,USD,Not Available,Not Available,Tax,Not Available
C7J7M1FPJ91ABS7UKP5S1PT4EFJHES3A9JF9QS8APHT1Q6T8H3O0,D01-8506539-1501003,Used,1,Other,1,FEBJC4891AN04B34DOA8O63R8MHREEJL4M51RAC9LMVTJ7CHJ3B0,Not Available,12.67,USD,Not Available,Not Available,Price Amount,Not Available
3G4P97MCUQ4CI9POOI1B7E0GFJDO2KQ7GEH65TFOGB26GBTIJAIG,D01-8115124-2896245,Used,1,Other,1,VFS5TG83HV3S087PCN2HSAK5D6SQT84N20CCCJ9O90AU6AKL9I7G,Not Available,2.28,USD,Not Available,Not Available,Tax,Not Available
3G4P97MCUQ4CI9POOI1B7E0GFJDO2KQ7GEH65TFOGB26GBTIJAIG,D01-8115124-2896245,Used,1,Other,1,VFS5TG83HV3S087PCN2HSAK5D6SQT84N20CCCJ9O90AU6AKL9I7G,Not Available,12.67,USD,Not Available,Not Available,Price Amount,Not Available
DRE3TR01CUEHGE3L84V5M98KC6QL19KPOS1P78FRA1KBQJ7P44K0,D01-4453873-0285043,Used,1,Other,1,93U6SV9HGPCULKENO5PMGOGAJIEHCNL7OFBA9S5REUTPR1SOF8NG,Not Available,2.28,USD,Not Available,Not Available,Tax,Not Available
DRE3TR01CUEHGE3L84V5M98KC6QL19KPOS1P78FRA1KBQJ7P44K0,D01-4453873-0285043,Used,1,Other,1,93U6SV9HGPCULKENO5PMGOGAJIEHCNL7OFBA9S5REUTPR1SOF8NG,Not Available,12.67,USD,Not Available,Not Available,Price Amount,Not Available
6DEBM6CU7PTLGTB9FFKM558OAGCG2DHRNGHA86T8STULB736AI4G,D01-3879701-6941043,Used,1,Other,1,JUTQRBO62M5BCOVVOMLC379HFEL55VLLF7DHLT7MAP1RE7N1TVTG,Not Available,12.67,USD,Not Available,Not Available,Price Amount,Not Available
6DEBM6CU7PTLGTB9FFKM558OAGCG2DHRNGHA86T8STULB736AI4G,D01-3879701-6941043,Used,1,Other,1,JUTQRBO62M5BCOVVOMLC379HFEL55VLLF7DHLT7MAP1RE7N1TVTG,Not Available,2.28,USD,Not Available,Not Available,Tax,Not Available
IP6B87A37B6B5941ATQG0QIH144VC4O8LFB6Q7M5P4M2PV3LR6F0,D01-7832530-1296225,Used,1,Other,1,AB2ED7K15T28MONLQ6G38L4V45FB804OBO4GN8CRNC3NSJ8MCCD0,Not Available,0,USD,Not Available,Not Available,Tax,Not Available
IP6B87A37B6B5941ATQG0QIH144VC4O8LFB6Q7M5P4M2PV3LR6F0,D01-7832530-1296225,Used,1,Other,1,AB2ED7K15T28MONLQ6G38L4V45FB804OBO4GN8CRNC3NSJ8MCCD0,Not Available,14.95,USD,Not Available,Not Available,Price Amount,Not Available
1HRAO1ELQESKK83SQG5KT0HFNKLQLTQTF718K3M6L9OKPA13NU60,D01-4644508-1379437,Used,1,Other,1,LRRFD8P4NTLJSG7BK2MSFKBC9MAJQK3ORK022KOO052PO0EID5M0,Not Available,14.95,USD,Not Available,Not Available,Price Amount,Not Available
1HRAO1ELQESKK83SQG5KT0HFNKLQLTQTF718K3M6L9OKPA13NU60,D01-4644508-1379437,Used,1,Other,1,LRRFD8P4NTLJSG7BK2MSFKBC9MAJQK3ORK022KOO052PO0EID5M0,Not Available,0,USD,Not Available,Not Available,Tax,Not Available
1DR9HRJPGBKK0CHE8QCKO8UDTN1GN7ILEBH5S69I9M454PNCJ490,D01-8349461-5968223,Used,1,Other,1,0UM161T03HUF8TH9GIQ9ARESNEIAK6QMSOD3DIEO7J3OEGNG13CG,Not Available,0,USD,Not Available,Not Available,Tax,Not Available
1DR9HRJPGBKK0CHE8QCKO8UDTN1GN7ILEBH5S69I9M454PNCJ490,D01-8349461-5968223,Used,1,Other,1,0UM161T03HUF8TH9GIQ9ARESNEIAK6QMSOD3DIEO7J3OEGNG13CG,Not Available,14.95,USD,Not Available,Not Available,Price Amount,Not Available
CSEPHQ6TLEC3RDGQ9QV58SB3T7JM2AMTBI2NC1RNRJN9CDTBMM90,D01-7389700-6285056,Used,1,Other,1,3GU4NEFR0K86K33EQJC1F14H4ISGO6JA4GQ54TUMV6URFS0GR6Q0,Not Available,14.95,USD,Not Available,Not Available,Price Amount,Not Available
CSEPHQ6TLEC3RDGQ9QV58SB3T7JM2AMTBI2NC1RNRJN9CDTBMM90,D01-7389700-6285056,Used,1,Other,1,3GU4NEFR0K86K33EQJC1F14H4ISGO6JA4GQ54TUMV6URFS0GR6Q0,Not Available,0,USD,Not Available,Not Available,Tax,Not Available