﻿"Contract Unit Id","Order Id","Resolution","Charge State","Replacement Order Id","Gift Card Id","Payment Method Service Type","Contract Creation Date"
"ca89d788-d481-4c14-96f0-484714a893f1#dfe241a5-72c1-4560-a1a6-9f7c071adb3e","113-7827997-3532266","AdvancedRefund","ChargeSuccess","Not Applicable","Not Applicable","IdentityService","2024-08-05T16:17:52Z"
"065e6f0c-a718-4908-8f60-6cf58faa62eb#df08fce4-490e-4afe-b933-2c02f4652d74","114-4775753-9152249","AdvancedRefund","ChargeSuccess","Not Applicable","4112841916197","IdentityService","2024-06-04T01:24:35Z"
"26c5dfe9-2969-4dab-bfcf-8f9e39f392e3#31be8a47-e3d3-416c-a75a-ecfa22f07721","113-3822410-3600205","AdvancedRefund","ChargeSuccess","Not Applicable","Not Applicable","IdentityService","2024-05-14T00:20:22Z"
"26c5dfe9-2969-4dab-bfcf-8f9e39f392e3#45d31173-1521-452c-804f-436c1e08a613","113-1722362-6190653","AdvancedRefund","ChargeSuccess","Not Applicable","Not Applicable","IdentityService","2024-05-14T00:20:22Z"
"26c5dfe9-2969-4dab-bfcf-8f9e39f392e3#bf9792c8-f827-4cb8-adda-9c9c005f7bff","113-2038973-3225823","AdvancedRefund","ChargeSuccess","Not Applicable","Not Applicable","IdentityService","2024-05-14T00:20:22Z"
"26c5dfe9-2969-4dab-bfcf-8f9e39f392e3#e02b05a5-a6eb-47bd-b45c-99f6d09e5fa0","113-3822410-3600205","AdvancedRefund","ChargeSuccess","Not Applicable","Not Applicable","IdentityService","2024-05-14T00:20:22Z"
"976996ba-23cb-434c-8133-0edbded1a153#780e67c3-273f-47c1-b9ae-a912d6e029cc","113-5661966-2268246","AdvancedRefund","ChargeSuccess","Not Applicable","Not Applicable","IdentityService","2022-06-28T05:21:15Z"
"7d7dd11f-b728-4c87-8516-2ab5d7514374#58a4cc6b-3119-4b9e-8dbb-73a6729540ab","113-1430436-0229812","AdvancedRefund","ChargeSuccess","Not Applicable","Not Applicable","IdentityService","2021-08-17T05:15:29Z"
"c33920ee-2c40-460f-9711-e5e06d772963#49e5f4a1-03ac-4f51-8882-c1ec1720b444","114-3473701-9650657","AdvancedRefund","ChargeSuccess","Not Applicable","Not Applicable","IdentityService","2021-08-11T16:40:05Z"
"7fda37dd-3440-4117-bbf8-1222bd16b7df#862fe9e5-df20-4b2b-8f66-d1a70c0067e0","112-5622103-7459462","AdvancedRefund","ChargeSuccess","Not Applicable","15430963436","IdentityService","2021-03-09T03:07:38Z"
"436f7521-079d-4436-b6fd-2b0c2a4123cf#bb468500-af9e-4970-8c4b-8a79a30bc8c8","114-8661952-1382638","AdvancedRefund","ChargeSuccess","Not Applicable","Not Applicable","IdentityService","2020-03-26T16:25:59Z"
"436f7521-079d-4436-b6fd-2b0c2a4123cf#d7c3b397-f5c9-4b57-ab42-1e95135e7b05","114-8661952-1382638","AdvancedRefund","ChargeSuccess","Not Applicable","Not Applicable","IdentityService","2020-03-26T16:25:59Z"
"436f7521-079d-4436-b6fd-2b0c2a4123cf#454181cc-bb23-4721-9b0a-b27f9c779521","114-8661952-1382638","AdvancedRefund","ChargeSuccess","Not Applicable","Not Applicable","IdentityService","2020-03-26T16:25:59Z"
"436f7521-079d-4436-b6fd-2b0c2a4123cf#a334904b-662a-4bbc-b199-310369bdff33","114-8661952-1382638","AdvancedRefund","ChargeSuccess","Not Applicable","Not Applicable","IdentityService","2020-03-26T16:25:59Z"
"436f7521-079d-4436-b6fd-2b0c2a4123cf#68803daa-cfb2-46b0-84ee-8f5d6b29d350","114-8661952-1382638","AdvancedRefund","ChargeSuccess","Not Applicable","Not Applicable","IdentityService","2020-03-26T16:25:59Z"
"ad10eaf4-17db-461d-8d3d-8b75dc56cbea#21b6a693-35e0-4365-a10c-cd2c02a99991","111-2429706-0345856","AdvancedRefund","ChargePending","Not Applicable","Not Applicable","IdentityService","2019-10-30T07:40:13Z"
"f3612383-8087-4739-b99c-f55066677f34#8f41ecb0-08bc-4e1f-9296-8a87281e9bf7","114-4358876-6012244","AdvancedRefund","ChargeSuccess","Not Applicable","Not Applicable","IdentityService","2019-08-11T15:43:04Z"
"f3612383-8087-4739-b99c-f55066677f34#32608e79-38cf-42cf-a973-22aef27af07c","114-3069694-9919416","AdvancedRefund","ChargeSuccess","Not Applicable","Not Applicable","IdentityService","2019-08-11T15:43:04Z"
"12e1af2f-4f4a-48ff-b72b-0c197ce2f92d#3cdc883a-4424-4172-a872-758d0353cf66","114-3814928-3399429","AdvancedRefund","ChargeSuccess","Not Applicable","Not Applicable","IdentityService","2019-08-09T12:56:59Z"
"12e1af2f-4f4a-48ff-b72b-0c197ce2f92d#5c0dca71-6a41-490e-a8ea-7da8135f13f5","114-0782849-5348251","AdvancedRefund","ChargeSuccess","Not Applicable","Not Applicable","IdentityService","2019-08-09T12:56:59Z"
"12e1af2f-4f4a-48ff-b72b-0c197ce2f92d#d89f023c-699d-4327-a8ae-4822250058f4","114-3814928-3399429","AdvancedRefund","ChargeSuccess","Not Applicable","Not Applicable","IdentityService","2019-08-09T12:56:59Z"
"d2215da8-f477-4a0a-b937-3876182d77b2#6b9f359b-750e-46a2-84d8-9689147a82fe","114-1846757-1853037","AdvancedRefund","ChargeSuccess","Not Applicable","Not Applicable","IdentityService","2019-07-25T15:53:53Z"
"a4ae64be-f201-4209-b3b6-9a5923452a2e#1b0023cc-e501-4a6d-bcd7-b52291a65e25","114-2299648-4256235","AdvancedRefund","ChargeSuccess","Not Applicable","Not Applicable","IdentityService","2019-07-19T16:13:08Z"
"dc8c23ca-15fb-4e7f-90ea-df96b5c86bc4#d9ecc267-d4a7-418d-8ccd-c59602e23541","114-5390695-5804264","AdvancedRefund","ChargeSuccess","Not Applicable","Not Applicable","IdentityService","2019-07-18T04:29:05Z"
"dc8c23ca-15fb-4e7f-90ea-df96b5c86bc4#5d428c04-3844-45e4-9d6f-1f3770ad812d","114-4519026-3257058","AdvancedRefund","ChargeSuccess","Not Applicable","Not Applicable","IdentityService","2019-07-18T04:29:05Z"
"80863a2d-1a1f-4312-b693-590e3c24dd60#e6a9f28e-a67f-4b7d-8d34-5a32911d3804","114-4699018-2131407","AdvancedRefund","ChargeSuccess","Not Applicable","Not Applicable","IdentityService","2017-12-25T03:01:54Z"
"7632c3af-81b1-44a1-9371-364325d99134#84ecac9b-1d8d-469c-8fb3-7bef0cc16445","107-1257285-8309869","AdvancedRefund","ChargeFailed","Not Applicable","5525380496","IdentityService","2017-02-18T19:58:10Z"
"40b2d36d-2af9-4563-8422-801b89f73cfd#0da95be1-80c7-4dea-81e1-c948e8d5d06a","105-0412695-3147453","AdvancedRefund","ChargeSuccess","Not Applicable","Not Applicable","IdentityService","2016-07-02T19:26:29Z"
