﻿"Website","ReversalID","OrderID","CreationDate","Quantity","Currency","ReversalStatus","ReversalAmountState","ReversalReason","DirectDebitRefundAmount"
"Amazon.com","F1DEGCz0QMuKxkwa/OIjEg","111-2590168-2073031","2025-01-25T12:44:30.960Z","1","USD","Completed","Final","Customer return","0"
"Amazon.com","cYuEX+1PSTKTm4ugLq+/JA","114-2700911-5975414","2025-01-15T20:44:54.132Z","2","USD","Completed","Final","Customer return","0"
"Amazon.com","cYuEX+1PSTKTm4ugLq+/JA","114-2700911-5975414","2025-01-15T20:44:54.132Z","2","USD","Completed","Final","Customer return","0"
"Amazon.com","F9VrZBf1RoOXZFIF0C05Vw","114-3911941-7601026","2025-01-15T20:43:57.447Z","1","USD","Completed","Final","Customer return","0"
"Amazon.com","y0i1oww+QR+pPlgH39AyeA","114-6299082-1387414","2025-01-15T20:43:57.379Z","1","USD","Completed","Final","Customer return","0"
"Amazon.com","NH7GywqRSPui3nv4aQ6yQQ","114-3382779-5911436","2025-01-15T20:43:57.351Z","2","USD","Completed","Final","Customer return","0"
"Amazon.com","NH7GywqRSPui3nv4aQ6yQQ","114-3382779-5911436","2025-01-15T20:43:57.351Z","2","USD","Completed","Final","Customer return","0"
"Amazon.com","YhsXntt7RUGMh7ont/VAhg","114-7069176-4152233","2025-01-15T20:34:04.464Z","1","USD","Completed","Final","Customer return","0"
"Amazon.com","4BVynfftR5+0DWtqSb3lRA","114-7069176-4152233","2025-01-15T20:34:03.412Z","1","USD","Completed","Final","Customer return","0"
"Amazon.com","Pa+lHCZvSgeJWRN9K0sFRg","111-6570361-9095464","2025-01-15T20:34:03.192Z","1","USD","Completed","Final","Customer return","0"
"Amazon.com","RIje5QIQRSOz9BsfKcmlBQ","114-7069176-4152233","2025-01-15T20:34:02.705Z","1","USD","Completed","Final","Customer return","0"
"Amazon.com","SmKmySiWRlOvF4wsrHBNoA","111-1759842-8318653","2025-01-15T20:34:02.574Z","1","USD","Completed","Final","Customer return","0"
"Amazon.com","90LxO/iZTWOk06Io1Y6SVw","111-9637805-6637061","2025-01-15T20:34:02.525Z","3","USD","Completed","Final","Customer return","0"
"Amazon.com","90LxO/iZTWOk06Io1Y6SVw","111-9637805-6637061","2025-01-15T20:34:02.525Z","3","USD","Completed","Final","Customer return","0"
"Amazon.com","90LxO/iZTWOk06Io1Y6SVw","111-9637805-6637061","2025-01-15T20:34:02.525Z","3","USD","Completed","Final","Customer return","0"
"Amazon.com","RHlZxOVIROKBHYQDWRl/VA","111-6570361-9095464","2025-01-15T20:34:02.483Z","1","USD","Completed","Final","Customer return","0"
"Amazon.com","J6z/gogaQLCte4fC7LipWg","114-3322265-2624254","2025-01-15T20:34:02.394Z","1","USD","Completed","Final","Customer return","0"
"Amazon.com","i7MNnpq+TaqnkZiup7VA0g","114-8357928-9670656","2025-01-15T20:34:02.391Z","1","USD","Completed","Final","Customer return","0"
"Amazon.com","s+25B3z4R0yVI4NGuiAoww","111-6562703-8537852","2025-01-15T20:32:01.002Z","1","USD","Completed","Final","Customer return","0"
"Amazon.com","ONEq9Y3iR96cZKjq3nNsIw","114-7811232-3912243","2025-01-15T20:31:22.040Z","2","USD","Completed","Final","Customer return","0"
"Amazon.com","ONEq9Y3iR96cZKjq3nNsIw","114-7811232-3912243","2025-01-15T20:31:22.040Z","2","USD","Completed","Final","Customer return","0"
"Amazon.com","jNlru5c2TbuFen6WJigzZA","111-5760012-3666621","2025-01-15T20:30:50.646Z","1","USD","Completed","Final","Customer return","0"
"Amazon.com","2YOpnkgDRyOE3dNyCIUPKw","112-4139043-8937836","2024-12-19T12:50:55.478Z","1","USD","Completed","Final","Customer return","0"
"Amazon.com","gkdig0eMSIGL9qcUHwXTyw","112-6564276-8989835","2024-12-14T09:04:01.181Z","1","USD","Completed","Final","Customer return","0"
"Amazon.com","71SjLjIKS2msx/zQI+uzfQ","114-0490949-1612238","2024-12-14T08:58:24.689Z","1","USD","Completed","Final","Customer return","0"
"Amazon.com","zXqc5Q5BQru4NhIdjwO73g","114-0099174-3024260","2024-12-08T19:38:31.888Z","1","USD","Completed","Final","Customer return","0"
"Amazon.com","mtzxS3E0RfieigFGN5uw6A","114-2217064-3528210","2024-12-08T19:37:56.348Z","1","USD","Completed","Final","Customer return","0"
"Amazon.com","yyXk+chkSl6DDBDJV/N+Zg","114-2217064-3528210","2024-12-08T19:37:55.704Z","1","USD","Completed","Final","Customer return","0"
"Amazon.com","QtwKNSw4SVi5GB60m+lcBg","114-2217064-3528210","2024-12-08T19:37:33.702Z","1","USD","Completed","Final","Customer return","0"
"Amazon.com","QtwKNSw4SVi5GB60m+lcBg","114-2217064-3528210","2024-12-08T19:37:33.702Z","1","USD","Completed","Final","Customer return","0"
"Amazon.com","OOaq+tiTQj25yP4eme+j5Q","111-5303349-1143432","2024-12-04T00:20:37.847Z","1","USD","Completed","Final","Customer return","0"
"Amazon.com","J68x3eeYRICmp+eB/allfg","111-8265233-0044246","2024-11-29T21:54:21.651Z","1","USD","Completed","Final","Customer return","0"
"Amazon.com","zyv/NHehSdixTBr+rXZ2MA","111-6570361-9095464","2024-11-29T21:54:21.594Z","1","USD","Completed","Final","Customer return","0"
"Amazon.com","gra7u5TmToiFXB/kq35klQ","111-8265233-0044246","2024-11-29T21:53:58.544Z","3","USD","Completed","Final","Customer return","0"
"Amazon.com","gra7u5TmToiFXB/kq35klQ","111-8265233-0044246","2024-11-29T21:53:58.544Z","3","USD","Completed","Final","Customer return","0"
"Amazon.com","gra7u5TmToiFXB/kq35klQ","111-8265233-0044246","2024-11-29T21:53:58.544Z","3","USD","Completed","Final","Customer return","0"
"Amazon.com","5GgH+eLTRRe2Dl6Sup9cxQ","111-0615355-7638652","2024-11-29T21:53:17.472Z","2","USD","Completed","Final","Customer return","0"
"Amazon.com","5GgH+eLTRRe2Dl6Sup9cxQ","111-0615355-7638652","2024-11-29T21:53:17.472Z","2","USD","Completed","Final","Customer return","0"
"Amazon.com","x0yztZaaQL6SwUAvOJtztA","111-0615355-7638652","2024-11-29T21:53:16.807Z","1","USD","Completed","Final","Customer return","0"
"Amazon.com","qoOKNik7Sd6pjZHVsnfK1w","111-5101568-6652200","2024-11-29T21:53:16.719Z","1","USD","Completed","Final","Customer return","0"
"Amazon.com","AXH2jLUiTqyFn2r6kXFezg","111-5794216-3739465","2024-11-29T21:53:16.705Z","1","USD","Completed","Final","Customer return","0"
"Amazon.com","bySjwEUuQsmJ5w18Dish/Q","114-6391965-6081835","2024-11-23T02:20:15.171Z","1","USD","Completed","Final","Customer return","0"
"Amazon.com","HFSa67aqR1GHF6idbHIJBA","114-5757124-7024244","2024-11-16T23:02:29.611Z","1","USD","Completed","Final","Customer return","0"
"Amazon.com","D336wS5ZTTyt+AEWaZBdBw","114-2023949-6199409","2024-11-16T23:02:09.393Z","1","USD","Completed","Final","Customer return","0"
"Amazon.com","7xq6HDTGTsSV9G0pyO/N3Q","114-6116324-6263419","2024-11-10T17:40:00.483Z","1","USD","Completed","Final","Customer return","0"
"Amazon.com","wsuWgjfsQAWTOF0wcenubQ","114-6584182-1894648","2024-11-10T17:39:48.423Z","1","USD","Completed","Final","Customer return","0"
"Amazon.com","6ZaxqXqESLKLQw39HXjDQw","114-3284722-6154655","2024-11-10T17:39:40.278Z","1","USD","Completed","Final","Customer return","0"
"Amazon.com","/N9LIGA2S2G6x/BjT5j9Yw","114-5757124-7024244","2024-11-10T17:39:24.176Z","1","USD","Completed","Final","Customer return","0"
"Amazon.com","MVvFZ5F/SaCVSxjkWpjE7g","114-2023949-6199409","2024-11-10T17:38:43.901Z","1","USD","Completed","Final","Customer return","0"
"Amazon.com","qSucL8e6Q++qQJBNfzbx1A","113-2372681-2997068","2024-10-15T10:40:33.096Z","1","USD","Completed","Final","Shipping address is undeliverable","0"
"Amazon.com","cr4508aATXy54zwN+Jr4hg","114-8642267-0680257","2024-10-09T13:48:42.037Z","1","USD","Completed","Final","Item shipped late","0"
"Amazon.com","fYODUNAmTAmw4/BX6rpSRA","114-8642267-0680257","2024-10-09T11:35:26.878Z","1","USD","Completed","Final","Customer return","0"
"Amazon.com","BBIx0p1dRlK24ynSEbmRRQ","114-1228501-4151453","2024-10-09T11:35:26.855Z","1","USD","Completed","Final","Customer return","0"
"Amazon.com","oP8LuXvxTwuOT7ADXg6Q3g","113-1958694-0457006","2024-10-09T11:35:26.405Z","1","USD","Completed","Final","Item shipped late","0"
"Amazon.com","oP8LuXvxTwuOT7ADXg6Q3g","113-1958694-0457006","2024-10-09T11:35:26.405Z","1","USD","Completed","Final","Customer return","0"
"Amazon.com","Nbgg+VPyRt+J4MLwGAL1sw","113-2522447-3288227","2024-10-09T11:35:24.684Z","1","USD","Completed","Final","Customer return","0"
"Amazon.com","1/mhm7sSQHS7JhOCMAQZ7w","114-8642267-0680257","2024-10-09T11:35:24.257Z","1","USD","Completed","Final","Customer return","0"
"Amazon.com","BhWszuekTFWnMbhzP1G69g","113-2582862-9233857","2024-10-09T11:35:23.289Z","1","USD","Completed","Final","Customer return","0"
"Amazon.com","BhWszuekTFWnMbhzP1G69g","113-2582862-9233857","2024-10-09T11:35:23.289Z","1","USD","Completed","Final","Customer return","0"
"Amazon.com","xRGnUez5QwmmRYHpJkrD0A","114-3590723-0921063","2024-10-09T11:35:23.194Z","1","USD","Completed","Final","Customer return","0"
"Amazon.com","asVRgaDASrShR7DrFrXUlA","114-1228501-4151453","2024-10-09T11:35:22.607Z","1","USD","Completed","Final","Customer return","0"
"Amazon.com","N2xNWNaYRgSGgL9KwBZzcw","114-1228501-4151453","2024-10-03T19:48:51.490Z","1","USD","Completed","Final","Customer return","0"
"Amazon.com","ALw+iPg8QyipQyTNpTpFsA","114-8568225-7581037","2024-10-03T15:05:49.104Z","1","USD","Completed","Final","Item not satisfactory","0"
"Amazon.com","uxpoiRzhRgGGuENRrXRJ+Q","114-0669266-8401822","2024-08-26T21:12:01.327Z","1","USD","Completed","Final","Customer return","0"
"Amazon.com","1pKlntt8SKSxupvK37To9Q","113-7812787-0976238","2024-08-15T00:54:00.691Z","1","USD","Completed","Final","Customer return","0"
"Amazon.com","1pKlntt8SKSxupvK37To9Q","113-7812787-0976238","2024-08-15T00:54:00.691Z","1","USD","Completed","Final","Customer return","0"
"Amazon.com","ZAZdLkpHSD2tANyd0xvKrg","113-7812787-0976238","2024-08-15T00:53:59.665Z","1","USD","Completed","Final","Customer return","0"
"Amazon.com","zTiXgmw9T6ejYCHgNdgwsw","113-9499662-9945012","2024-08-15T00:53:59.192Z","1","USD","Completed","Final","Customer return","0"
"Amazon.com","crFt5fNxQhKoKiB1uuW+yg","113-7812787-0976238","2024-08-15T00:53:58.546Z","2","USD","Completed","Final","Customer return","0"
"Amazon.com","crFt5fNxQhKoKiB1uuW+yg","113-7812787-0976238","2024-08-15T00:53:58.546Z","2","USD","Completed","Final","Customer return","0"
"Amazon.com","TFcWpisfRWScmJNky7twpg","113-9499662-9945012","2024-08-15T00:53:58.545Z","1","USD","Completed","Final","Customer return","0"
"Amazon.com","CEjA149LSVeEWqCmfYUwfg","113-9499662-9945012","2024-08-15T00:53:57.997Z","1","USD","Completed","Final","Customer return","0"
"Amazon.com","c/lZ379sQKmgpPpfl2BqKQ","113-7812787-0976238","2024-08-15T00:53:42.639Z","1","USD","Completed","Final","Customer return","0"
"Amazon.com","PsgxVka1S92jvqj0yvjESw","113-7812787-0976238","2024-08-15T00:53:13.422Z","1","USD","Completed","Final","Customer return","0"
"Amazon.com","Htqa9H6RRxWCg9cxlbBFjQ","113-7827997-3532266","2024-08-06T02:39:55.790Z","1","USD","Completed","Final","Customer return","0"
"Amazon.com","Htqa9H6RRxWCg9cxlbBFjQ","113-7827997-3532266","2024-08-06T02:39:55.790Z","1","USD","Completed","Final","Customer return","0"
"Amazon.com","Yp0U56VfSoKb/dvnZ0n8/g","114-0669266-8401822","2024-08-06T02:38:30.504Z","1","USD","Completed","Final","Customer return","0"
"Amazon.com","Q+pxWzVdQx2eO55lrkIHuA","114-0669266-8401822","2024-08-06T02:38:12.724Z","1","USD","Completed","Final","Customer return","0"
"Amazon.com","hMH9v4LwSrmmpebRRSyBGQ","114-1263909-2493806","2024-08-06T02:38:12.485Z","1","USD","Completed","Final","Customer return","0"
"Amazon.com","dMhEp/dvTGOsrNgR+Z528g","113-7028313-8477018","2024-08-06T02:36:41.940Z","1","USD","Completed","Final","Customer return","0"
"Amazon.com","S2eVcIv7R6WjpVFRKf60uA","114-0485339-3426645","2024-08-06T00:25:33.672Z","1","USD","Completed","Final","Customer return","0"
"Amazon.com","Jnp0+uqjQCGphso/+09QnQ","113-3822410-3600205","2024-07-18T23:43:00.643Z","1","USD","Completed","Final","Account adjustment","0"
"Amazon.com","wv4r3zF9TcOJ95MW8Rd78A","113-3822410-3600205","2024-07-18T23:40:38.812Z","1","USD","Completed","Final","Account adjustment","0"
"Amazon.com","tHP+SU8XQWGfnj3Zkc8hzQ","113-2038973-3225823","2024-07-18T23:39:13.444Z","1","USD","Completed","Final","Account adjustment","0"
"Amazon.com","ysv/IuLxTdWwARBbEzpSfw","113-1722362-6190653","2024-07-18T23:38:44.589Z","1","USD","Completed","Final","Account adjustment","0"
"Amazon.com","kiU5qbv+Q2agFvygulkLhA","113-3612100-3412251","2024-07-13T17:27:58.940Z","1","USD","Completed","Final","Customer return","0"
"Amazon.com","Y09fIYOZSx6VbxYgUbn87g","114-4775753-9152249","2024-06-11T10:42:26.586Z","1","USD","Completed","Final","Customer return","0"
"Amazon.com","eXMumGmJTwSaGTTvBZ9Jrw","113-3904734-4445058","2024-06-05T01:28:07.390Z","1","USD","Completed","Final","Account adjustment","0"
"Amazon.com","3JUIWh5jQz2cXSneIWUmaw","114-4775753-9152249","2024-06-04T06:55:30.754Z","1","USD","Completed","Final","Customer return","0"
"Amazon.com","/qAyyCyhSf69XAaeK3xNsw","114-5321359-4697057","2024-06-04T06:55:14.253Z","2","USD","Completed","Final","Customer return","0"
"Amazon.com","/qAyyCyhSf69XAaeK3xNsw","114-5321359-4697057","2024-06-04T06:55:14.253Z","2","USD","Completed","Final","Customer return","0"
"Amazon.com","cKZuZDafT8aGdWx/ukU+DQ","113-5545510-6885032","2024-06-04T06:52:58.146Z","2","USD","Completed","Final","Customer return","0"
"Amazon.com","cKZuZDafT8aGdWx/ukU+DQ","113-5545510-6885032","2024-06-04T06:52:58.146Z","2","USD","Completed","Final","Customer return","0"
"Amazon.com","4FcbAxeHRFGCmyeDyX+cGw","114-4775753-9152249","2024-06-04T06:50:21.321Z","1","USD","Completed","Final","Customer return","0"
"Amazon.com","thxWs1fvQ9W6kPDovUFZzA","114-4775753-9152249","2024-06-04T06:48:08.598Z","1","USD","Completed","Final","Customer return","0"
"Amazon.com","Kxl6cLXcRaCRwFJDRDDnyA","114-4775753-9152249","2024-06-04T06:48:05.480Z","1","USD","Completed","Final","Customer return","0"
"Amazon.com","7+Zu4b49RE6m9S9oTmomtA","113-5545510-6885032","2024-06-04T06:45:28.634Z","1","USD","Completed","Final","Customer return","0"
"Amazon.com","U62KsyNnSrWDGEH/CdLtwA","111-5194713-1465866","2024-06-04T01:29:15.771Z","1","USD","Completed","Final","Customer return","0"
"Amazon.com","Gw8XBvOGRZyLMwW0kqdSsw","113-3822410-3600205","2024-06-03T18:42:12.214Z","1","USD","Completed","Final","Customer return","0"
"Amazon.com","sckJzgsWQyuR6VdhsDdujA","113-3396791-0281805","2024-05-23T21:34:00.115Z","1","USD","Completed","Final","Customer return","0"
"Amazon.com","/TElAbocTNuGCzs6Yefgrw","113-3822410-3600205","2024-05-22T20:18:16.532Z","1","USD","Completed","Final","Customer return","0"
"Amazon.com","ELiPaKegRDymsaxfBzwrnA","113-1722362-6190653","2024-05-22T20:18:16.463Z","1","USD","Completed","Final","Customer return","0"
"Amazon.com","rlmbtCtaRQavJ/E/RL/y1A","114-4775753-9152249","2024-05-22T20:18:16.399Z","1","USD","Completed","Final","Customer return","0"
"Amazon.com","6aQDz4CVTpC/zMveCOx8wA","114-9854625-9034654","2024-05-16T18:48:20.675Z","1","USD","Completed","Final","Customer return","0"
"Amazon.com","gRwK79sjTwWL9X2W/xLGww","113-6466891-1052244","2024-05-16T18:47:50.790Z","1","USD","Completed","Final","Customer return","0"
"Amazon.com","jxUFn1ttTI+r1PO/t01INw","114-6576065-9223443","2024-05-16T18:43:52.197Z","1","USD","Completed","Final","Customer return","0"
"Amazon.com","JUVk5rreRby1V3gDuGCHvQ","114-6576065-9223443","2024-05-16T18:43:51.420Z","1","USD","Completed","Final","Customer return","0"
"Amazon.com","Wdb30nXZTneYz20kOP/wwg","113-3822410-3600205","2024-05-16T18:43:51.226Z","1","USD","Completed","Final","Customer return","0"
"Amazon.com","U9usWrVWTYGUwzCEyPZZMw","114-6907301-1361841","2024-05-16T18:43:50.989Z","1","USD","Completed","Final","Customer return","0"
"Amazon.com","uTfiN9IgQZORkvg8nn1DHg","113-2038973-3225823","2024-05-16T18:43:50.785Z","1","USD","Completed","Final","Customer return","0"
"Amazon.com","iJkr9teEQOeGGE9db8JP9w","113-3822410-3600205","2024-05-16T18:43:50.228Z","1","USD","Completed","Final","Customer return","0"
"Amazon.com","CvURnsS+T/aUN6Fs+kXGAA","114-6576065-9223443","2024-05-16T18:43:50.051Z","1","USD","Completed","Final","Customer return","0"
"Amazon.com","nkAtHn36Sym6bmcyYf14uw","113-2038973-3225823","2024-05-16T18:43:50.010Z","1","USD","Completed","Final","Customer return","0"
"Amazon.com","vCnD0Q9qSnmNludROJDIGA","114-4775753-9152249","2024-05-16T18:43:49.895Z","1","USD","Completed","Final","Customer return","0"
"Amazon.com","AqiQxdp5SU219ubVlF3ymw","113-0139379-7776207","2024-05-16T18:43:49.885Z","1","USD","Completed","Final","Customer return","0"
"Amazon.com","6oEgvuwuSPO2Yi43K00gXw","114-6907301-1361841","2024-05-16T18:43:49.884Z","1","USD","Completed","Final","Customer return","0"
"Amazon.com","lAMHkMlnT+eNZXaAVGRjtQ","113-6156789-3829018","2024-05-16T18:43:49.872Z","1","USD","Completed","Final","Customer return","0"
"Amazon.com","d6Z9p7CcSyy+i2jBfyqMgQ","113-9814017-0678628","2024-05-16T18:43:49.766Z","1","USD","Completed","Final","Customer return","0"
"Amazon.com","mINxPnu2R3Cgb1JeGXMfZg","113-1722362-6190653","2024-05-16T18:43:49.747Z","1","USD","Completed","Final","Customer return","0"
"Amazon.com","JLVzxia7Q4+GXzdfn71xkA","113-9944763-3994635","2024-03-26T16:15:49.422Z","1","USD","Completed","Final","Customer return","0"
"Amazon.com","JLVzxia7Q4+GXzdfn71xkA","113-9944763-3994635","2024-03-26T16:15:49.422Z","1","USD","Completed","Final","Customer return","0"
"Amazon.com","5Np4kflTSiyG3IKjAwMXTw","114-3320252-8511407","2024-02-21T20:39:41.169Z","1","USD","Completed","Final","Customer return","0"
"Amazon.com","cJ8p8DLrRYWFQeECe38A1Q","113-5082884-9138614","2024-02-21T20:20:32.895Z","2","USD","Completed","Final","Unable to deliver","0"
"Amazon.com","cJ8p8DLrRYWFQeECe38A1Q","113-5082884-9138614","2024-02-21T20:20:32.895Z","2","USD","Completed","Final","Unable to deliver","0"
"Amazon.com","oiDnX7lERriBJkh0hTq4wQ","112-2957479-4247422","2024-01-31T23:44:50.424Z","1","USD","Completed","Final","Customer return","0"
"Amazon.com","lLXdbpxVQmeVaOBQqPVFcg","112-1117831-3464263","2024-01-31T23:44:50.143Z","1","USD","Completed","Final","Customer return","0"
"Amazon.com","fO6eZ2w2Q6qdbvcpIkCWBA","113-2027181-1960221","2023-12-29T21:20:50.689Z","1","USD","Completed","Final","Customer return","0"
"Amazon.com","oheMt5JjSL+rfD4/WNJX2g","113-6831187-2691403","2023-12-29T21:20:50.471Z","1","USD","Completed","Final","Customer return","0"
"Amazon.com","ZyQ64AQETcS5xhzd1ibRTw","113-1168281-1839414","2023-12-29T21:20:50.236Z","1","USD","Completed","Final","Customer return","0"
"Amazon.com","/cZD7oVNSIeMy1T54XoF6w","112-9716451-3520222","2023-11-28T21:24:04.245Z","1","USD","Completed","Final","Customer return","0"
"Amazon.com","//cPYSyYQHS9sWpIryEXBg","113-1043041-1446652","2023-11-09T21:35:55.990Z","1","USD","Completed","Final","Customer return","0"
"Amazon.com","fSpeCFP3TT+8Mf4jCnFkHg","113-1989979-0825057","2023-11-09T21:35:55.979Z","1","USD","Completed","Final","Customer return","0"
"Amazon.com","WwCnhCgKSdi1uFaw5JLoJw","113-1452429-3089847","2023-11-09T21:35:55.949Z","1","USD","Completed","Final","Customer return","0"
"Amazon.com","n5LsxnykQhWKOADiVjgWuw","113-6026830-7575450","2023-11-09T21:35:55.934Z","1","USD","Completed","Final","Customer return","0"
"Amazon.com","y3wW09f9RxSjUlJgBxhDwA","113-2613210-8173034","2023-10-06T01:03:37.496Z","1","USD","Completed","Final","Customer return","0"
"Amazon.com","ZbJhGx01TRWP3NY0NKXZJg","113-1204845-2915426","2023-10-06T01:02:52.691Z","1","USD","Completed","Final","Customer return","0"
"Amazon.com","f4wXecd4TFmLQWZtbXXpdQ","113-2325150-1672209","2023-10-06T01:01:23.896Z","1","USD","Completed","Final","Customer return","0"
"Amazon.com","f4wXecd4TFmLQWZtbXXpdQ","113-2325150-1672209","2023-10-06T01:01:23.896Z","1","USD","Completed","Final","Customer return","0"
"Amazon.com","0WQL7ZNoQuexiLE9jF9JdA","114-4930779-1046607","2023-09-09T17:19:01.983Z","1","USD","Completed","Final","Customer return","0"
"Amazon.com","QBZS7akCQk2JF2M9Q0f7lQ","113-8440614-3917033","2023-08-23T02:32:47.768Z","1","USD","Completed","Final","Customer return","0"
"Amazon.com","QBZS7akCQk2JF2M9Q0f7lQ","113-8440614-3917033","2023-08-23T02:32:47.768Z","1","USD","Completed","Final","Customer return","0"
"Amazon.com","g2ntgGo9RLSUb7u77DDv8Q","113-8440614-3917033","2023-08-22T16:47:43.723Z","1","USD","Completed","Final","Damaged during transit","0"
"Amazon.com","ogFk7hXYQ0KFc1GWk69AHA","113-2716199-8375457","2023-08-11T18:01:08.839Z","1","USD","Completed","Final","Customer return","0"
"Amazon.com","IvUhWZlQRAKhdegQQ9o5yA","113-2960499-9040215","2023-07-16T17:50:46.469Z","1","USD","Completed","Final","Customer return","0"
"Amazon.com","6GuSd77gRL2+ijEbGrRDug","111-9857438-4977037","2023-07-16T17:48:38.649Z","1","USD","Completed","Final","Customer return","0"
"Amazon.com","cWvrNZh0QSKc772C5Gl+Vw","113-1795546-7518664","2023-07-14T19:17:38.826Z","1","USD","Completed","Final","Customer return","0"
"Amazon.com","nkg7+L8OSGyZV79XJu0eNA","113-2960499-9040215","2023-07-14T19:17:32.615Z","1","USD","Completed","Final","Customer return","0"
"Amazon.com","y3JlmRUsQTGeMYtaXQEPxw","114-5116592-8136237","2023-07-13T02:40:33.331Z","1","USD","Completed","Final","Account adjustment","0"
"Amazon.com","5gHkslw4RxeebIFdHVNCJw","111-0771553-8128240","2023-06-19T22:57:52.363Z","1","USD","Completed","Final","Customer return","0"
"Amazon.com","5gHkslw4RxeebIFdHVNCJw","111-0771553-8128240","2023-06-19T22:57:52.363Z","1","USD","Completed","Final","Customer return","0"
"Amazon.com","EsLHYvxjSkKS/81tpujjlA","111-0771553-8128240","2023-06-13T19:07:26.053Z","1","USD","Completed","Final","Customer return","0"
"Amazon.com","FPMror1IQHu4stMU5kMbcA","112-7566339-2865003","2023-06-13T19:06:11.164Z","1","USD","Completed","Final","Customer return","0"
"Amazon.com","9+uLKiBrShS7ZoHhNaxWMw","112-6836595-2691416","2023-05-16T20:38:47.671Z","1","USD","Completed","Final","Shipping address is undeliverable","0"
"Amazon.com","bCTW2BNXRHqeW0QzStwl3w","112-2238290-5869819","2023-05-16T20:38:03.199Z","1","USD","Completed","Final","Shipping address is undeliverable","0"
"Amazon.com","5bnLsubnTzSw5mgPDiW8Ug","113-8279433-4292236","2023-04-27T18:24:25.759Z","1","USD","Completed","Final","Customer return","0"
"Amazon.com","Pdzr/Qf9QYWWaWeN7UvBIg","113-6720774-2765063","2023-04-27T18:08:30.067Z","1","USD","Completed","Final","Customer return","0"
"Amazon.com","m3/JVBPeReuT22859GzRkg","114-1078595-7046660","2023-04-27T18:08:06.145Z","1","USD","Completed","Final","Customer return","0"
"Amazon.com","hUJjC8N3RQWvL3P6RqPxEg","114-8106471-2777046","2023-04-27T18:07:59.111Z","1","USD","Completed","Final","Customer return","0"
"Amazon.com","Gt3xw3DcT/WyZG9xvIZyWg","114-0846640-9053053","2023-04-27T18:07:29.120Z","1","USD","Completed","Final","Customer return","0"
"Amazon.com","BVIPsxG0Sd+9ujAalwH7ww","114-9178129-4009801","2023-04-27T18:06:57.021Z","1","USD","Completed","Final","Customer return","0"
"Amazon.com","z/NN0Aj+RjeO+eu/vbioMw","114-5059605-8577859","2023-04-27T18:06:37.120Z","1","USD","Completed","Final","Customer return","0"
"Amazon.com","PwEmwqpHRUmaYL4XKiTf4Q","114-0846640-9053053","2023-04-27T18:06:36.984Z","1","USD","Completed","Final","Customer return","0"
"Amazon.com","U/mBQ5kYTnWQzXWQHFXw6A","114-1791246-1776217","2023-04-27T18:06:36.887Z","1","USD","Completed","Final","Customer return","0"
"Amazon.com","Kv8+Klc5SMWsRx+0rMWqEw","114-3030211-5061047","2023-03-01T19:51:17.307Z","1","USD","Completed","Final","Customer return","0"
"Amazon.com","3+mEMUcnRam5RHTY/QBswg","114-7451746-4400264","2023-03-01T19:51:01.407Z","1","USD","Completed","Final","Customer return","0"
"Amazon.com","3iUBwS88RAWh9ZF2GIyAzQ","113-1983993-0086626","2023-03-01T19:50:38.828Z","1","USD","Completed","Final","Customer return","0"
"Amazon.com","c6SB5wxgTjqoYSc2U26fMA","113-8728760-6266643","2023-02-01T20:32:53.130Z","1","USD","Completed","Final","Customer return","0"
"Amazon.com","odSjXSJ1SgmLN14XLpgXGQ","114-1402363-1293868","2022-12-20T21:01:46.880Z","1","USD","Completed","Final","Customer return","0"
"Amazon.com","djlV2ngTTR29zYlqzAR0cw","114-4741600-9576248","2022-12-20T21:01:30.191Z","1","USD","Completed","Final","Customer return","0"
"Amazon.com","AAo1Wi1xRtuV/2tW0qVSTg","114-8563916-4603450","2022-12-20T21:01:12.789Z","1","USD","Completed","Final","Customer return","0"
"Amazon.com","Fox3rVrFT7iVfw12wSfvOw","114-1402363-1293868","2022-12-20T20:59:41.959Z","1","USD","Completed","Final","Customer return","0"
"Amazon.com","Q2QcIHeZSXKZ+0agqQnbMg","114-5320861-4157033","2022-11-18T21:46:23.201Z","1","USD","Completed","Final","Customer return","0"
"Amazon.com","gj+DWQ6CTQmB1VUjbDDpLQ","113-1848408-3533839","2022-11-18T21:46:06.868Z","1","USD","Completed","Final","Customer return","0"
"Amazon.com","5vUAG+AxR2+BtWH/GLRFHQ","114-3685668-4398619","2022-11-18T21:45:54.039Z","1","USD","Completed","Final","Customer return","0"
"Amazon.com","o8bFOBFdR/u4XRxECq4XeA","111-3114922-2871424","2022-10-31T20:49:28.024Z","1","USD","Completed","Final","Customer return","0"
"Amazon.com","2fTW5pTORRa67oLDpyt8tw","113-8683496-1169044","2022-10-03T23:54:35.973Z","1","USD","Completed","Final","Customer return","0"
"Amazon.com","AZMGelkoRo6zjeja5v4DEw","112-2287598-8099454","2022-10-01T19:34:00.231Z","1","USD","Completed","Final","Customer return","0"
"Amazon.com","SYNC1IjzRImz+pKYoSiFMg","113-1637507-9106602","2022-09-29T19:46:28.472Z","1","USD","Completed","Final","Customer return","0"
"Amazon.com","IPSyH7ZASoOIzOPnReNqXA","114-1938703-5920232","2022-09-29T19:45:20.663Z","1","USD","Completed","Final","Customer return","0"
"Amazon.com","tRO9IvOURKKufbY3rmwNpw","113-0984381-3204207","2022-09-07T16:45:11.096Z","1","USD","Completed","Final","Customer return","0"
"Amazon.com","ixuaLs+mSViuJT7Dp6KxwQ","113-0521710-8284240","2022-09-07T16:44:57.713Z","1","USD","Completed","Final","Customer return","0"
"Amazon.com","'+gABpKVwRaK/53Q/DXWGrg'","113-4999576-0561029","2022-08-30T02:21:10.195Z","1","USD","Completed","Final","Shipping address is undeliverable","0"
"Amazon.com","jyuKV+FRR3afLAz1N1ywfw","113-5661966-2268246","2022-08-27T01:19:32.541Z","1","USD","Completed","Final","Account adjustment","0"
"Amazon.com","SCB2N1ilRoaT49rxtRLj8g","111-1081794-5988248","2022-08-11T17:05:58.853Z","1","USD","Completed","Final","Customer return","0"
"Amazon.com","GKuV4rV7S2OD/TkUwT6UpQ","111-5866916-2741013","2022-08-11T17:05:04.163Z","1","USD","Completed","Final","Customer return","0"
"Amazon.com","F8PeWVDnSzGKHKQqHWjpIw","113-7471199-1837865","2022-07-28T23:53:51.366Z","1","USD","Completed","Final","Customer return","0"
"Amazon.com","2Wjg1tHPQPSSScGVeNG6jA","113-0248121-9157832","2022-07-06T06:29:33.501Z","1","USD","Completed","Final","Customer return","0"
"Amazon.com","bfAF624QRTaecyeHbHyQ/Q","113-5661966-2268246","2022-07-01T01:01:19.962Z","1","USD","Completed","Final","Customer return","0"
"Amazon.com","jkuMvBeASFGMymvO9XHHAg","112-9133170-2183413","2022-07-01T00:57:43.785Z","1","USD","Completed","Final","Customer return","0"
"Amazon.com","02JmX+HNR7ewvwLNkTlL+A","114-9159208-5430642","2022-06-06T02:19:36.983Z","1","USD","Completed","Final","Customer return","0"
"Amazon.com","I0kJgMaFTKeKqrWQjs10Zg","114-5326754-8357001","2022-06-06T02:17:12.721Z","1","USD","Completed","Final","Customer return","0"
"Amazon.com","ejADnLvpQiOly7JbWTXR9w","114-5326754-8357001","2022-06-06T02:17:11.719Z","1","USD","Completed","Final","Customer return","0"
"Amazon.com","EJJakJOaSC+rbQrIwf+t/A","114-2115935-2525820","2022-06-06T02:17:11.652Z","1","USD","Completed","Final","Customer return","0"
"Amazon.com","7KLrOMgJRhanQSQ9hgcbfQ","114-8993573-2389826","2022-06-06T02:17:11.633Z","1","USD","Completed","Final","Customer return","0"
"Amazon.com","vvtNOyKcRdCArIQuYUityg","114-0840597-0000220","2022-06-06T02:17:11.582Z","1","USD","Completed","Final","Customer return","0"
"Amazon.com","vvtNOyKcRdCArIQuYUityg","114-0840597-0000220","2022-06-06T02:17:11.582Z","1","USD","Completed","Final","Customer return","0"
"Amazon.com","3TUbQpVQQpWNSHLPFcDrwQ","114-6623598-0063407","2022-06-06T02:17:11.541Z","1","USD","Completed","Final","Customer return","0"
"Amazon.com","pbGtkaZETtu+PllBLNeD4A","114-8883610-2217848","2022-06-06T02:17:11.507Z","1","USD","Completed","Final","Customer return","0"
"Amazon.com","AfjEsda3TsWXvl/Ens/hIA","114-8751235-7361814","2022-06-06T00:24:06.447Z","1","USD","Completed","Final","Item not received","0"
"Amazon.com","AfjEsda3TsWXvl/Ens/hIA","114-8751235-7361814","2022-06-06T00:24:06.447Z","1","USD","Completed","Final","Item not received","0"
"Amazon.com","My74bebLT76kUOpnqKJ/sw","114-3135071-0496203","2022-05-29T17:18:37.885Z","1","USD","Completed","Final","Item not satisfactory","0"
"Amazon.com","1B3sIAnOS/G6t1hj43vW/A","114-1288549-8050629","2022-05-11T20:53:42.328Z","1","USD","Completed","Final","Customer return","0"
"Amazon.com","WNGFAeFIStaL3D1cHw7mIg","113-6634782-3317019","2021-12-31T12:20:24.781Z","1","USD","Completed","Final","Refused to accept delivery","0"
"Amazon.com","lDET+Uf0RB+wBaTuCi3BGg","113-0078109-6107446","2021-12-31T12:01:25.162Z","1","USD","Completed","Final","Refused to accept delivery","0"
"Amazon.com","FzZ0KoE6QaaRAk/YBto7Tg","113-0406312-6741063","2021-12-22T00:05:10.777Z","1","USD","Completed","Final","Customer return","0"
"Amazon.com","stVweSEAQnOrPDZjH5qSSA","112-9492398-5390655","2021-12-07T21:33:49.241Z","1","USD","Completed","Final","Customer return","0"
"Amazon.com","/Ub+nNwPTQ+TXbJsrZ+nBg","113-3307811-7994614","2021-12-06T00:01:04.108Z","1","USD","Completed","Final","Customer return","0"
"Amazon.com","/Ty6KWuXRku2Mjx8GfUjrA","114-5875814-4632262","2021-12-05T23:58:49.158Z","1","USD","Completed","Final","Customer return","0"
"Amazon.com","6qQD5pT2R/i2iXNiqbW4KQ","112-4876219-7493001","2021-12-05T23:57:30.705Z","1","USD","Completed","Final","Customer return","0"
"Amazon.com","s0BCVGUYRX69nKLKBbWY2Q","112-1856501-0984227","2021-12-05T23:57:16.312Z","1","USD","Completed","Final","Customer return","0"
"Amazon.com","I88YJConRlSI6Mr0lQiLtA","112-4876219-7493001","2021-12-05T23:56:09.871Z","1","USD","Completed","Final","Customer return","0"
"Amazon.com","D6w7DQy8T0ayL1hxNmYGSA","112-1882202-8079450","2021-12-05T23:55:33.777Z","1","USD","Completed","Final","Customer return","0"
"Amazon.com","NumZdp+oSWiRJQoMI9k1IQ","113-3307811-7994614","2021-12-05T23:55:26.049Z","1","USD","Completed","Final","Customer return","0"
"Amazon.com","Dn1Fj3swQ2SffxJ/nksGIw","112-6554532-8720219","2021-12-05T23:55:11.028Z","1","USD","Completed","Final","Customer return","0"
"Amazon.com","qbHP9Xc/SLGZuBeL6TjYIg","112-1882202-8079450","2021-12-05T23:54:46.304Z","1","USD","Completed","Final","Customer return","0"
"Amazon.com","5Yb5EIoDS1Kjan3TsbHaKQ","112-4876219-7493001","2021-12-05T23:53:15.163Z","1","USD","Completed","Final","Customer return","0"
"Amazon.com","YB/a/l22QbSGLOdmqZEDOw","112-4075741-8884261","2021-12-05T23:52:38.280Z","1","USD","Completed","Final","Customer return","0"
"Amazon.com","ZFoik1ZIQPq1NfaiNwZjgA","111-1154213-7485865","2021-11-24T22:33:32.191Z","1","USD","Completed","Final","Customer return","0"
"Amazon.com","bXCA77veRNGHmHEYiFzakw","112-8771680-1065046","2021-10-29T21:15:01.628Z","1","USD","Completed","Final","Customer return","0"
"Amazon.com","3D40w9giT6G+tvOAhgureg","114-3473701-9650657","2021-10-05T17:46:20.845Z","1","USD","Completed","Final","Account adjustment","0"
"Amazon.com","m6jU7aQYSxa5DVYtAR5SOA","113-3793008-5475407","2021-09-17T00:26:56.451Z","1","USD","Completed","Final","Customer return","0"
"Amazon.com","uDYAWyetTDOgaofgntE1bQ","113-7969800-2659464","2021-09-16T01:43:19.129Z","1","USD","Completed","Final","Customer return","0"
"Amazon.com","U366orPPRHWzr2r/ycrFPQ","114-5089606-5285811","2021-08-26T03:09:25.574Z","1","USD","Completed","Final","Customer return","0"
"Amazon.com","EoqAf19uSHC8BjAtpPM/1w","112-6105922-8116211","2021-08-26T03:06:08.233Z","1","USD","Completed","Final","Customer return","0"
"Amazon.com","1ruM+KRrT5+CJuGvn+c4XQ","113-4307291-3803441","2021-08-25T23:15:14.426Z","1","USD","Completed","Final","Customer return","0"
"Amazon.com","fyXZsY6AQNmsyoI7SGlu3A","113-4307291-3803441","2021-08-25T23:15:11.890Z","1","USD","Completed","Final","Customer return","0"
"Amazon.com","xzGg6vJTRHaPz5x79cdRbg","113-1430436-0229812","2021-08-25T23:15:11.759Z","1","USD","Completed","Final","Customer return","0"
"Amazon.com","HV7Q0tlEQuyOtt3oUe8zcA","113-0413602-1501801","2021-08-25T23:12:56.298Z","1","USD","Completed","Final","Customer return","0"
"Amazon.com","qksLmtdXSiCSpCkSp+CThA","113-6210395-4641032","2021-08-22T12:15:28.837Z","1","USD","Completed","Final","Customer return","0"
"Amazon.com","/tIUgmyOQ+qcyc3EOwqYeA","113-0584992-7727451","2021-08-14T18:13:02.643Z","1","USD","Completed","Final","Customer return","0"
"Amazon.com","usiPdEg5TAeue9vMCc+VjA","112-5173032-9648249","2021-08-13T05:26:13.333Z","1","USD","Completed","Final","Customer return","0"
"Amazon.com","hsMhVTvKQySjowOjqHm/Qw","113-6842019-6820226","2021-08-13T04:24:00.129Z","1","USD","Completed","Final","Customer return","0"
"Amazon.com","hsMhVTvKQySjowOjqHm/Qw","113-6842019-6820226","2021-08-13T04:24:00.129Z","1","USD","Completed","Final","Customer return","0"
"Amazon.com","OQoXsau1RDO3mwlDJSXTmA","113-6842019-6820226","2021-08-13T04:23:56.749Z","1","USD","Completed","Final","Customer return","0"
"Amazon.com","OQoXsau1RDO3mwlDJSXTmA","113-6842019-6820226","2021-08-13T04:23:56.749Z","1","USD","Completed","Final","Customer return","0"
"Amazon.com","e/m4ZfxaQK64FuzGiS/EAA","113-6842019-6820226","2021-08-13T04:23:53.376Z","1","USD","Completed","Final","Customer return","0"
"Amazon.com","e/m4ZfxaQK64FuzGiS/EAA","113-6842019-6820226","2021-08-13T04:23:53.376Z","1","USD","Completed","Final","Customer return","0"
"Amazon.com","LY4yBlh4QwC2kOmfOdDeVA","114-3473701-9650657","2021-08-13T04:23:53.214Z","1","USD","Completed","Final","Customer return","0"
"Amazon.com","6p8bw+O3SLaJD4Ckw1EdvQ","113-3883027-6170604","2021-08-13T04:23:52.702Z","1","USD","Completed","Final","Customer return","0"
"Amazon.com","FosF6e1XQtGhDjcQUt0VuQ","114-3473701-9650657","2021-08-04T05:52:51.978Z","1","USD","Completed","Final","Damaged during transit","0"
"Amazon.com","sqEpaBhBRgqFLneEkxPjdw","114-5972921-9353039","2021-07-26T23:58:40.786Z","1","USD","Completed","Final","Customer return","0"
"Amazon.com","RQewZ13tRpuioz5X06EuXw","114-5972921-9353039","2021-07-19T22:34:27.200Z","1","USD","Completed","Final","Customer return","0"
"Amazon.com","o69ibEQVSY6K/BfebCkJVQ","113-2124416-1654635","2021-07-19T22:34:26.498Z","1","USD","Completed","Final","Customer return","0"
"Amazon.com","6DYmals+QwOB9v/9R8PXlw","113-3043777-1344239","2021-07-19T22:34:25.820Z","1","USD","Completed","Final","Customer return","0"
"Amazon.com","6DYmals+QwOB9v/9R8PXlw","113-3043777-1344239","2021-07-19T22:34:25.820Z","1","USD","Completed","Final","Customer return","0"
"Amazon.com","xQPeO1sGS4iumJnH6ruTXw","113-1550615-0521021","2021-07-19T22:34:25.633Z","1","USD","Completed","Final","Customer return","0"
"Amazon.com","9H8De5nlR9qiivBgGUY0Cg","112-6169135-1910653","2021-07-19T22:34:25.318Z","1","USD","Completed","Final","Customer return","0"
"Amazon.com","zCKXNdKXTgaftZdAkhfgEQ","113-5902192-9820231","2021-07-19T22:34:25.209Z","1","USD","Completed","Final","Customer return","0"
"Amazon.com","vLsvhSbQRFOvT0Yua60Z1w","113-3536483-9206620","2021-07-19T22:32:53.199Z","1","USD","Completed","Final","Customer return","0"
"Amazon.com","1F9+FM0fThCKe0YwJ1bMlg","114-5972921-9353039","2021-07-19T20:51:56.318Z","1","USD","Completed","Final","Item not satisfactory","0"
"Amazon.com","z5N2qphvTwOpCjjDPP87ug","114-9605844-7826601","2021-06-30T05:40:06.392Z","1","USD","Completed","Final","Customer return","0"
"Amazon.com","pnSVZnQ1R7K9QjknDJzhxw","114-1946441-6242608","2021-06-29T06:27:19.879Z","1","USD","Completed","Final","Refused to accept delivery","0"
"Amazon.com","pnSVZnQ1R7K9QjknDJzhxw","114-1946441-6242608","2021-06-29T06:27:19.879Z","1","USD","Completed","Final","Refused to accept delivery","0"
"Amazon.com","iTrO4hTtS6e4kDjIGL7AXA","114-5972921-9353039","2021-06-24T22:50:53.517Z","1","USD","Completed","Final","Customer return","0"
"Amazon.com","JC3VF8XiSG20Mmk1gZTOYA","113-2124416-1654635","2021-06-24T22:50:52.234Z","1","USD","Completed","Final","Customer return","0"
"Amazon.com","tCUey+FyStKWEfWR+nkaEw","114-5972921-9353039","2021-06-24T22:48:16.620Z","1","USD","Completed","Final","Customer return","0"
"Amazon.com","WHoTA7WwSEWjvnF+t3m3JQ","114-3346364-9122625","2021-06-24T22:47:41.046Z","1","USD","Completed","Final","Customer return","0"
"Amazon.com","Q9r5LqEtR/mbRxasdS/K7g","113-3105753-2029869","2021-06-24T22:47:28.644Z","1","USD","Completed","Final","Customer return","0"
"Amazon.com","uX+K+VwJSh2Z12yjZK/g9g","114-5679534-7943444","2021-06-24T22:44:33.546Z","1","USD","Completed","Final","Customer return","0"
"Amazon.com","UvSlYbAQQNq74VSBdRJuGg","114-6559850-2361014","2021-06-24T22:44:33.483Z","1","USD","Completed","Final","Customer return","0"
"Amazon.com","TuzPIrnqQAeRMX620eeyOA","114-2081154-0781835","2021-06-24T22:44:18.712Z","1","USD","Completed","Final","Customer return","0"
"Amazon.com","OASHE4NHT+GsqHGEePvh8A","113-4218241-4688247","2021-06-11T20:29:01.253Z","1","USD","Completed","Final","Customer return","0"
"Amazon.com","FkcgUSsKSo2ZxaGpuFcivg","113-3379875-9794623","2021-06-10T23:18:30.141Z","1","USD","Completed","Final","Customer return","0"
"Amazon.com","lfPgJNJiR1mRB2YKywpZvw","113-5418647-1147413","2021-05-18T00:14:19.718Z","1","USD","Completed","Final","Customer return","0"
"Amazon.com","zQPz8rhmTfuewl48gIwDFw","113-5754120-7624228","2021-05-14T20:21:23.094Z","1","USD","Completed","Final","Item not satisfactory","0"
"Amazon.com","nllQTNdPT3eo1LhZdr9cnQ","113-4777384-8714629","2021-05-12T23:11:54.642Z","1","USD","Completed","Final","Customer return","0"
"Amazon.com","8e0G1qI9Sk63QP60ZBrbJw","112-5622103-7459462","2021-05-02T21:28:57.589Z","1","USD","Completed","Final","Account adjustment","0"
"Amazon.com","6OW2SK3eT+Gsxc+x+Od9yA","113-2520283-7803469","2021-04-07T01:49:07.160Z","1","USD","Completed","Final","Customer return","0"
"Amazon.com","/fsQoAQ+S3a7gwQzuTHSqQ","113-3397901-8525823","2021-04-06T17:45:19.446Z","1","USD","Completed","Final","Customer return","0"
"Amazon.com","pnA4fPpqQzKv3hLIjylj+Q","113-3397901-8525823","2021-04-06T17:44:51.235Z","2","USD","Completed","Final","Customer return","0"
"Amazon.com","pnA4fPpqQzKv3hLIjylj+Q","113-3397901-8525823","2021-04-06T17:44:51.235Z","2","USD","Completed","Final","Customer return","0"
"Amazon.com","mrfT2+1NR3W3hSi1a19I1Q","113-0746114-2241012","2021-03-14T00:43:44.991Z","1","USD","Completed","Final","Customer return","0"
"Amazon.com","K5i4l3Z1S0ij2wtwXhJQFw","113-7318337-0774662","2021-03-14T00:43:42.202Z","1","USD","Completed","Final","Customer return","0"
"Amazon.com","eowW730EQGKkLtPCsePzmQ","113-0746114-2241012","2021-03-14T00:43:41.821Z","1","USD","Completed","Final","Customer return","0"
"Amazon.com","eowW730EQGKkLtPCsePzmQ","113-0746114-2241012","2021-03-14T00:43:41.821Z","1","USD","Completed","Final","Customer return","0"
"Amazon.com","anJEjjgfSOujqdQnlEKv5g","114-1108494-5686649","2021-03-14T00:43:41.027Z","1","USD","Completed","Final","Customer return","0"
"Amazon.com","mTPt210SR6CX4haw5q6YKw","112-4094795-6339423","2021-03-12T22:40:59.164Z","1","USD","Completed","Final","Customer return","0"
"Amazon.com","I0HCSRHPStm+vf5DRGTQUg","112-1262807-3299429","2021-03-12T22:39:26.946Z","1","USD","Completed","Final","Customer return","0"
"Amazon.com","lu2zUxiwTNmneqwzpjez8A","112-1262807-3299429","2021-03-12T22:39:23.771Z","1","USD","Completed","Final","Customer return","0"
"Amazon.com","lu2zUxiwTNmneqwzpjez8A","112-1262807-3299429","2021-03-12T22:39:23.771Z","1","USD","Completed","Final","Customer return","0"
"Amazon.com","yXtdfxp4Q6eVNlTc10HLRA","112-5622103-7459462","2021-03-12T22:39:20.662Z","1","USD","Completed","Final","Customer return","0"
"Amazon.com","rOHxFswITTqMCTwkQOcGYg","112-1262807-3299429","2021-03-12T22:39:20.528Z","1","USD","Completed","Final","Customer return","0"
"Amazon.com","X/sjuKDzTxCDaDUNv20/QQ","112-4094795-6339423","2021-03-12T22:39:20.029Z","1","USD","Completed","Final","Customer return","0"
"Amazon.com","BKuU8ti6Tdi8jN1F0va3gQ","111-7097674-3051456","2021-03-09T03:04:05.615Z","1","USD","Completed","Final","Customer return","0"
"Amazon.com","F5by5jtCS06tjSQkT2Ovww","111-7097674-3051456","2021-03-09T03:02:41.364Z","1","USD","Completed","Final","Customer return","0"
"Amazon.com","5GOAywTZQxOYiFiETdWXqA","111-7097674-3051456","2021-03-09T03:02:38.700Z","1","USD","Completed","Final","Customer return","0"
"Amazon.com","axsIxXqATQiRyQC93Xi8mg","114-1969146-2835439","2021-03-09T03:02:38.054Z","1","USD","Completed","Final","Customer return","0"
"Amazon.com","fK5Onc+LRMOeJ1nOsigQ/Q","114-8793469-6185057","2021-01-31T10:51:58.387Z","1","USD","Completed","Final","Customer return","0"
"Amazon.com","Y4pfNCqRQD2RAKT3v/Ua/A","114-2885981-3466652","2021-01-31T10:51:58.050Z","1","USD","Completed","Final","Customer return","0"
"Amazon.com","JxTDuA83Rnu6s7sZjzBtOw","114-1598172-3630601","2021-01-31T10:51:57.811Z","1","USD","Completed","Final","Customer return","0"
"Amazon.com","lFH+idf8R8Cxtg3Cmo1sLg","114-8969131-8049869","2021-01-22T19:28:49.594Z","1","USD","Completed","Final","Customer return","0"
"Amazon.com","86On2UKVQGyyFv0UEF3pnw","114-0815070-1827414","2021-01-22T19:28:26.348Z","1","USD","Completed","Final","Customer return","0"
"Amazon.com","M9HniG3YSrKwXGjyUoe5ow","114-8598073-9028260","2021-01-11T05:54:15.234Z","3","USD","Completed","Final","Item shipped late","0"
"Amazon.com","M9HniG3YSrKwXGjyUoe5ow","114-8598073-9028260","2021-01-11T05:54:15.234Z","3","USD","Completed","Final","Customer return","0"
"Amazon.com","M9HniG3YSrKwXGjyUoe5ow","114-8598073-9028260","2021-01-11T05:54:15.234Z","3","USD","Completed","Final","Customer return","0"
"Amazon.com","yxoGknAGRR6LLhi4489Ftg","114-6599579-1901008","2021-01-07T22:16:33.773Z","1","USD","Completed","Final","Customer return","0"
"Amazon.com","iSGtnzroTUGb2sVEIIyIvg","111-5970648-1747464","2020-12-16T00:37:06.875Z","1","USD","Completed","Final","Customer return","0"
"Amazon.com","S00qyWqnQAeK8+xZ/jc4LQ","111-2021928-3203417","2020-12-09T07:12:01.552Z","1","USD","Completed","Final","Customer return","0"
"Amazon.com","QUtKACCUT6e7/fxx1OF9iA","114-4624849-1326619","2020-12-09T07:12:01.297Z","2","USD","Completed","Final","Customer return","0"
"Amazon.com","QUtKACCUT6e7/fxx1OF9iA","114-4624849-1326619","2020-12-09T07:12:01.297Z","2","USD","Completed","Final","Customer return","0"
"Amazon.com","YQfxLbksR/mNK3PB/vaH/w","114-5976669-0316203","2020-12-09T07:12:00.590Z","1","USD","Completed","Final","Customer return","0"
"Amazon.com","C4WreJ+wSXC93hzb33y2NQ","114-1753059-1446623","2020-12-09T07:11:59.965Z","1","USD","Completed","Final","Customer return","0"
"Amazon.com","nm8JZH/oSza32a5szjpvYg","114-8598073-9028260","2020-12-09T07:11:59.867Z","1","USD","Completed","Final","Customer return","0"
"Amazon.com","GGaNrqkUQ0a31+L8s++ULw","114-1100775-3079416","2020-12-09T07:11:58.715Z","1","USD","Completed","Final","Customer return","0"
"Amazon.com","LIRxzL37QuKIj6V3v/XBZw","114-1689206-7960200","2020-12-09T07:11:58.456Z","1","USD","Completed","Final","Customer return","0"
"Amazon.com","lJUs42MfRLu9MonIRiwHxQ","114-0896702-4633820","2020-11-23T08:15:19.150Z","1","USD","Completed","Final","Customer return","0"
"Amazon.com","Qktt5bToSf6PLwFGHMKoPg","114-5976669-0316203","2020-11-18T01:21:45.962Z","1","USD","Completed","Final","Customer return","0"
"Amazon.com","hZa12OmnQ0KipOTOBYG0kg","114-5976669-0316203","2020-11-18T01:21:40.471Z","1","USD","Completed","Final","Customer return","0"
"Amazon.com","hZa12OmnQ0KipOTOBYG0kg","114-5976669-0316203","2020-11-18T01:21:40.471Z","1","USD","Completed","Final","Customer return","0"
"Amazon.com","65/1kxu7Rc+dMt2EiQPb2g","112-2378298-9425862","2020-11-18T01:21:39.537Z","1","USD","Completed","Final","Customer return","0"
"Amazon.com","irim7gwMTG23QkrSgEmCEg","111-6667149-0009067","2020-11-15T12:08:29.018Z","1","USD","Completed","Final","Customer return","0"
"Amazon.com","ic4yXoAkQb20l59K+8Tm3w","114-8469355-6973834","2020-11-15T12:08:28.250Z","1","USD","Completed","Final","Item shipped late","0"
"Amazon.com","2fCGlJd8QS+C9x4Tw28gEA","114-6267164-2994663","2020-11-13T18:35:11.909Z","1","USD","Completed","Final","Customer return","0"
"Amazon.com","'+q7ivPmjSa2lg+m7+FTGxA'","114-1663303-3687456","2020-11-10T23:03:52.036Z","1","USD","Completed","Final","Item not satisfactory","0"
"Amazon.com","jj5yV8cbQHSA1EWeeQXuuw","111-2091612-0225053","2020-11-02T01:33:20.238Z","1","USD","Completed","Final","Customer return","0"
"Amazon.com","HrET8VWiRCuOaEI9D5Wk0g","111-6667149-0009067","2020-11-02T01:33:19.980Z","1","USD","Completed","Final","Customer return","0"
"Amazon.com","Bc+xsRZTSYeTXf1h8TjDiA","112-8685759-0047437","2020-10-19T06:14:11.302Z","1","USD","Completed","Final","Customer return","0"
"Amazon.com","bIf8ybjtQPusBMm67nxHeQ","111-2089757-2078613","2020-10-19T06:14:11.088Z","1","USD","Completed","Final","Customer return","0"
"Amazon.com","dGiGO1hfQOqOSnu/mXoOcA","111-1424676-9693059","2020-10-11T02:58:50.091Z","1","USD","Completed","Final","Customer return","0"
"Amazon.com","sBkJCxNkQPi9VBMunDuQ3w","111-2097554-7114668","2020-09-24T04:01:58.592Z","1","USD","Completed","Final","Customer return","0"
"Amazon.com","P2anQXgASHmJbXPxWIPGWA","111-2762960-6677019","2020-09-21T05:08:01.178Z","1","USD","Completed","Final","Customer return","0"
"Amazon.com","'+aBGBBdISjOEJf73eMAJwQ'","112-5427263-8206633","2020-08-12T08:24:55.725Z","1","USD","Completed","Final","Account adjustment","0"
"Amazon.com","r1RuFR2nS46R54rkcQ8doA","112-0555103-7261848","2020-08-06T15:38:10.161Z","1","USD","Completed","Final","Customer return","0"
"Amazon.com","lhf+o5ZMSOOuIOLxZrpIXA","112-6155471-3921053","2020-08-06T04:02:00.161Z","1","USD","Completed","Final","Customer return","0"
"Amazon.com","1VLRqHGGRPmm4RJw1kHLsw","112-3309076-4090651","2020-07-28T03:17:53.635Z","1","USD","Completed","Final","Item shipped late","0"
"Amazon.com","5w21lx1VQKyPkJ2fsZKy6w","114-4070388-2781051","2020-06-29T05:42:47.202Z","1","USD","Completed","Final","Customer return","0"
"Amazon.com","L9530/GbQ2Wvrjfd9BzBzA","114-8661952-1382638","2020-03-28T06:25:34.556Z","6","USD","Completed","Final","Customer return","0"
"Amazon.com","L9530/GbQ2Wvrjfd9BzBzA","114-8661952-1382638","2020-03-28T06:25:34.556Z","6","USD","Completed","Final","Customer return","0"
"Amazon.com","L9530/GbQ2Wvrjfd9BzBzA","114-8661952-1382638","2020-03-28T06:25:34.556Z","6","USD","Completed","Final","Customer return","0"
"Amazon.com","L9530/GbQ2Wvrjfd9BzBzA","114-8661952-1382638","2020-03-28T06:25:34.556Z","6","USD","Completed","Final","Customer return","0"
"Amazon.com","L9530/GbQ2Wvrjfd9BzBzA","114-8661952-1382638","2020-03-28T06:25:34.556Z","6","USD","Completed","Final","Customer return","0"
"Amazon.com","L9530/GbQ2Wvrjfd9BzBzA","114-8661952-1382638","2020-03-28T06:25:34.556Z","6","USD","Completed","Final","Customer return","0"
"Amazon.com","n6BmA7fyRuCglHENN9P2pw","114-1604069-3925037","2020-03-11T23:14:28.921Z","1","USD","Completed","Final","Customer return","0"
"Amazon.com","cdoff8xDRleQOYgiowQMIw","114-7239861-8332208","2020-02-21T00:52:11.061Z","1","USD","Completed","Final","Customer return","0"
"Amazon.com","bmINdw7zRwSDThpZF0Fxcw","114-4766820-3856241","2020-02-21T00:52:10.404Z","1","USD","Completed","Final","Customer return","0"
"Amazon.com","gkqvfhkiRiWfd3sXnsfWKw","114-7228561-5021820","2020-02-21T00:52:10.281Z","1","USD","Completed","Final","Customer return","0"
"Amazon.com","/jDfSZnITD2FOAKNKUZLcA","111-4832920-7931415","2020-02-21T00:52:10.070Z","1","USD","Completed","Final","Customer return","0"
"Amazon.com","kcS/nb2iTJyTtiHVHaWSmg","114-3204312-8552236","2020-01-17T16:37:40.399Z","1","USD","Completed","Final","Customer return","0"
"Amazon.com","l1C+8UCmRFCchDBSDrTdWw","114-8963895-7565806","2020-01-17T16:36:29.975Z","1","USD","Completed","Final","Customer return","0"
"Amazon.com","qKn1SFTCRH2CXO1IAw25Jw","113-2996686-3831448","2020-01-06T05:53:33.842Z","1","USD","Completed","Final","Item not received","0"
"Amazon.com","IoWj8rIXSJ6ki6BaG7J2/A","114-4827259-2616266","2020-01-04T01:30:49.095Z","1","USD","Completed","Final","Customer return","0"
"Amazon.com","vHaVaqdzT3+LiZ7Y42JXmA","114-4827259-2616266","2020-01-04T01:30:26.114Z","1","USD","Completed","Final","Customer return","0"
"Amazon.com","XNsxsJ3IQ/m97+CULoJeZQ","114-3519236-0639411","2020-01-03T06:18:58.420Z","1","USD","Completed","Final","Order cancelled","0"
"Amazon.com","2JgYYryYSGmOn4qn2MnPSw","113-4698481-7767460","2019-12-29T03:23:46.266Z","1","USD","Completed","Final","Wrong item was sent","0"
"Amazon.com","b20BYgd2SfemqAgjht3bBA","111-4126144-8801035","2019-12-28T23:03:20.171Z","1","USD","Completed","Final","Customer return","0"
"Amazon.com","RkqBXEgrSlGc5RyfKspqAQ","114-7379593-9361020","2019-12-21T08:24:26.315Z","1","USD","Completed","Final","Customer return","0"
"Amazon.com","L99CGivFTPKUD/zAM1H3NA","111-5738712-9309829","2019-12-01T21:15:39.541Z","1","USD","Completed","Final","Item not satisfactory","0"
"Amazon.com","A87E1uFPQjWAtgSB2d6aWw","114-4831266-9915450","2019-11-27T20:49:01.089Z","1","USD","Completed","Final","Customer return","0"
"Amazon.com","FjqSex18TpO/DRZPsPPdwg","111-1477267-5201044","2019-11-20T20:58:51.726Z","1","USD","Completed","Final","Customer return","0"
"Amazon.com","NeeGC9NkTI6Vs53qiobYBA","111-4960441-6547429","2019-11-20T20:58:38.647Z","1","USD","Completed","Final","Customer return","0"
"Amazon.com","iRfo3wnVSiKBm8x8y+UqpA","111-1829080-5637044","2019-11-20T20:53:16.349Z","1","USD","Completed","Final","Customer return","0"
"Amazon.com","rZJ3OdGSS3i0wnZwhUro4Q","111-5768800-3289844","2019-11-20T20:53:15.355Z","2","USD","Completed","Final","Customer return","0"
"Amazon.com","rZJ3OdGSS3i0wnZwhUro4Q","111-5768800-3289844","2019-11-20T20:53:15.355Z","2","USD","Completed","Final","Customer return","0"
"Amazon.com","dhrpWRh/SCykEnIN0GGrdw","111-0115313-8241018","2019-11-20T20:53:14.923Z","1","USD","Completed","Final","Customer return","0"
"Amazon.com","zfEv0J7ATXOnlDZAI1FAFA","114-2188657-8469059","2019-11-20T20:53:14.812Z","1","USD","Completed","Final","Customer return","0"
"Amazon.com","fF4ltUFTSbWShhWub+Q5cQ","113-2398290-9178638","2019-11-20T20:53:14.606Z","1","USD","Completed","Final","Customer return","0"
"Amazon.com","d8wQ4qkvRG6wDvx1x8Hn9A","111-7213036-8018649","2019-11-20T20:53:14.562Z","1","USD","Completed","Final","Customer return","0"
"Amazon.com","msgbMdLARqyZXSFhpNVPpw","111-2590161-2301002","2019-11-20T20:53:14.308Z","1","USD","Completed","Final","Customer return","0"
"Amazon.com","tZ+62M5DSoaEvwuXjpkphA","111-9752011-9724242","2019-11-20T18:09:12.278Z","1","USD","Completed","Final","Customer return","0"
"Amazon.com","xv9eIeY8Qsi8C7lsTHrBow","111-9857896-7820208","2019-11-02T20:14:10.781Z","1","USD","Completed","Final","Customer return","0"
"Amazon.com","rncINhaGTHeAxf6Y0QCmtQ","111-2429706-0345856","2019-10-31T17:18:07.940Z","1","USD","Completed","Final","Customer return","0"
"Amazon.com","'+2tOjTYLRQaaaMRrmW7GzQ'","114-6201185-4373005","2019-10-31T17:18:06.572Z","1","USD","Completed","Final","Customer return","0"
"Amazon.com","dxpLT5WkTtiNmzxmDv5Fdw","111-2178773-2752201","2019-10-31T16:46:50.908Z","1","USD","Completed","Final","Customer return","0"
"Amazon.com","oShhiRwcTWO64JsG91dSLg","114-2188657-8469059","2019-10-30T15:42:10.635Z","1","USD","Completed","Final","Customer return","0"
"Amazon.com","c5c9R26ATdWoYLMawJZG7A","114-2111674-5093830","2019-10-30T15:42:10.515Z","1","USD","Completed","Final","Customer return","0"
"Amazon.com","GRaSmpTtRtysUW2tWJYlDg","111-5492184-4424242","2019-10-30T15:41:44.733Z","1","USD","Completed","Final","Customer return","0"
"Amazon.com","JFwu4VbbRm6/k43rPrRvXA","111-5768800-3289844","2019-10-30T15:41:31.515Z","1","USD","Completed","Final","Customer return","0"
"Amazon.com","05DWmN5IQNewUjVN3pzpPw","111-1829080-5637044","2019-10-30T15:41:31.121Z","1","USD","Completed","Final","Customer return","0"
"Amazon.com","d8Qn6mPrRmiiV85DoYDE6A","111-3336860-6333859","2019-10-28T16:06:01.039Z","1","USD","Completed","Final","Customer return","0"
"Amazon.com","yw+ileFrRyi0sLwbMgR5EQ","112-5665832-2865833","2019-10-28T16:05:57.548Z","1","USD","Completed","Final","Customer return","0"
"Amazon.com","c9Gt7fa/T9m1szTKK+hlsw","111-2429706-0345856","2019-10-28T16:05:57.042Z","1","USD","Completed","Final","Customer return","0"
"Amazon.com","c9Gt7fa/T9m1szTKK+hlsw","111-2429706-0345856","2019-10-28T16:05:57.042Z","1","USD","Completed","Final","Customer return","0"
"Amazon.com","c9Gt7fa/T9m1szTKK+hlsw","111-2429706-0345856","2019-10-28T16:05:57.042Z","1","USD","Completed","Final","Customer return","0"
"Amazon.com","jJJZm1yATwi+YTihEB7wHg","111-3336860-6333859","2019-10-28T16:05:56.781Z","1","USD","Completed","Final","Customer return","0"
"Amazon.com","RoJE8/pmSAyFeKRrxgp3zQ","112-6052692-8872222","2019-10-28T16:05:56.685Z","1","USD","Completed","Final","Customer return","0"
"Amazon.com","RoJE8/pmSAyFeKRrxgp3zQ","112-6052692-8872222","2019-10-28T16:05:56.685Z","1","USD","Completed","Final","Customer return","0"
"Amazon.com","RoJE8/pmSAyFeKRrxgp3zQ","112-6052692-8872222","2019-10-28T16:05:56.685Z","1","USD","Completed","Final","Customer return","0"
"Amazon.com","'+hNpG3vhSJ2imFxSI3GCrw'","112-1719362-6575469","2019-10-28T16:05:56.480Z","1","USD","Completed","Final","Customer return","0"
"Amazon.com","MP7O0zIES32mEQ1pf6iQ5w","113-7392341-8045013","2019-10-28T16:05:56.426Z","1","USD","Completed","Final","Customer return","0"
"Amazon.com","nI+B9MA7RIKswz3pDT3Lig","111-0430875-7049020","2019-10-28T16:05:56.391Z","1","USD","Completed","Final","Customer return","0"
"Amazon.com","G2Gg6kbIQkGc6YYhRFUDiQ","111-9151758-0277045","2019-10-28T16:02:57.185Z","1","USD","Completed","Final","Customer return","0"
"Amazon.com","CBzHeAVMS7+S/c6etgpkEQ","112-5665832-2865833","2019-10-28T15:43:30.936Z","1","USD","Completed","Final","Customer return","0"
"Amazon.com","g45B7/0KRCqxz2uDtT0mlA","112-5665832-2865833","2019-10-28T15:41:52.343Z","1","USD","Completed","Final","Customer return","0"
"Amazon.com","oTGZXxKxR6aD12b2bTtDww","111-5492184-4424242","2019-10-28T15:41:22.266Z","1","USD","Completed","Final","Customer return","0"
"Amazon.com","kg38Xu2dRLycNyg3vpEk2g","111-5477771-5231449","2019-10-28T15:41:07.267Z","1","USD","Completed","Final","Customer return","0"
"Amazon.com","YHb/Z0+VSSuq69EjBQYKTQ","111-3336860-6333859","2019-10-28T15:40:10.379Z","1","USD","Completed","Final","Customer return","0"
"Amazon.com","9O8FH/bMQlOye7/Tik7yAg","111-2412321-6657835","2019-10-28T15:39:20.248Z","1","USD","Completed","Final","Customer return","0"
"Amazon.com","WEBB3VjDRV+nRZFGX+ftHw","111-1256541-7150605","2019-10-28T15:37:42.041Z","1","USD","Completed","Final","Customer return","0"
"Amazon.com","rg8AzjxNRyumj74O+qgBzQ","111-1256541-7150605","2019-10-28T15:37:29.598Z","1","USD","Completed","Final","Customer return","0"
"Amazon.com","GBywYnoqRWKmcm1eAOMxHQ","114-9305305-2046650","2019-10-17T15:49:10.404Z","1","USD","Completed","Final","Customer return","0"
"Amazon.com","ZHVHG09ISSGCWEMxQb44Gw","112-1778280-3823427","2019-10-15T05:05:13.836Z","1","USD","Completed","Final","Customer return","0"
"Amazon.com","IZAkVUUCQUOZNWkUdCFWqA","114-8594189-7155439","2019-08-30T15:53:12.018Z","1","USD","Completed","Final","Customer return","0"
"Amazon.com","4WbB81NGQ7iWICgMz9Lv1g","114-3944618-0386649","2019-08-29T02:29:03.395Z","1","USD","Completed","Final","Customer return","0"
"Amazon.com","05/FlXmCT6C5KpA2s0tvPw","114-9983448-5845801","2019-08-26T15:36:44.779Z","1","USD","Completed","Final","Customer return","0"
"Amazon.com","444OPN3mSeKBVyuJvEtHXg","114-6879390-9690621","2019-08-23T06:07:19.199Z","1","USD","Completed","Final","Customer return","0"
"Amazon.com","Ha8M1o83TD64Em/c+pH6jg","114-1846757-1853037","2019-08-17T21:30:47.356Z","1","USD","Completed","Final","Customer return","0"
"Amazon.com","Xzby2bkXRiyLLqQeSHNeUQ","114-8052476-7953805","2019-08-15T22:13:30.871Z","1","USD","Completed","Final","Customer return","0"
"Amazon.com","HJd0ClVCT9iRfsHjdWzszw","114-0927643-2097811","2019-08-15T21:46:49.565Z","1","USD","Completed","Final","Customer return","0"
"Amazon.com","cxL1fTafQfmXrUhEa0RvgA","114-8052476-7953805","2019-08-15T21:46:49.518Z","1","USD","Completed","Final","Customer return","0"
"Amazon.com","7IWVuaztRi6K+7hSJ5myMA","114-4920665-7296267","2019-08-15T21:45:14.992Z","2","USD","Completed","Final","Customer return","0"
"Amazon.com","7IWVuaztRi6K+7hSJ5myMA","114-4920665-7296267","2019-08-15T21:45:14.992Z","2","USD","Completed","Final","Customer return","0"
"Amazon.com","OWVnzW/GThum+Yv9+F8OhA","114-9263017-8457030","2019-08-15T21:44:22.846Z","1","USD","Completed","Final","Customer return","0"
"Amazon.com","dYQn37R0QzGXf1ntxTvofw","114-8608328-5945832","2019-08-14T16:07:51.154Z","1","USD","Completed","Final","Customer return","0"
"Amazon.com","Lji7a037S2y3hHMTHUB3dA","114-6292017-6519427","2019-08-12T17:46:41.740Z","2","USD","Completed","Final","Customer return","0"
"Amazon.com","Lji7a037S2y3hHMTHUB3dA","114-6292017-6519427","2019-08-12T17:46:41.740Z","2","USD","Completed","Final","Customer return","0"
"Amazon.com","h9tQz3HwTcmCWk06XVcgjA","114-4358876-6012244","2019-08-12T17:46:32.728Z","1","USD","Completed","Final","Customer return","0"
"Amazon.com","F98hqI++R+eOt/b0g1+A+w","114-9263017-8457030","2019-08-12T17:46:31.534Z","1","USD","Completed","Final","Customer return","0"
"Amazon.com","y2gZ3HeUT2K6SWtcUJMrqg","114-3944618-0386649","2019-08-12T17:41:44.801Z","1","USD","Completed","Final","Customer return","0"
"Amazon.com","bBH/gSDgTSCExvbTbdjJtg","114-4920665-7296267","2019-08-12T17:41:43.874Z","1","USD","Completed","Final","Customer return","0"
"Amazon.com","KHQgR3UKQa6x5TG4kxPfAQ","114-6292017-6519427","2019-08-12T17:41:43.599Z","1","USD","Completed","Final","Customer return","0"
"Amazon.com","3QMNhIYQSFKOt5YCa7pm7w","114-0622046-3833023","2019-08-12T17:41:43.583Z","1","USD","Completed","Final","Customer return","0"
"Amazon.com","36eEqYg2STmpfU6a54v3cg","114-3944618-0386649","2019-08-12T17:24:46.067Z","1","USD","Completed","Final","Customer return","0"
"Amazon.com","jF4hI5fMQICKMH75k9Ji/w","114-4358876-6012244","2019-08-12T17:24:44.830Z","1","USD","Completed","Final","Customer return","0"
"Amazon.com","cO7UEmS2R3GugTIlvYWh3w","114-3069694-9919416","2019-08-12T17:24:43.542Z","1","USD","Completed","Final","Customer return","0"
"Amazon.com","atIdet7PRiatNSc10UhhTA","114-3814928-3399429","2019-08-12T17:21:23.989Z","3","USD","Completed","Final","Customer return","0"
"Amazon.com","atIdet7PRiatNSc10UhhTA","114-3814928-3399429","2019-08-12T17:21:23.989Z","3","USD","Completed","Final","Customer return","0"
"Amazon.com","atIdet7PRiatNSc10UhhTA","114-3814928-3399429","2019-08-12T17:21:23.989Z","3","USD","Completed","Final","Customer return","0"
"Amazon.com","WDda7fveTEalasNJSEZ/yA","114-2658042-2621851","2019-08-12T17:21:21.195Z","4","USD","Completed","Final","Customer return","0"
"Amazon.com","WDda7fveTEalasNJSEZ/yA","114-2658042-2621851","2019-08-12T17:21:21.195Z","4","USD","Completed","Final","Customer return","0"
"Amazon.com","WDda7fveTEalasNJSEZ/yA","114-2658042-2621851","2019-08-12T17:21:21.195Z","4","USD","Completed","Final","Customer return","0"
"Amazon.com","WDda7fveTEalasNJSEZ/yA","114-2658042-2621851","2019-08-12T17:21:21.195Z","4","USD","Completed","Final","Customer return","0"
"Amazon.com","3lM8gI3kQNK4YUSek6VxyQ","114-0782849-5348251","2019-08-12T17:21:20.832Z","1","USD","Completed","Final","Customer return","0"
"Amazon.com","3lM8gI3kQNK4YUSek6VxyQ","114-0782849-5348251","2019-08-12T17:21:20.832Z","1","USD","Completed","Final","Customer return","0"
"Amazon.com","nMfRP4NFRomU3ojEY53gFA","111-9616809-4217007","2019-08-08T15:19:15.733Z","1","USD","Completed","Final","Shipping address is undeliverable","0"
"Amazon.com","ZehgynR9RmaxWZWkMcNqhA","114-6062003-4685018","2019-08-07T19:19:48.149Z","1","USD","Completed","Final","Customer return","0"
"Amazon.com","/s+lSEjaTsiWXPQ3bsteQg","114-9617827-0969855","2019-08-06T01:38:00.175Z","1","USD","Completed","Final","Account adjustment","0"
"Amazon.com","kAQ5VzCnRTmxDH7Rs4HHHQ","114-3476361-9195435","2019-08-03T01:23:48.526Z","1","USD","Completed","Final","Customer return","0"
"Amazon.com","YCZj4WTaSgOB5YaPH5zCrg","114-7994448-4572261","2019-08-02T16:34:08.125Z","1","USD","Completed","Final","Customer return","0"
"Amazon.com","YRwxA6DtT4S1X+Q+Ab8kkA","114-2676769-9796239","2019-08-02T16:22:27.385Z","1","USD","Completed","Final","Item not satisfactory","0"
"Amazon.com","kcJEAQbtQuadL1cHan5QpQ","114-0837298-0039450","2019-08-01T10:14:50.987Z","1","USD","Completed","Final","Account adjustment","0"
"Amazon.com","IsmtvllUQ4yXUetWA2kriA","114-9214902-2712230","2019-07-31T02:36:43.420Z","1","USD","Completed","Final","Account adjustment","0"
"Amazon.com","vUXBAky7TuqWtWAsmgxvmg","114-6973310-7031464","2019-07-30T06:05:42.934Z","1","USD","Completed","Final","Customer return","0"
"Amazon.com","4aB9bOtFQzqd5iIIxzbgMA","114-1846757-1853037","2019-07-30T01:37:17.922Z","1","USD","Completed","Final","Customer return","0"
"Amazon.com","yodAEEWNRHClCuOaL55x8g","114-1846757-1853037","2019-07-30T01:34:28.501Z","1","USD","Completed","Final","Customer return","0"
"Amazon.com","sJW7CZmLTgSpyhPaSJEydA","114-1360847-2821033","2019-07-30T01:18:08.847Z","1","USD","Completed","Final","Customer return","0"
"Amazon.com","HT83qSJ6SVqfgdzdMJ+Rlg","114-7610245-5868263","2019-07-29T22:14:26.707Z","1","USD","Completed","Final","Customer return","0"
"Amazon.com","74h5CL4fS6usq2UXfpUjGQ","114-3814928-3399429","2019-07-29T22:06:02.549Z","1","USD","Completed","Final","Customer return","0"
"Amazon.com","6d9bUkywQ4Snh4RQ+V+gTQ","112-4242818-5885804","2019-07-29T21:47:55.475Z","1","USD","Completed","Final","Customer return","0"
"Amazon.com","'+QjXZkcnTNK2AU1Xs6/yjg'","114-7610245-5868263","2019-07-29T21:47:45.299Z","1","USD","Completed","Final","Customer return","0"
"Amazon.com","5Nwk2rkcSP6uVerbPo5gXQ","114-3814928-3399429","2019-07-25T17:07:55.043Z","1","USD","Completed","Final","Customer return","0"
"Amazon.com","Fn2/2CcFTfSzVm3hfj50Nw","112-2837772-7060213","2019-07-25T17:07:38.917Z","1","USD","Completed","Final","Customer return","0"
"Amazon.com","Kpp6tYhETUeJFtXmOdjr1Q","114-1846757-1853037","2019-07-25T17:03:38.604Z","1","USD","Completed","Final","Customer return","0"
"Amazon.com","fVl20FXnS12rhMWljeQ+Rg","114-2209705-8336240","2019-07-24T01:36:50.752Z","1","USD","Completed","Final","Customer return","0"
"Amazon.com","MEfhhhs1RXSIM7KCGbtFPw","114-3814928-3399429","2019-07-24T01:34:24.677Z","1","USD","Completed","Final","Customer return","0"
"Amazon.com","NB2FVBwzSImuDgG8OOO4Pw","114-3814928-3399429","2019-07-24T01:34:20.245Z","2","USD","Completed","Final","Customer return","0"
"Amazon.com","NB2FVBwzSImuDgG8OOO4Pw","114-3814928-3399429","2019-07-24T01:34:20.245Z","2","USD","Completed","Final","Customer return","0"
"Amazon.com","2E26F4jhTe+IrS5SLPTNEQ","114-0090413-3515464","2019-07-24T01:34:17.658Z","1","USD","Completed","Final","Customer return","0"
"Amazon.com","SXEXSiNTRkO8WqKd0GuWtg","114-2299648-4256235","2019-07-24T01:34:17.492Z","1","USD","Completed","Final","Customer return","0"
"Amazon.com","fRG1PWEoSpGcJ0nbJhWGYw","114-9806915-1934653","2019-07-24T01:30:25.506Z","1","USD","Completed","Final","Customer return","0"
"Amazon.com","rV/RF4baS7eItkU8XjgX8g","114-1232244-4330615","2019-07-19T21:38:48.867Z","1","USD","Completed","Final","Customer return","0"
"Amazon.com","Zg//MURaQiuy/XAmt/EJqg","114-1434242-6846666","2019-07-19T21:38:09.697Z","1","USD","Completed","Final","Customer return","0"
"Amazon.com","CwkF2MOnT9KfffQZMVX+Ww","114-6926272-5576229","2019-07-19T21:37:33.288Z","1","USD","Completed","Final","Customer return","0"
"Amazon.com","IKZGky2IRaOJURKHttqPpg","114-7892093-3293006","2019-07-19T21:37:10.812Z","1","USD","Completed","Final","Customer return","0"
"Amazon.com","QO0zNpBKQu6gde6Zmbk4vQ","114-6926272-5576229","2019-07-19T21:36:00.758Z","1","USD","Completed","Final","Customer return","0"
"Amazon.com","HwpvXIZqTDK9PyzZPrHa8g","114-5346678-6092244","2019-07-19T21:32:46.048Z","1","USD","Completed","Final","Customer return","0"
"Amazon.com","fEjKNgSlRWOp1VTfM5qzkQ","114-3663530-3214610","2019-07-19T21:31:09.361Z","1","USD","Completed","Final","Customer return","0"
"Amazon.com","qCvsgWprToG1IZDR+rNq3w","114-6990567-6835437","2019-07-19T21:30:33.626Z","4","USD","Completed","Final","Customer return","0"
"Amazon.com","qCvsgWprToG1IZDR+rNq3w","114-6990567-6835437","2019-07-19T21:30:33.626Z","4","USD","Completed","Final","Customer return","0"
"Amazon.com","qCvsgWprToG1IZDR+rNq3w","114-6990567-6835437","2019-07-19T21:30:33.626Z","4","USD","Completed","Final","Customer return","0"
"Amazon.com","qCvsgWprToG1IZDR+rNq3w","114-6990567-6835437","2019-07-19T21:30:33.626Z","4","USD","Completed","Final","Customer return","0"
"Amazon.com","nZKvyy0NSeyCL/ihueP3jA","114-2209705-8336240","2019-07-19T16:42:51.308Z","1","USD","Completed","Final","Customer return","0"
"Amazon.com","CGgcijPTSdWz5VUCKi1iKg","114-6639080-3048203","2019-07-18T16:39:48.323Z","1","USD","Completed","Final","Customer return","0"
"Amazon.com","CGgcijPTSdWz5VUCKi1iKg","114-6639080-3048203","2019-07-18T16:39:48.323Z","1","USD","Completed","Final","Customer return","0"
"Amazon.com","yoXrUCztRuePD1qsSwku9w","114-9806868-8453803","2019-07-18T16:39:48.155Z","1","USD","Completed","Final","Customer return","0"
"Amazon.com","lakWbhJyQFGhKRw9md2aew","114-0293229-1201037","2019-07-18T16:39:47.952Z","1","USD","Completed","Final","Customer return","0"
"Amazon.com","ZIdJDb8PQFqMagc74bBHOQ","114-8724373-9636262","2019-07-18T16:39:47.898Z","1","USD","Completed","Final","Customer return","0"
"Amazon.com","'+yeey5x9Swqy0eQVzzqs/A'","114-1481315-7300247","2019-07-18T16:39:47.872Z","1","USD","Completed","Final","Customer return","0"
"Amazon.com","alB5BWvlTIKswPZdHFkhkw","114-5390695-5804264","2019-07-18T16:39:47.531Z","1","USD","Completed","Final","Customer return","0"
"Amazon.com","KTRsiWXxT5iAKWnxKdxgmA","114-4684448-8805816","2019-07-18T16:39:47.478Z","1","USD","Completed","Final","Customer return","0"
"Amazon.com","xoFgS6eXTWuDOh0XaRF+HQ","114-0486708-1046602","2019-07-18T16:39:47.428Z","1","USD","Completed","Final","Customer return","0"
"Amazon.com","mzflWBF2Tielb1/DN8p2hw","114-0964910-0429045","2019-07-18T16:39:47.391Z","1","USD","Completed","Final","Customer return","0"
"Amazon.com","fGXrBp53QzeyWOaJUlrRPw","114-0940524-8857815","2019-07-18T16:39:47.359Z","1","USD","Completed","Final","Customer return","0"
"Amazon.com","H1EI88t3SG6Un9QVPoNrig","114-4519026-3257058","2019-07-18T16:39:47.322Z","1","USD","Completed","Final","Customer return","0"
"Amazon.com","FmmDN7zAQMK4t8YJQCdyVg","114-2041806-6201812","2019-07-17T20:11:20.989Z","1","USD","Completed","Final","Customer return","0"
"Amazon.com","'+sFHDpvESoOrjLG5pfSqVw'","114-1134555-8629067","2019-07-17T20:10:13.907Z","1","USD","Completed","Final","Customer return","0"
"Amazon.com","vshzfe0dQ/aO70bW/XeNTg","114-2209705-8336240","2019-07-17T20:05:56.014Z","2","USD","Completed","Final","Customer return","0"
"Amazon.com","vshzfe0dQ/aO70bW/XeNTg","114-2209705-8336240","2019-07-17T20:05:56.014Z","2","USD","Completed","Final","Customer return","0"
"Amazon.com","w3PaPgixQMW21yWOjeCv+w","114-0293229-1201037","2019-07-17T20:05:55.694Z","1","USD","Completed","Final","Customer return","0"
"Amazon.com","NjUlEMOzQCyTc7eCm5eeHA","114-2041806-6201812","2019-07-17T20:05:55.685Z","1","USD","Completed","Final","Customer return","0"
"Amazon.com","Ze+gI7F8TLu0QDr1RsuikQ","114-1419363-3049031","2019-07-17T20:05:55.580Z","1","USD","Completed","Final","Customer return","0"
"Amazon.com","SByRa/97SOaLePQYGJ8VoA","113-4633052-3701854","2019-07-08T19:29:41.192Z","1","USD","Completed","Final","Customer return","0"
"Amazon.com","G7kF9BAKTgiSoYzAgpsqPQ","113-4633052-3701854","2019-06-29T17:51:27.675Z","1","USD","Completed","Final","Customer return","0"
"Amazon.com","91QyPJoST6eAy+D8r4Ygrw","114-5002935-4473867","2019-06-16T01:09:57.505Z","1","USD","Completed","Final","Order cancelled","0"
"Amazon.com","IAa4Cp9+SbOojJhgf4xQaA","112-1763189-4601035","2019-06-04T23:53:42.441Z","1","USD","Completed","Final","Customer return","0"
"Amazon.com","3GE/KbVzT0eDR39lC4ydgw","114-8805511-7905007","2019-05-29T03:45:31.182Z","1","USD","Completed","Final","Item not received","0"
"Amazon.com","YTSxB2S4SwybHTcohgz7xw","111-1171559-2809840","2019-04-20T19:49:13.584Z","1","USD","Completed","Final","Customer return","0"
"Amazon.com","IViTDM70RhCBRBxGMoRbPg","111-9958185-7733815","2019-01-04T13:02:16.517Z","1","USD","Completed","Final","Item billing error","0"
"Amazon.com","IzIwBYz6RN6oKoTQAu3QGw","112-0244442-8789806","2018-11-15T06:17:49.575Z","1","USD","Completed","Final","Customer return","0"
"Amazon.com","wWUcTsqHSlm5AtHz9DWN9w","111-9958185-7733815","2018-09-28T22:43:39.036Z","1","USD","Completed","Final","Customer return","0"
"Amazon.com","cgcTTBqmRxOLukJQI1G/sA","111-1381848-8225866","2018-09-28T22:43:36.804Z","1","USD","Completed","Final","Customer return","0"
"Amazon.com","ikQ1mSV/Q5C+dP4pagOkcA","111-9958185-7733815","2018-09-28T22:43:36.149Z","1","USD","Completed","Final","Customer return","0"
"Amazon.com","HYWcBSTZRxiPHKoYsbGhIw","114-5181948-0773831","2018-08-15T22:02:01.033Z","1","USD","Completed","Final","Customer return","0"
"Amazon.com","q7sKmVTjTwGxp9Do8Ffu5A","114-7010595-2442660","2018-08-02T04:28:13.648Z","1","USD","Completed","Final","Customer return","0"
"Amazon.com","GjenNKK9Tn6NfeWWoMjWDw","114-1938781-5678636","2018-08-02T04:26:27.946Z","1","USD","Completed","Final","Customer return","0"
"Amazon.com","u+pkmR+QRoy+OMc0TQEXWw","114-9044376-2957034","2018-07-09T21:14:00.229Z","1","USD","Completed","Final","Account adjustment","0"
"Amazon.com","UExpw52TTBmgrP6KCpo7Iw","114-2225300-6783410","2018-07-09T04:56:46.667Z","1","USD","Completed","Final","Customer return","0"
"Amazon.com","Hh+3p5fFQaadJuQmRkggRw","113-1708885-7953804","2018-05-15T17:34:37Z","1","USD","Completed","Final","Customer return","0"
"Amazon.com","8dP7AwBeS/eBJX/HYVLaSA","112-2868033-2058601","2018-04-28T01:42:08Z","1","USD","Completed","Final","Customer return","0"
"Amazon.com","0IA/DYUwTkuB5ZxKz9NQtg","113-8345583-1990659","2018-04-25T16:09:54Z","1","USD","Completed","Final","Customer return","0"
"Amazon.com","0IA/DYUwTkuB5ZxKz9NQtg","113-8345583-1990659","2018-04-25T16:09:54Z","1","USD","Completed","Final","Customer return","0"
"Amazon.com","CQaXelpCQRm6a4IMWVHcUw","113-8345583-1990659","2018-04-25T16:09:25Z","1","USD","Completed","Final","Customer return","0"
"Amazon.com","CQaXelpCQRm6a4IMWVHcUw","113-8345583-1990659","2018-04-25T16:09:25Z","1","USD","Completed","Final","Customer return","0"
"Amazon.com","diB40XasQYq8VKkv2aVxLQ","113-0998509-4469839","2018-02-26T22:55:31Z","1","USD","Completed","Final","Customer return","0"
"Amazon.com","JqLTWk7ESsOMokiKsY0p4Q","112-8095774-1589028","2018-02-03T08:44:39Z","1","USD","Completed","Final","Customer return","0"
"Amazon.com","cFJI+2H7Tz6JjmLZRTDLtQ","112-8095774-1589028","2018-02-02T22:03:41Z","1","USD","Completed","Final","Customer return","0"
"Amazon.com","AY1TV84aQjyfCFRZ06LEBA","114-7709588-4172227","2018-01-30T17:29:53Z","1","USD","Completed","Final","Customer return","0"
"Amazon.com","QsFDMB8ASMSslCNYKv/X/w","114-5714342-0857031","2018-01-30T17:29:37Z","1","USD","Completed","Final","Customer return","0"
"Amazon.com","EegkFnLFSHq0wCqs51IHDg","114-3058902-8776229","2018-01-30T17:29:35Z","1","USD","Completed","Final","Customer return","0"
"Amazon.com","TKTohLzASAWGiowRmDKolw","114-4699018-2131407","2018-01-30T17:28:21Z","1","USD","Completed","Final","Customer return","0"
"Amazon.com","lOSie8lkTm++Z2iQqpOZNA","114-4834556-9761825","2018-01-30T17:22:11Z","1","USD","Completed","Final","Customer return","0"
"Amazon.com","a9M9YSM0T3u99Mf6JsiASg","114-0753195-9724251","2017-12-27T20:49:27Z","1","USD","Completed","Final","Customer return","0"
"Amazon.com","B+NeYwL3SQW8Iyvx3ORN0Q","114-4699018-2131407","2017-12-27T20:49:27Z","1","USD","Completed","Final","Customer return","0"
"Amazon.com","B+NeYwL3SQW8Iyvx3ORN0Q","114-4699018-2131407","2017-12-27T20:49:27Z","1","USD","Completed","Final","Customer return","0"
"Amazon.com","EHLCRmgKQsyIT3DNTJwQiQ","114-8305900-3359406","2017-12-25T02:57:38Z","1","USD","Completed","Final","Item not satisfactory","0"
"Amazon.com","4EYXQgeaSNCc+2A3Lben+g","114-0812780-3282632","2017-12-23T23:59:09Z","1","USD","Completed","Final","Item not received","0"
"Amazon.com","W/pFG1BMT1aYvEE2dUiOlg","114-9071408-5716255","2017-12-22T05:24:41Z","1","USD","Completed","Final","Customer return","0"
"Amazon.com","2kFW7OuFQQCbKa/3BY/dfA","114-0881759-6072226","2017-12-22T05:24:41Z","1","USD","Completed","Final","Customer return","0"
"Amazon.com","Ru+GHZdIRPKw8mgvoSPXcA","114-0693541-9743457","2017-12-22T05:24:27Z","1","USD","Completed","Final","Customer return","0"
"Amazon.com","Ru+GHZdIRPKw8mgvoSPXcA","114-0693541-9743457","2017-12-22T05:24:27Z","1","USD","Completed","Final","Customer return","0"
"Amazon.com","ZzCv1iOrTWyqm4x3HZOSpQ","114-6976211-8841800","2017-12-21T19:19:31Z","1","USD","Completed","Final","Customer return","0"
"Amazon.com","2CcPomI8RL2qm9hN0jHDOw","114-7709588-4172227","2017-12-21T19:11:31Z","1","USD","Completed","Final","Customer return","0"
"Amazon.com","q5HnEfFFRSyKOvxhb9Fp9g","114-2925725-2219437","2017-12-21T19:11:28Z","1","USD","Completed","Final","Customer return","0"
"Amazon.com","6UKOPyhZQNq2aUexvjLsSw","114-7709588-4172227","2017-12-21T19:11:28Z","1","USD","Completed","Final","Customer return","0"
"Amazon.com","20z5fng0SViHTPpY7FpwgA","114-0881759-6072226","2017-12-21T18:59:06Z","1","USD","Completed","Final","Customer return","0"
"Amazon.com","7aEB0uWpTeiyA7VJ8gBsxg","114-9071408-5716255","2017-12-21T18:59:03Z","1","USD","Completed","Final","Customer return","0"
"Amazon.com","HwnseSMGSbqOXzaUEaUx1g","114-0881759-6072226","2017-12-21T18:59:03Z","1","USD","Completed","Final","Customer return","0"
"Amazon.com","3Sib+8JIQB+XfYuABUD5Aw","113-4390595-2494655","2017-12-21T18:59:02Z","1","USD","Completed","Final","Customer return","0"
"Amazon.com","234SJNxKSDat6xzOMLehsA","112-0485977-5057024","2017-12-15T21:13:52Z","1","USD","Completed","Final","Customer return","0"
"Amazon.com","J4AH1l/2TqipK9aMkoFdnw","114-6879390-9690621","2017-12-14T07:33:54Z","1","USD","Completed","Final","Item not satisfactory","0"
"Amazon.com","UHiwK6eTTMiTldLJC9RgEg","112-0784871-7154606","2017-12-13T22:34:52Z","1","USD","Completed","Final","Customer return","0"
"Amazon.com","'+F+JhDztTZ+2qwqGWco4kw'","112-8182849-2008206","2017-12-11T03:58:43Z","1","USD","Completed","Final","Account adjustment","0"
"Amazon.com","5zZrj/u9Sb6lSIQC1FnKxQ","112-9710811-4926606","2017-12-02T09:09:41Z","1","USD","Completed","Final","Customer return","0"
"Amazon.com","XLUoRopkT0OUx7P6IEbJkw","112-5267881-8305867","2017-11-28T06:39:21Z","1","USD","Completed","Final","Account adjustment","0"
"Amazon.com","Iq4IZ5WpQ72VoXmy9AMgXw","114-9645664-5825008","2017-11-09T11:17:12Z","1","USD","Completed","Final","Customer return","0"
"Amazon.com","8pML23fdR4OuKroMQCIlrQ","114-5642801-0747458","2017-11-07T11:50:33Z","1","USD","Completed","Final","Account adjustment","0"
"Amazon.com","hEBzxmPkQ4agWQXwVm20eA","114-4279074-7320245","2017-10-21T23:04:55Z","1","USD","Completed","Final","Customer return","0"
"Amazon.com","i5Sa/ojLTFe7DgxjaoK5eQ","114-8517695-1156229","2017-10-06T17:31:08Z","1","USD","Completed","Final","Customer return","0"
"Amazon.com","wkg5dRd2S8uL5Z50VMcVJw","114-7576631-4873810","2017-10-06T17:31:07Z","1","USD","Completed","Final","Customer return","0"
"Amazon.com","/SbnO3IFQxeIcB88MizYiQ","114-1007463-1041018","2017-09-25T13:35:34Z","1","USD","Completed","Final","Customer return","0"
"Amazon.com","2YeBuTPXQNOMTeJwB7dG6A","114-2448054-7522661","2017-08-23T04:50:57Z","1","USD","Completed","Final","Item shipped late","0"
"Amazon.com","H0M+cK6qTB6PYIShgX/rJQ","114-7876400-2881824","2017-08-18T10:28:10Z","1","USD","Completed","Final","Customer return","0"
"Amazon.com","8QGnkk46QZmQ6qYrGAK1ig","114-3893013-6864219","2017-08-17T14:38:13Z","1","USD","Completed","Final","Customer return","0"
"Amazon.com","8QGnkk46QZmQ6qYrGAK1ig","114-3893013-6864219","2017-08-17T14:38:13Z","1","USD","Completed","Final","Customer return","0"
"Amazon.com","onkwjiVVTpC6Wmx7BqaQZA","114-1687301-1521008","2017-06-15T17:37:40Z","1","USD","Completed","Final","Customer return","0"
"Amazon.com","3Y7NVg44SeelCQe7pOtjdQ","114-3613078-1887421","2017-06-15T17:36:26Z","1","USD","Completed","Final","Customer return","0"
"Amazon.com","D6Toj8LsSGeuvqJBG6iTqQ","114-1687301-1521008","2017-06-15T17:29:36Z","1","USD","Completed","Final","Customer return","0"
"Amazon.com","NgBvcBh7S9CpALIwx4/oMA","114-0551456-5058614","2017-06-09T18:31:57Z","1","USD","Completed","Final","Customer return","0"
"Amazon.com","I+rBybpcTw+c4Vspe1jBdQ","114-9401320-9021831","2017-05-13T00:09:38Z","1","USD","Completed","Final","Customer return","0"
"Amazon.com","mesq+jinQR+yXZGaC/Nf/A","116-1099713-9125841","2017-03-17T15:04:50Z","1","USD","Completed","Final","Customer return","0"
"Amazon.com","jCOsC817QyqAl8zfevOc3Q","107-5688348-3363415","2017-02-25T20:18:04Z","1","USD","Completed","Final","Customer return","0"
"Amazon.com","5kcp5k5STNql58JqWQpvsw","107-1257285-8309869","2017-02-25T20:18:04Z","1","USD","Completed","Final","Customer return","0"
"Amazon.com","xyRNsvePSCSp/Ck+9iazDw","107-3744014-3886641","2017-02-25T20:18:04Z","1","USD","Completed","Final","Customer return","0"
"Amazon.com","hS89XzpGS9OW1fwnPdiQsw","002-0040130-9809009","2017-02-21T18:20:14Z","1","USD","Completed","Final","Item not satisfactory","0"
"Amazon.com","DSfw6XdzQii/BFtzA9+6wg","112-8949816-4284207","2016-12-29T21:49:17Z","1","USD","Completed","Final","Customer return","0"
"Amazon.com","GuWMvWYHTJi4gjMgYyC12w","112-9179542-5989864","2016-12-08T18:40:19Z","1","USD","Completed","Final","Customer return","0"
"Amazon.com","tImO1IaRTU2MWHlwrDQiMA","112-9179542-5989864","2016-12-08T18:38:19Z","1","USD","Completed","Final","Customer return","0"
"Amazon.com","HvIZWAvIRy6xLHNMqZe9UA","112-9711611-8211413","2016-12-06T03:07:31Z","1","USD","Completed","Final","Item not satisfactory","0"
"Amazon.com","2QzhUDyYSX+JekRzCJW1yg","115-9798705-5625013","2016-08-10T07:15:06Z","1","USD","Completed","Final","Customer return","0"
"Amazon.com","cYSY526zTF2bygaisJXThw","105-8246370-2444253","2016-08-05T23:44:20Z","1","USD","Completed","Final","Customer return","0"
"Amazon.com","atNyQc9oTN2y7hIVJLqkYQ","105-5577048-2672251","2016-07-08T18:24:28Z","1","USD","Completed","Final","Customer return","0"
"Amazon.com","hqkPrs8pTte3elczH/MxZg","105-0412695-3147453","2016-07-02T19:25:25Z","1","USD","Completed","Final","Customer return","0"
"Amazon.com","tmUlCNaCSB6AcLjVPhViHw","105-7433625-8750638","2016-07-02T19:19:59Z","1","USD","Completed","Final","Customer return","0"
"Amazon.com","XYkfAi3kTEOyu37sDRonYw","102-2717620-9293864","2016-06-11T15:39:37Z","1","USD","Completed","Final","Customer return","0"
"Amazon.com","/aZjJSGPSH2bsm1XkT0ikw","102-0300775-3092205","2016-06-11T15:39:36Z","1","USD","Completed","Final","Customer return","0"
"Amazon.com","HnkVZ8Q7QXe4U7lys4mAnQ","113-6356069-2460239","2016-02-24T22:49:39Z","1","USD","Completed","Final","Customer return","0"
"Amazon.com","dfCdQ8WzTFWC3FpPMQzJiw","112-3811801-2549002","2015-12-11T18:09:28Z","1","USD","Completed","Final","Customer return","0"
"Amazon.com","Sd965zT+QmesYSZ+ktH+Cw","106-1239124-5442616","2015-11-19T21:22:48Z","1","USD","Completed","Final","Customer return","0"
"Amazon.com","'+onAbF1CQPmlBlIJFsrg7Q'","103-5320683-0372239","2015-10-01T17:42:34Z","1","USD","Completed","Final","Customer return","0"
"Amazon.com","0JxqBxLWQZWviSAzUCeo9g","106-9985245-3232240","2015-10-01T17:29:01Z","1","USD","Completed","Final","Customer return","0"
"Amazon.com","prawxbF6TGaFb+jq8b7pMg","110-1557779-6802646","2015-06-06T16:40:39Z","1","USD","Completed","Final","Customer return","0"
"Amazon.com","Gyy1LXb9QK+unmbjg0PFlw","105-6598301-1296243","2015-06-05T18:33:05Z","1","USD","Completed","Final","Customer return","0"
"Amazon.com","/Uq3ZhFIT72+LG1+BPpJ9Q","104-5947969-4036262","2015-05-29T12:10:29Z","1","USD","Completed","Final","Customer return","0"
"Amazon.com","jNl5VA/uSCi9KW/stqygWg","103-3098018-8879421","2015-04-09T00:47:25Z","1","USD","Completed","Final","Customer return","0"
"Amazon.com","mHSKTgDcQd2+XSkeRV1elw","103-3726695-2691401","2015-04-09T00:47:02Z","1","USD","Completed","Final","Customer return","0"
"Amazon.com","o1bJjPlTSne2ym0xibC6Qw","110-5195163-1845038","2015-02-16T18:13:39Z","1","USD","Completed","Final","Account adjustment","0"
"Amazon.com","hKZuH+OqTW2kNfxFOVAC5Q","110-5195163-1845038","2015-01-05T18:36:39Z","1","USD","Completed","Final","Customer return","0"
"Amazon.com","yzHJWuVpTLqsbuyIRbTo+Q","110-5195163-1845038","2014-12-27T23:58:21Z","1","USD","Completed","Final","Customer return","0"
"Amazon.com","yzHJWuVpTLqsbuyIRbTo+Q","110-5195163-1845038","2014-12-27T23:58:21Z","1","USD","Completed","Final","Customer return","0"
"Amazon.com","le+LsZ3oQkqvhbI+iBLiHQ","105-6392370-5689861","2014-12-27T23:51:44Z","1","USD","Completed","Final","Customer return","0"
"Amazon.com","LCiliWgiSKKGqnXOml49EQ","105-8205474-6529810","2014-12-27T22:15:48Z","1","USD","Completed","Final","Customer return","0"
"Amazon.com","dLX/GVE2QViFYoD0MAqRqg","105-8270033-3120232","2014-10-06T17:32:52Z","1","USD","Completed","Final","Customer return","0"
"Amazon.com","oDOdjwJrQ4O1YpqniYzm3g","110-0627842-5226631","2014-10-06T17:31:14Z","1","USD","Completed","Final","Customer return","0"
"Amazon.com","CheNrw88S0GOvWZj07F0sw","105-4623581-6113030","2014-09-19T04:29:56Z","1","USD","Completed","Final","Account adjustment","0"
"Amazon.com","/EZJIv7nQs+42cUql0fzgg","103-9813427-0516237","2014-05-13T13:36:46Z","1","USD","Completed","Final","Customer return","0"
"Amazon.com","E3h3rcwbT2Gs8hN6qo+3bg","103-9612197-6922656","2014-04-15T14:43:16Z","1","USD","Completed","Final","Account adjustment","0"
"Amazon.com","wQi+9UJDTzSgNb2BznGauw","103-9975236-7499465","2014-03-19T16:23:57Z","1","USD","Completed","Final","Item not satisfactory","0"
"Amazon.com","wQi+9UJDTzSgNb2BznGauw","103-9975236-7499465","2014-03-19T16:23:57Z","1","USD","Completed","Final","Item not satisfactory","0"
"Amazon.com","V4TS0E4qTWeqGI9dFHnY2A","103-6229980-1769001","2014-03-10T16:09:05Z","1","USD","Completed","Final","Customer return","0"
"Amazon.com","HyR9WYcZRPqWdici6dPSHw","116-5195472-4596229","2014-03-10T16:08:39Z","1","USD","Completed","Final","Customer return","0"
"Amazon.com","SjHEhHXdQSeV4y7Qu06bLQ","103-8056181-6285823","2014-02-26T00:13:17Z","1","USD","Completed","Final","Customer return","0"
"Amazon.com","ZBxMjD08Txm2/Ee25xqYmw","103-8056181-6285823","2014-02-26T00:13:17Z","1","USD","Completed","Final","Customer return","0"
"Amazon.com","AFd+OnS/Sb+B9xTBzzPL4g","103-9018005-7092226","2014-02-12T20:11:50Z","1","USD","Completed","Final","Item not satisfactory","0"
"Amazon.com","YKZkTb3KRWu296TlVoqhrg","103-2390218-2781802","2014-01-14T14:30:29Z","1","USD","Completed","Final","Shipping address is undeliverable","0"
"Amazon.com","YKZkTb3KRWu296TlVoqhrg","103-2390218-2781802","2014-01-14T14:30:29Z","1","USD","Completed","Final","Shipping address is undeliverable","0"
"Amazon.com","UU43ezmESeGTicNrK3hNUg","103-8485120-3741860","2014-01-08T01:50:53Z","1","USD","Completed","Final","Item arrived late","0"
"Amazon.com","f+gm2CwGQGuCOf/JF0MxIw","103-6938154-0399441","2013-12-31T01:17:52Z","1","USD","Completed","Final","Customer return","0"
"Amazon.com","aqibjjmPR2qWggVb/jjnig","109-9233405-5397009","2013-08-06T07:56:38Z","2","USD","Completed","Final","Shipping address is undeliverable","0"
"Amazon.com","aqibjjmPR2qWggVb/jjnig","109-9233405-5397009","2013-08-06T07:56:38Z","2","USD","Completed","Final","Shipping address is undeliverable","0"
"Amazon.com","zIiUgoywTYGR0zOTrV5ziw","109-1769253-8497006","2012-12-18T05:14:19Z","1","USD","Completed","Final","Customer return","0"
"Amazon.com","0qUNp+6tTDK4izmbQwEUEg","105-6844927-8574606","2012-11-15T21:15:28Z","1","USD","Completed","Final","Customer return","0"
"Amazon.com","ENrCvs+ZQbuc9vLKMdjRnw","002-9409100-9022620","2010-07-09T11:20:54Z","1","USD","Completed","Final","Customer return","0"
"Amazon.com","/vTbHRL6SamBzhkTH7OcvA","102-0022262-2318623","2010-03-27T13:18:49Z","1","USD","Completed","Final","Customer return","0"
