Return Authorization Id,Tracking Id,Return Creation Date,Order Id,Return Ship Option,Carrier Package Id,
DY96gJLnRRMA,DY96gJLnRRMA,2025-01-23T07:28:34Z,114-7811232-3912243,WFMUSDropOff,Not Available,
DpWWC1LqRRMA,1ZC6W6719002911728,2025-01-15T20:26:55Z,111-5760012-3666621,WFMUSDropOff,PBLqM4Qqp9V,
DtQFCHLyRRMA,1ZC6W6719002911719,2025-01-15T18:33:59Z,114-7811232-3912243,WFMUSDropOff,PBLqM4LgGvn,
DtQFCHLyRRMA,1ZC6W6719002911719,2025-01-15T18:33:59Z,114-7811232-3912243,WFMUSDropOff,PBLqM4D7r1s,
DpzsCPLfRRMA,1ZC6W6819001414187,2025-01-15T17:00:22Z,111-6562703-8537852,WFMUSDropOff,PBLqM4JtbZv,
Dr4cptLkRRMA,1Z909F2Y0309225429,2025-01-14T06:45:22Z,114-3382779-5911436,PackageLess_UPSDropOff,AAB84BE4E4C24183BB3CA5B5DF172546,
D446pfLNRRMA,1Z909F2Y0309225429,2025-01-14T06:37:25Z,114-2700911-5975414,PackageLess_UPSDropOff,5B167B9306944AD7ADEC14E24519DD19,
DTyHpbLfRRMA,1ZC6W6719002911728,2025-01-14T06:26:49Z,114-7069176-4152233,WFMUSDropOff,PBLqM475MDm,
DTyHpbLfRRMA,1ZC6W6719002911728,2025-01-14T06:26:49Z,114-7069176-4152233,WFMUSDropOff,PBLqM4WgRBn,
DTyHpbLfRRMA,1ZC6W6719002911728,2025-01-14T06:26:49Z,114-7069176-4152233,WFMUSDropOff,PBLqM4xRmRv,
DTyHpbLfRRMA,1ZC6W6719002911728,2025-01-14T06:26:49Z,114-7069176-4152233,WFMUSDropOff,PBLqM4jsc7n,
DTyHpbLfRRMA,1ZC6W6719002911728,2025-01-14T06:26:49Z,114-7069176-4152233,WFMUSDropOff,PBLqM4WfK51,
DTyHpbLfRRMA,1ZC6W6719002911728,2025-01-14T06:26:49Z,114-7069176-4152233,WFMUSDropOff,PBLqM4GRS9m,
DTyHpbLfRRMA,1ZC6W6719002911728,2025-01-14T06:26:49Z,114-7069176-4152233,WFMUSDropOff,PBLqM41ZYrY,
DTyHpbLfRRMA,1ZC6W6719002911728,2025-01-14T06:26:49Z,114-7069176-4152233,WFMUSDropOff,PBLqM44MBm7,
DTyHpbLfRRMA,1ZC6W6719002911728,2025-01-14T06:26:49Z,114-7069176-4152233,WFMUSDropOff,PBLqM4bYDZV,
DTyHpbLfRRMA,1ZC6W6719002911728,2025-01-14T06:26:49Z,114-7069176-4152233,WFMUSDropOff,PBLqM4vRLSr,
DTyHpbLfRRMA,1ZC6W6719002911728,2025-01-14T06:26:49Z,114-7069176-4152233,WFMUSDropOff,PBLqM4jbB5n,
Dp7gMSLLRRMA,1ZC6W6719001090644,2024-12-08T02:15:44Z,114-2217064-3528210,WFMUSDropOff,PBLNK4zN46h,
Dp7gMSLLRRMA,1ZC6W6719001090644,2024-12-08T02:15:44Z,114-2217064-3528210,WFMUSDropOff,PBLNK4f1CYV,
DK7wMNLQRRMA,1ZC6W6719001090644,2024-12-08T02:13:10Z,114-2217064-3528210,WFMUSDropOff,PBLNK4lTK3t,
DK7wMNLQRRMA,1ZC6W6719001090644,2024-12-08T02:13:10Z,114-2217064-3528210,WFMUSDropOff,PBLNK4DMptt,
DQ7mMhLVRRMA,DQ7mMhLVRRMA,2024-12-08T02:07:26Z,114-0490949-1612238,WFMUSDropOff,Not Available,
Dr7sMqLFRRMA,1ZC6W6719001090671,2024-12-08T02:04:38Z,114-0099174-3024260,WFMUSDropOff,PBLNK4J1LD3,
D5VnMJLYRRMA,1ZC6W6719001090671,2024-12-07T20:35:43Z,112-6564276-8989835,WFMUSDropOff,PBLNK4z4Mmx,
DkVTMfLBRRMA,1ZC6W6819001249259,2024-12-07T20:33:33Z,112-4139043-8937836,WFMUSDropOff,PBLNK4WLKRq,
DvR276LBRRMA,1ZC6W6719001159642,2024-11-29T21:32:54Z,111-8265233-0044246,WFMUSDropOff,PBLNK4GRHxQ,
DvR276LBRRMA,1ZC6W6719001159642,2024-11-29T21:32:54Z,111-8265233-0044246,WFMUSDropOff,PBLNK45CyLC,
DqR47fLBRRMA,1ZC6W6819001246538,2024-11-29T21:32:54Z,111-8265233-0044246,WFMUSDropOff,PBLNK4PTNN4,
DqR47fLBRRMA,1ZC6W6819001246538,2024-11-29T21:32:54Z,111-8265233-0044246,WFMUSDropOff,PBLNK4Q14XD,
DqR47fLBRRMA,1ZC6W6819001246538,2024-11-29T21:32:54Z,111-8265233-0044246,WFMUSDropOff,PBLNK41SzP5,
DkkvszLDRRMA,1ZC6W6719001159651,2024-11-26T00:08:56Z,111-5794216-3739465,WFMUSDropOff,PBLNK4GvJBf,
DkkvszLDRRMA,1ZC6W6719001159651,2024-11-26T00:08:56Z,111-5794216-3739465,WFMUSDropOff,PBLNK4NC84Z,
DkkvszLDRRMA,1ZC6W6719001159651,2024-11-26T00:08:56Z,111-5794216-3739465,WFMUSDropOff,PBLNK4lgTsc,
DkkvszLDRRMA,1ZC6W6719001159651,2024-11-26T00:08:56Z,111-5794216-3739465,WFMUSDropOff,PBLNK4kJBx5,
DkkvszLDRRMA,1ZC6W6719001159651,2024-11-26T00:08:56Z,111-5794216-3739465,WFMUSDropOff,PBLNK45bdNk,
DrBLQGLwRRMA,1Z4436339006230783,2024-11-23T01:29:15Z,114-6391965-6081835,UPSDropOff,Not Available,
DHYkQqLdRRMA,1Z4436339006221846,2024-11-22T03:35:45Z,114-6391965-6081835,UPSDropOff,Not Available,
DHy92CLRRRMA,1ZC6W6719001099752,2024-11-10T17:35:46Z,114-6116324-6263419,WFMUSDropOff,PBLNK4Vzq6N,
DtFR2lLhRRMA,1ZC6W6719001099752,2024-11-10T17:34:59Z,114-6584182-1894648,WFMUSDropOff,PBLNK4sf6KY,
D8FQ2zLfRRMA,1ZC6W6719001099752,2024-11-10T17:34:04Z,114-3284722-6154655,WFMUSDropOff,PBLNK4DYbMK,
Dq2pykLbRRMA,Dq2pykLbRRMA,2024-10-31T06:04:54Z,114-5914630-3465864,WFMUSDropOff,Not Available,
D22Ky5LbRRMA,1ZC6W6719001647810,2024-10-31T06:04:53Z,114-2023949-6199409,WFMUSDropOff,PBLNK48B5RY,
DK2XymLbRRMA,DK2XymLbRRMA,2024-10-31T06:04:53Z,114-3333985-0183457,WFMUSDropOff,Not Available,
Dp27yfLbRRMA,1ZC6W6719001647810,2024-10-31T06:04:52Z,114-5757124-7024244,WFMUSDropOff,PBLNK4KSMt7,
DK2Ty5LbRRMA,1ZC6W6719001099770,2024-10-31T06:04:51Z,114-5757124-7024244,WFMUSDropOff,PBLNK4pYwTv,
D52ZywLbRRMA,1ZC6W6719001099752,2024-10-31T06:04:50Z,114-2023949-6199409,WFMUSDropOff,PBLNK4qK5rX,
Dv2yy4LbRRMA,Dv2yy4LbRRMA,2024-10-31T06:04:50Z,114-3205096-9649002,WFMUSDropOff,Not Available,
DHCBBMLtRRMA,1ZR9Y4170396700019,2024-10-26T00:31:09Z,111-5303349-1143432,PackageLess_UPSDropOff,CE8836F5A04A46448CD6AA3340E1CBF8,
Dp2djJGKRRMA,1Z909F2Y0327578096,2024-10-01T17:09:12Z,114-1228501-4151453,PackageLess_UPSDropOff,76D6B1134EC640698296C2E239BFB674,
Dp27jRGQRRMA,1Z6E56739038778078,2024-10-01T16:49:19Z,113-1958694-0457006,LabelLess_UPSDropOff,Not Available,
DkW70RG7RRMA,1Z4436339005523692,2024-08-26T00:37:06Z,114-0669266-8401822,UPSDropOff,Not Available,
DhhwGZGdRRMA,1ZC6R6360332330766,2024-08-14T23:43:20Z,113-7812787-0976238,PackageLess_UPSDropOff,3BB80819D87D4FEF97099B7356182D75,
D4hKGFGdRRMA,1ZR7R2010395833206,2024-08-14T23:43:19Z,113-7812787-0976238,PackageLess_UPSDropOff,AB05FBDC014F4DBAAA07F7D90541E71F,
D5hfG7GdRRMA,1Z6E57E29071532520,2024-08-14T23:43:18Z,113-7812787-0976238,LabelLess_UPSDropOff,Not Available,
DxDznBGYRRMA,1ZC6R6360324046740,2024-08-05T16:20:19Z,113-7827997-3532266,PackageLess_UPSDropOff,F688FEB8C07D457A94B4C8134B0BE8AF,
DTDWn3GYRRMA,1ZR7R2010390848263,2024-08-05T16:20:18Z,114-0669266-8401822,PackageLess_UPSDropOff,22FC727DE8A14F36B4233722D166ECBB,
DQD3nSGYRRMA,1ZC6R6360324046740,2024-08-05T16:20:17Z,114-0669266-8401822,PackageLess_UPSDropOff,DA08F9DA84B648C08D30FA4C2B224E47,
DLL2nGGzRRMA,1ZC6R6360324046740,2024-08-04T04:42:34Z,113-7028313-8477018,PackageLess_UPSDropOff,19AC43A405DB486B8B397FF189DDA0D7,
DWLfnYGVRRMA,1Z4436299020114087,2024-08-04T04:40:05Z,114-0485339-3426645,LabelLess_UPSDropOff,Not Available,
D5Gqz6GJRRMA,1ZC6R6339008400345,2024-07-01T23:18:47Z,113-3612100-3412251,LabelLess_UPSDropOff,Not Available,
DLWsHsGBRRMA,1ZC6R6360309184521,2024-06-04T01:28:23Z,114-4775753-9152249,PackageLess_UPSDropOff,52944EFCEED841C89415511D653F9F04,
DQW6HHGHRRMA,1ZC6R6360309184521,2024-06-04T01:25:41Z,114-4775753-9152249,PackageLess_UPSDropOff,B0EFB1304C7D47E0A17325B925FC6274,
DQWyHHGHRRMA,1ZC6R6360309184521,2024-06-04T01:25:39Z,114-4775753-9152249,PackageLess_UPSDropOff,4AFEAF4832D3439ABD5BCF06EDA3396F,
D8WlHWGHRRMA,1ZC6R6360324518070,2024-06-04T01:25:38Z,114-5321359-4697057,PackageLess_UPSDropOff,284DF4F212324D4C9A46D80AE3247FBF,
DHWhHGGHRRMA,1ZC6R6360309184521,2024-06-04T01:25:37Z,114-4775753-9152249,PackageLess_UPSDropOff,6C2DF5BDC16C49D7A503E6EA27CF9A19,
Dp9NHDGNRRMA,Dp9NHDGNRRMA,2024-06-04T00:37:25Z,114-4775753-9152249,WFMUSDropOff,Not Available,
DK94H5GNRRMA,DK94H5GNRRMA,2024-06-04T00:37:24Z,114-4775753-9152249,WFMUSDropOff,Not Available,
Ds9JH8GNRRMA,1ZF20H799031436300,2024-06-04T00:37:23Z,114-4775753-9152249,PackageLess_UPSDropOff,Not Available,
DK9KHVGNRRMA,DK9KHVGNRRMA,2024-06-04T00:37:22Z,114-4775753-9152249,WFMUSDropOff,Not Available,
Dk9dHSGNRRMA,Dk9dHSGNRRMA,2024-06-04T00:37:22Z,114-5321359-4697057,WFMUSDropOff,Not Available,
Dv70bSG5RRMA,1ZC6R6349013019836,2024-06-02T07:48:52Z,111-5194713-1465866,UPSDropOff,Not Available,
DHPhbBG6RRMA,1ZC6R6360309184521,2024-05-31T03:56:07Z,113-5545510-6885032,PackageLess_UPSDropOff,E58FF3A70CC44B6CB557D747C5892205,
DvPxbwGxRRMA,1ZC6R6360309184521,2024-05-31T03:41:03Z,113-5545510-6885032,PackageLess_UPSDropOff,022ABB25339947A4BA49C1F726F9ECA6,
DYP5bWGxRRMA,DYP5bWGxRRMA,2024-05-31T03:41:02Z,113-5545510-6885032,WFMUSDropOff,Not Available,
DtVHjHsSRRMA,1ZC6R6349012126392,2024-05-16T17:30:20Z,113-6466891-1052244,UPSDropOff,Not Available,
D5tKjRsgRRMA,1ZR7F5979021012895,2024-05-16T16:49:37Z,114-9854625-9034654,UPSDropOff,Not Available,
DYtBjpsgRRMA,DYtBjpsgRRMA,2024-05-16T16:49:35Z,113-6466891-1052244,WFMUSDropOff,Not Available,
DYjPZPstRRMA,1ZT39T369050461088,2024-05-14T15:27:55Z,111-4104016-1713807,UPSDropOff,Not Available,
DhV6ZgsMRRMA,1ZC6R6349011969733,2024-05-14T00:21:20Z,113-3822410-3600205,UPSDropOff,Not Available,
DHRfqfsFRRMA,1ZC1G2149080581906,2024-05-09T19:24:52Z,113-3904734-4445058,UPS_DropOff,Not Available,
D7RpqtsYRRMA,1ZR7F5979020904601,2024-05-09T19:23:07Z,113-3822410-3600205,UPSDropOff,Not Available,
DFRBqMsYRRMA,1ZC6041Y9002361433,2024-05-09T19:23:06Z,114-4775753-9152249,UPSDropOff,Not Available,
DkRVqtsYRRMA,1ZR7F5979020905039,2024-05-09T19:23:04Z,113-3396791-0281805,UPSDropOff,Not Available,
DkD4TVs3RRMA,1ZR7F5979020140481,2024-03-21T11:11:34Z,113-9944763-3994635,UPSDropOff,Not Available,
Dx9qrZsDRRMA,1Z6V514Y9046483285,2024-02-29T00:35:29Z,113-3245932-3682632,UPSDropOff,Not Available,
DjjDLTsTRRMA,Not Available,2024-02-23T21:11:40Z,112-1980201-5633002,CustomSellerOption,Not Available,
DrjHL7sBRRMA,1ZB798C49027505832,2024-02-23T20:49:17Z,112-4234680-2016267,PackageLess_UPSDropOff,Not Available,
D4xRLzsDRRMA,1ZB798C49025430149,2024-02-21T20:39:39Z,114-3320252-8511407,PackageLess_UPSDropOff,Not Available,
Dr5DhKdYRRMA,1ZC6R6349004011637,2023-12-29T06:11:00Z,113-1168281-1839414,UPSDropOff,Not Available,
DQFzWydJRRMA,1ZC6R6360319230694,2023-12-02T21:22:19Z,112-1117831-3464263,PackageLess_UPSDropOff,2F08BF9FDCAD4CEEB8AE1D38B312F053,
DfPvKHdCRRMA,1Z909F2Y0328422724,2023-11-28T05:22:40Z,112-9716451-3520222,PackageLess_UPSDropOff,8959C9E05D934F5FB147214F54E1DBC5,
DxblGndDRRMA,1ZC6R6349000565449,2023-11-09T20:09:49Z,113-1452429-3089847,UPSDropOff,Not Available,
Dq41Q6dxRRMA,1ZA81G969042181527,2023-10-05T22:19:28Z,113-5389528-6828239,UPS_DropOff,Not Available,
Dr6pQqdrRRMA,1Z909F2Y0311536204,2023-10-04T18:05:33Z,113-1204845-2915426,PackageLess_UPSDropOff,0396C8696DDC4FD6A223C3ACB4117F7A,
DWPdvndCRRMA,1Z909F2Y0311536204,2023-09-27T16:32:58Z,113-2613210-8173034,PackageLess_UPSDropOff,DFA6ED1367E74A5A8A1E1DE10F5F2E1B,
DF4rzjdmRRMA,1Z909F2Y0311536204,2023-09-27T02:07:32Z,113-2325150-1672209,PackageLess_UPSDropOff,A3F67E42FB5A4B1F9AF70966CF57071D,
DQgS2Yd1RRMA,1ZB798B89042250037,2023-09-20T17:37:16Z,113-1204845-2915426,PackageLess_UPSDropOff,Not Available,
DZxjybdjRRMA,1ZA81G969027950500,2023-09-07T00:50:56Z,114-4930779-1046607,UPS_DropOff,Not Available,
D4vybldPRRMA,1ZR7R2010391648450,2023-08-22T16:43:36Z,113-8440614-3917033,PackageLess_UPSDropOff,7BFED815C2FD413C9F66BC486ADB2A8B,
Dp4GjwrsRRMA,1ZA81G969011636595,2023-08-05T05:06:10Z,113-2716199-8375457,UPS_DropOff,Not Available,
DWmspMr7RRMA,1Z9E8W879025945973,2023-07-14T19:18:09Z,113-2960499-9040215,LabelLess_UPSDropOff,Not Available,
D2m2phr7RRMA,1Z4436299008691978,2023-07-14T19:18:08Z,111-9857438-4977037,LabelLess_UPSDropOff,Not Available,
D7jzpjr8RRMA,D7jzpjr8RRMA,2023-07-14T18:52:21Z,113-2960499-9040215,WFMUSDropOff,Not Available,
DZbCpzrLRRMA,1Z909F2Y0313371745,2023-07-14T01:30:36Z,113-2960499-9040215,PackageLess_UPSDropOff,B9A7D1F5964842BE991AD3E0F7DE4C1A,
DqbTpdrLRRMA,1Z4436299008666237,2023-07-14T01:30:35Z,111-9857438-4977037,LabelLess_UPSDropOff,Not Available,
D4bPpsrLRRMA,1Z909F2Y0313371745,2023-07-14T01:30:34Z,113-1795546-7518664,PackageLess_UPSDropOff,99780F5E17E14465BDAFC7C8E4ED6956,
DLb2pqrLRRMA,1ZW475A69009792932,2023-07-14T01:30:31Z,113-2960499-9040215,LabelLess_UPSDropOff,Not Available,
DqsCpWrzRRMA,1ZR9Y4170390383838,2023-07-13T02:20:07Z,114-4301072-3036201,PackageLess_UPSDropOff,AF4D0B3C2A1148CB9D01F05E25657E2A,
DQf3tWrCRRMA,1Z9077YY0396039644,2023-06-13T16:22:49Z,111-0771553-8128240,PackageLess_UPSDropOff,Not Available,
DkygThrdRRMA,1Z9077YY0396039644,2023-06-09T04:28:17Z,112-7566339-2865003,PackageLess_UPSDropOff,4E4D08BA9F61411386DDD755E8901C46,
DpysTJrdRRMA,1Z9077YY0396039644,2023-06-09T04:27:32Z,111-0771553-8128240,PackageLess_UPSDropOff,4A8D847454DA4585A721BDC6618D4954,
DLdlsQrtRRMA,1Z9077YY9064484765,2023-05-07T19:14:57Z,114-0825106-6009001,PackageLess_UPSDropOff,Not Available,
DLq1vhrMRRMA,1ZE933059017571558,2023-04-27T15:53:11Z,113-8279433-4292236,UPSDropOff,Not Available,
DpqnvGr1RRMA,1ZE846040332077260,2023-04-27T15:51:34Z,113-6720774-2765063,PackageLess_UPSDropOff,527D1C6EBF234D0A84AF1EFE9F7F36DD,
Drs1zTrhRRMA,1Z9077YY0399765756,2023-04-24T22:58:17Z,114-0846640-9053053,PackageLess_UPSDropOff,82DE15B500B84D52B8A053456837FD52,
DWsFzzrhRRMA,1Z9077YY0399765756,2023-04-24T22:58:15Z,114-8106471-2777046,PackageLess_UPSDropOff,1A56E7233EFD4FC88D5A0F5FCF9237AE,
DBsrzfrhRRMA,1Z9077YY0399765756,2023-04-24T22:58:14Z,114-1078595-7046660,PackageLess_UPSDropOff,F01BA8DFA4A849B8A75BE868D5BC739B,
DKs0zCrhRRMA,1ZE846040332077260,2023-04-24T22:58:12Z,114-5059605-8577859,PackageLess_UPSDropOff,D1D20A0AE7054DA386E05F24A18A44EC,
DQsfzCrhRRMA,1Z9077YY0399765756,2023-04-24T22:58:10Z,114-9178129-4009801,PackageLess_UPSDropOff,1AF739475E994C6D972D53DB99E677B2,
D5LxjNJlRRMA,1Z9077YY0390323829,2023-02-24T06:01:14Z,114-3030211-5061047,PackageLess_UPSDropOff,A253C5249ED1425D8EBEE79899BED8CC,
DhLmj6JlRRMA,1ZE846040325192443,2023-02-24T06:01:13Z,113-1983993-0086626,PackageLess_UPSDropOff,F04BF806FF534382BCCBF1FA1855538F,
DT1zq3JFRRMA,1ZE846040325192443,2023-02-19T00:18:29Z,114-7451746-4400264,PackageLess_UPSDropOff,D074016461894915AE7E50D41E500B26,
DQ3ZChJGRRMA,1ZE846040322042379,2023-02-01T17:30:49Z,113-8728760-6266643,PackageLess_UPSDropOff,188D8613DBF546F38EACD48E4FAF54AE,
DYl1xTJ5RRMA,1ZE846040328463449,2022-12-20T20:29:21Z,114-1402363-1293868,PackageLess_UPSDropOff,10268746832E4B5390B7AF491FF7BD14,
DWl7xLJXRRMA,1ZE846040328463449,2022-12-20T20:26:12Z,114-8563916-4603450,PackageLess_UPSDropOff,3FD09AEE2F8E433CB4AD5213A89979B9,
DHlGxpJKRRMA,1ZE846040328463449,2022-12-20T20:22:35Z,114-4741600-9576248,PackageLess_UPSDropOff,04A2492EBCA94BD584AA5CA2AA134F65,
D4fmMNJQRRMA,1ZE846040328463449,2022-12-12T07:00:58Z,114-1402363-1293868,PackageLess_UPSDropOff,DE8D9351EEE9439F9993B6319AC58436,
DWpkvPJCRRMA,1ZE846040394728879,2022-11-17T04:16:14Z,114-5320861-4157033,PackageLess_UPSDropOff,8410ADE2F6914305AC96D2F3B50CFD33,
DQh0D6J2RRMA,1Z9077YY0398179310,2022-11-01T21:25:53Z,113-1848408-3533839,PackageLess_UPSDropOff,368F1D2267C643D5975D64696E034216,
DThRDlJ2RRMA,1ZE846040394728879,2022-11-01T21:25:51Z,114-3685668-4398619,PackageLess_UPSDropOff,0DE73DF5F7A048B09E6E57CFFC3AECAC,
D8vNYNJRRRMA,1ZE846040394031853,2022-10-31T18:34:07Z,111-3114922-2871424,PackageLess_UPSDropOff,07EC22BB740A41E8ABDACF9BEC6C4B6E,
Dx7XN7JVRRMA,1Z4716YV9009676442,2022-10-02T19:08:35Z,113-8683496-1169044,WFMUSDropOff,APRXF2jPS59,
D5wbhDxXRRMA,1ZE748Y49002291913,2022-09-24T17:46:31Z,113-1637507-9106602,LabelLess_UPSDropOff,Not Available,
Dpw2flxYRRMA,1Z8780F89008874908,2022-09-20T23:57:34Z,114-1938703-5920232,PackageLess_UPSDropOff,Not Available,
D8Dt5gxNRRMA,1ZE9162X9073870418,2022-09-07T16:17:31Z,113-0984381-3204207,PackageLess_UPSDropOff,Not Available,
DqDg5WxRRRMA,1Z53Y6V00316124779,2022-09-07T16:16:10Z,113-0521710-8284240,PackageLess_UPSDropOff,Not Available,
Dtx3KHxKRRMA,1Z4716YV9018786011,2022-08-11T03:37:18Z,111-5866916-2741013,UPSDropOff,Not Available,
DHxkKXxPRRMA,1Z4716YV9018782140,2022-08-11T03:18:57Z,111-1081794-5988248,UPSDropOff,Not Available,
Dfmv65xvRRMA,1Z4716YV9009008520,2022-07-26T21:45:35Z,113-7471199-1837865,WFMUSDropOff,APRyB2K35Gt,
DsgH37x9RRMA,1Z472E8A9004596528,2022-06-28T05:21:41Z,113-5661966-2268246,UPSDropOff,Not Available,
D8gK3fx9RRMA,1Z4716YV9005243050,2022-06-28T05:19:34Z,112-9133170-2183413,UPSDropOff,Not Available,
D5k0L7xrRRMA,KOH1299235325,2022-06-06T00:04:28Z,114-9159208-5430642,Label_LabelLess_KohlsUSDropOff,Not Available,
DKX1Q2xMRRMA,KOH1296548862,2022-05-29T17:17:21Z,114-0840597-0000220,Label_LabelLess_KohlsUSDropOff,Not Available,
DZZ0zQxCRRMA,1ZE846040394730188,2022-05-15T23:43:02Z,113-5961934-3873040,PackageLess_UPSDropOff,Not Available,
D27NDDx5RRMA,Not Available,2022-04-30T01:16:33Z,114-1288549-8050629,CustomSellerOption,Not Available,
Dft6yFx1RRMA,Not Available,2022-04-20T22:49:06Z,114-1288549-8050629,CustomSellerOption,Not Available,
DvpdTNRpRRMA,KOH1234272641,2021-12-05T18:59:33Z,114-5875814-4632262,Label_LabelLess_KohlsUSDropOff,Not Available,
D7Xpn4R3RRMA,9202090153540057797467,2021-12-05T04:46:24Z,112-9492398-5390655,USPS,Not Available,
DWXzn1RJRRMA,KOH1234085522,2021-12-05T04:42:25Z,112-6554532-8720219,Label_LabelLess_KohlsUSDropOff,Not Available,
DZXDnRRMRRMA,KOH1234084499,2021-12-05T04:37:32Z,112-1856501-0984227,Label_LabelLess_KohlsUSDropOff,Not Available,
D5XqnJRMRRMA,KOH1234084548,2021-12-05T04:36:53Z,112-1882202-8079450,Label_LabelLess_KohlsUSDropOff,Not Available,
DBXMnSR1RRMA,KOH1234084362,2021-12-05T04:36:15Z,112-1882202-8079450,Label_LabelLess_KohlsUSDropOff,Not Available,
DWXgnZR1RRMA,9202090153540057795784,2021-12-05T04:35:19Z,112-9492398-5390655,USPS,Not Available,
DxX8nvR7RRMA,KOH1234083105,2021-12-05T04:29:51Z,112-4876219-7493001,Label_LabelLess_KohlsUSDropOff,Not Available,
DQXZnVR7RRMA,KOH1234083000,2021-12-05T04:28:49Z,112-4876219-7493001,Label_LabelLess_KohlsUSDropOff,Not Available,
DhXVnGR7RRMA,KOH1234082729,2021-12-05T04:27:28Z,112-4876219-7493001,Label_LabelLess_KohlsUSDropOff,Not Available,
DTXgn6RLRRMA,KOH1234082488,2021-12-05T04:25:58Z,112-4075741-8884261,Label_LabelLess_KohlsUSDropOff,Not Available,
D5Xrn5RvRRMA,1ZW48A399036181665,2021-12-05T04:14:28Z,113-0406312-6741063,UPSDropOff,Not Available,
DFXcnXRYRRMA,KOH1234076406,2021-12-05T03:57:54Z,113-3307811-7994614,Label_LabelLess_KohlsUSDropOff,Not Available,
DqXgnrRDRRMA,KOH1234076496,2021-12-05T03:57:52Z,113-3307811-7994614,Label_LabelLess_KohlsUSDropOff,Not Available,
D5X8nZRwRRMA,1ZR9Y4179035438764,2021-12-05T03:50:38Z,113-0406312-6741063,PackageLess_UPSDropOff,Not Available,
DT3CnjRrRRMA,1Z9758R69060313708,2021-12-04T17:55:54Z,112-4075741-8884261,UPSDropOff,Not Available,
DB3kn4R7RRMA,1ZW48A399036168886,2021-12-04T17:54:55Z,112-1856501-0984227,UPSDropOff,Not Available,
Dx3jnFRLRRMA,1Z67557Y9090290973,2021-12-04T17:53:39Z,112-1882202-8079450,UPSDropOff,Not Available,
D73Gn8RQRRMA,9202090153540057603737,2021-12-04T17:51:12Z,112-9492398-5390655,USPS,Not Available,
DK3qnbRvRRMA,1ZW48A399036168224,2021-12-04T17:48:51Z,113-3307811-7994614,UPSDropOff,Not Available,
Dp3QnHRvRRMA,1ZW48A399036168055,2021-12-04T17:48:50Z,113-3307811-7994614,UPSDropOff,Not Available,
DB3mn4RFRRMA,1Z81E87A9043970765,2021-12-04T17:44:37Z,112-4876219-7493001,UPSDropOff,Not Available,
Dt3cnNRDRRMA,1Z81E87A9043975546,2021-12-04T17:43:28Z,112-4876219-7493001,UPSDropOff,Not Available,
DB3nnnRDRRMA,1Z81E87A9043979382,2021-12-04T17:42:32Z,112-4876219-7493001,UPSDropOff,Not Available,
DThlQGRhRRMA,1Z9758R69057155403,2021-10-19T00:00:15Z,112-8771680-1065046,UPSDropOff,Not Available,
DjcwDmRtRRMA,1Z81E87A9020757020,2021-09-14T00:19:43Z,113-3793008-5475407,UPSDropOff,Not Available,
DKBbBpRTRRMA,1Z9758R99018656985,2021-08-25T22:30:40Z,112-6105922-8116211,LabelLess_UPSDropOff,Not Available,
D4BKBKRnRRMA,1ZE846040336361856,2021-08-25T22:30:39Z,113-0413602-1501801,PackageLess_UPSDropOff,Not Available,
DTkx9hRtRRMA,1ZW97V529060693942,2021-08-21T17:38:14Z,113-6210395-4641032,PackageLess_UPSDropOff,Not Available,
DL5G4HRtRRMA,1ZE846040336361856,2021-08-17T05:16:49Z,113-4307291-3803441,PackageLess_UPSDropOff,Not Available,
Ds5S4FRPRRMA,1Z9758R99017144986,2021-08-17T05:14:06Z,114-5089606-5285811,LabelLess_UPSDropOff,Not Available,
DhkfHjRjRRMA,1Z9758R99016143658,2021-08-11T16:41:01Z,112-5173032-9648249,LabelLess_UPSDropOff,Not Available,
DkkRHgRjRRMA,1ZW97V529053165964,2021-08-11T16:40:59Z,114-3473701-9650657,PackageLess_UPSDropOff,Not Available,
DY69H0R9RRMA,1Z81E87A9010505552,2021-08-09T19:52:50Z,113-0584992-7727451,UPSDropOff,Not Available,
DQ49N9RzRRMA,1Z9758R69050457760,2021-07-26T18:54:39Z,114-5972921-9353039,UPSDropOff,Not Available,
D26ghDp5RRMA,1Z9758R69049315068,2021-07-13T16:57:55Z,113-3536483-9206620,UPSDropOff,Not Available,
D76kh2p5RRMA,1Z81E87A9003169608,2021-07-13T16:57:53Z,113-2124416-1654635,UPSDropOff,Not Available,
D447qHpDRRMA,1Z7EF1069098029245,2021-06-24T21:57:39Z,114-2081154-0781835,UPSDropOff,Not Available,
DhFcqKpxRRMA,1Z7EF1069097980638,2021-06-24T19:54:27Z,114-6559850-2361014,UPSDropOff,Not Available,
DjFYqRpJRRMA,1Z7EF1069097979613,2021-06-24T19:50:22Z,114-5972921-9353039,UPSDropOff,Not Available,
DxF7qrpJRRMA,1Z7EF1069097978034,2021-06-24T19:50:21Z,114-5972921-9353039,UPSDropOff,Not Available,
DhFXqtpsRRMA,1Z9758R19027624131,2021-06-24T19:42:27Z,114-9605844-7826601,UPSDropOff,Not Available,
DpFxqdpcRRMA,1Z9758R69047645125,2021-06-24T19:39:02Z,114-3346364-9122625,UPSDropOff,Not Available,
DHFmqxpVRRMA,1Z9758R69047644840,2021-06-24T19:34:40Z,113-3105753-2029869,UPSDropOff,Not Available,
DTFFqrp2RRMA,1Z9758R99007780825,2021-06-24T19:33:16Z,113-3105753-2029869,LabelLess_UPSDropOff,Not Available,
DZWtq9pvRRMA,1Z7EF1069097494333,2021-06-23T06:44:40Z,114-6559850-2361014,UPSDropOff,Not Available,
DBmB8tpBRRMA,1Z9758R67846451770,2021-06-09T23:33:53Z,113-3379875-9794623,UPSPickupRS1,Not Available,
DF7y8RpPRRMA,1Z7EF1069093517655,2021-06-09T20:01:49Z,113-4218241-4688247,UPSDropOff,Not Available,
DKjSKfpyRRMA,1Z9758R67843875774,2021-05-14T17:17:12Z,113-5418647-1147413,UPSPickupRS1,Not Available,
D8XMmXp7RRMA,1Z9758R19026912858,2021-05-10T18:00:58Z,113-4777384-8714629,UPSDropOff,Not Available,
DQZTGcphRRMA,1Z909F2Y0325096771,2021-04-02T18:07:34Z,113-3397901-8525823,PackageLess_UPSDropOff,Not Available,
DrZLGCphRRMA,1Z9E533F9061190069,2021-04-02T18:07:33Z,113-2520283-7803469,LabelLess_UPSDropOff,Not Available,
DkZRGbphRRMA,1Z909F2Y0325096771,2021-04-02T18:07:31Z,113-3397901-8525823,PackageLess_UPSDropOff,Not Available,
DhqXTJpMRRMA,1Z75X9939002550276,2021-03-13T21:52:42Z,113-0746114-2241012,WFMUSDropOff,PBLkMZ7T88F,
DpV7nSpmRRMA,1ZW97V519047548591,2021-03-11T09:24:50Z,113-0746114-2241012,PackageLess_UPSDropOff,Not Available,
D7GmnFprRRMA,1Z7EF1069065351618,2021-03-09T03:14:17Z,112-4094795-6339423,UPSDropOff,Not Available,
DQGPnfprRRMA,KOH1149604563,2021-03-09T03:12:31Z,112-4094795-6339423,Label_LabelLess_KohlsUSDropOff,Not Available,
DsGXnCpLRRMA,1Z7EF1069065349452,2021-03-09T03:08:14Z,112-5622103-7459462,UPSDropOff,Not Available,
D7RGxmppRRMA,1Z909F2Y0310745178,2021-03-02T21:24:47Z,111-7097674-3051456,PackageLess_UPSDropOff,Not Available,
Dff21FpVRRMA,1ZW97V519024317043,2021-02-07T07:46:10Z,114-1969146-2835439,PackageLess_UPSDropOff,Not Available,
DHf41NpVRRMA,1Z909F2Y0310745178,2021-02-07T07:46:09Z,114-1969146-2835439,PackageLess_UPSDropOff,Not Available,
Dhf2QLpjRRMA,1ZW48A399028099092,2021-01-12T01:01:49Z,114-0815070-1827414,UPSDropOff,Not Available,
D5fLQwpjRRMA,1Z7EF1069045486001,2021-01-12T01:01:47Z,114-8969131-8049869,UPSDropOff,Not Available,
DZfyQsp8RRMA,1ZY082799064925891,2021-01-12T00:52:55Z,114-2885981-3466652,UPSDropOff,Not Available,
DK9CFfpKRRMA,1ZY082799063355295,2020-12-15T23:54:35Z,111-1154213-7485865,UPSDropOff,Not Available,
DYF0DvpXRRMA,1Z7EF1069032906536,2020-12-12T19:42:19Z,111-5970648-1747464,UPSDropOff,Not Available,
DBFtDvpCRRMA,1Z9E8W939035125122,2020-12-12T19:40:38Z,111-1154213-7485865,LabelLess_UPSDropOff,Not Available,
DjwDyhp5RRMA,1ZY082799062362841,2020-11-30T21:09:14Z,114-4624849-1326619,UPSDropOff,Not Available,
DsVF92pDRRMA,1ZY082799061296915,2020-11-11T21:51:35Z,114-5976669-0316203,UPSDropOff,Not Available,
DHVH9BpDRRMA,1ZY082799061297405,2020-11-11T21:51:34Z,114-0896702-4633820,UPSDropOff,Not Available,
DZVb92pDRRMA,1ZY082799061297496,2020-11-11T21:51:32Z,114-8598073-9028260,UPSDropOff,Not Available,
DWVg90pHRRMA,DWVg90pHRRMA,2020-11-11T21:36:57Z,114-0896702-4633820,AmazonCampusDropOff,Not Available,
DvVK9spHRRMA,DvVK9spHRRMA,2020-11-11T21:36:56Z,114-5976669-0316203,AmazonCampusDropOff,Not Available,
DjV79dpHRRMA,DjV79dpHRRMA,2020-11-11T21:36:55Z,114-8598073-9028260,AmazonCampusDropOff,Not Available,
DFtR9Pp5RRMA,1ZY082799061293329,2020-11-11T21:17:12Z,114-6599579-1901008,UPSDropOff,Not Available,
D2HCbTphRRMA,1ZY082797860049494,2020-10-22T03:56:52Z,111-6667149-0009067,UPSPickupRS1,Not Available,
DjCnkzp2RRMA,1ZY082797859652316,2020-10-16T10:29:25Z,111-6667149-0009067,UPSPickupRS1,Not Available,
DW0kNCphRRMA,KOH1095223604,2020-10-09T20:32:35Z,111-1424676-9693059,Label_LabelLess_KohlsUSDropOff,Not Available,
DsRkRlprRRMA,1ZW475A69005589160,2020-10-02T02:32:53Z,111-2089757-2078613,LabelLess_UPSDropOff,Not Available,
DWL8jVn2RRMA,1ZY082797857607717,2020-09-13T00:43:10Z,111-2097554-7114668,UPSPickupRS1,Not Available,
DHL7j2n2RRMA,1ZY082797857607824,2020-09-13T00:43:09Z,111-2762960-6677019,UPSPickupRS1,Not Available,
DLJPX4nNRRMA,1ZY082797854781810,2020-08-02T16:25:31Z,112-0555103-7261848,UPSPickupRS1,Not Available,
DqJgXmnNRRMA,1Z9758R17820505555,2020-08-02T16:25:30Z,112-6155471-3921053,UPSPickupRS1,Not Available,
DtjFx5n8RRMA,1Z9758R57890794248,2020-03-26T16:26:30Z,114-8661952-1382638,UPSPickupRS1,Not Available,
Dhpl3cnZRRMA,1Z909F2Y0301982429,2020-03-08T22:00:01Z,114-1604069-3925037,PackageLess_UPSDropOff,Not Available,
DKMPr3ncRRMA,1Z909F2Y0330134433,2020-02-09T07:03:02Z,111-4832920-7931415,PackageLess_UPSDropOff,Not Available,
D7yfQlnfRRMA,1Z909F2Y0325456524,2020-01-12T22:18:01Z,114-3204312-8552236,PackageLess_UPSDropOff,Not Available,
DvyNQZnjRRMA,1Z909F2Y9058286108,2020-01-12T22:15:29Z,111-3731725-8797027,PackageLess_UPSDropOff,Not Available,
DBM3cqncRRMA,1Z909F2Y0325456524,2020-01-05T05:57:44Z,114-8963895-7565806,PackageLess_UPSDropOff,Not Available,
DFRLchnGRRMA,Not Available,2020-01-02T07:45:50Z,114-8113349-2260203,CustomSellerOption,Not Available,
DxSTvZnSRRMA,1Z909F2Y9051195095,2019-12-31T23:59:02Z,114-1349064-1992242,PackageLess_UPSDropOff,Not Available,
DYM6vLnYRRMA,Not Available,2019-12-30T15:45:50Z,114-4120420-5161031,CustomSellerOption,Not Available,
DprvvQnYRRMA,1Z909F2Y0305480964,2019-12-27T20:30:55Z,114-4827259-2616266,PackageLess_UPSDropOff,Not Available,
DFrLvDnYRRMA,1Z909F2Y0305480964,2019-12-27T20:30:54Z,114-4827259-2616266,PackageLess_UPSDropOff,Not Available,
DxwBzCngRRMA,1Z9758R59078389696,2019-12-24T18:38:16Z,111-4126144-8801035,UPSDropOff,Not Available,
Dtg6FmnlRRMA,085932674,2019-12-05T16:27:20Z,111-4126144-8801035,LTL_Mattress_US,Not Available,
DZRxDMnGRRMA,1Z55AY029001388125,2019-11-22T15:43:22Z,114-4831266-9915450,UPSDropOff,Not Available,
DhyHYFnBRRMA,1Z9E533F9045940298,2019-11-20T18:10:33Z,111-1477267-5201044,LabelLess_UPSDropOff,Not Available,
DFyqYFn9RRMA,1Z9E533F9045941126,2019-11-20T18:07:16Z,111-4960441-6547429,LabelLess_UPSDropOff,Not Available,
DvZPYYnLRRMA,1Z53Y42Y9000013507,2019-11-18T05:43:42Z,113-2398290-9178638,UPSDropOff,Not Available,
DrDQwjnRRRMA,1Z9758R89027215810,2019-11-02T19:00:23Z,111-9857896-7820208,LabelLess_UPSDropOff,Not Available,
DfhFwcnSRRMA,1Z909F2Y0311117121,2019-10-31T14:58:30Z,111-2178773-2752201,PackageLess_UPSDropOff,Not Available,
D5fPw9ndRRMA,1Z909F2Y9003684950,2019-10-30T07:40:38Z,111-2429706-0345856,PackageLess_UPSDropOff,Not Available,
DfJVwHnzRRMA,1Z909F2Y0307453696,2019-10-29T05:06:01Z,111-5492184-4424242,PackageLess_UPSDropOff,Not Available,
DQJ0wlnzRRMA,1Z909F2Y0307453696,2019-10-29T05:06:00Z,111-5768800-3289844,PackageLess_UPSDropOff,Not Available,
DKJQw4nVRRMA,1Z909F2Y0307453696,2019-10-29T05:01:02Z,114-2111674-5093830,PackageLess_UPSDropOff,Not Available,
DFjxBvnPRRMA,1Z909F2Y0302789888,2019-10-26T02:12:03Z,111-3336860-6333859,PackageLess_UPSDropOff,Not Available,
DFj2B2nPRRMA,1Z9758R89026465409,2019-10-26T02:09:52Z,111-9151758-0277045,LabelLess_UPSDropOff,Not Available,
D7jwBGnPRRMA,1Z909F2Y0302789888,2019-10-26T02:07:54Z,111-2412321-6657835,PackageLess_UPSDropOff,Not Available,
DsjXBCnTRRMA,1Z909F2Y0302789888,2019-10-26T02:03:24Z,111-1256541-7150605,PackageLess_UPSDropOff,Not Available,
DKjDBrnTRRMA,1Z909F2Y0302789888,2019-10-26T02:02:14Z,111-1256541-7150605,PackageLess_UPSDropOff,Not Available,
DTjhBvnxRRMA,1Z909F2Y0302789888,2019-10-26T01:56:05Z,111-5477771-5231449,PackageLess_UPSDropOff,Not Available,
DFjYBwnxRRMA,1Z909F2Y0302789888,2019-10-26T01:54:23Z,111-5492184-4424242,PackageLess_UPSDropOff,Not Available,
DH2qBtn1RRMA,1Z9758R59070402989,2019-10-24T20:57:48Z,111-0430875-7049020,UPSDropOff,Not Available,
DtQ69dnjRRMA,1Z909F2Y0302789888,2019-10-15T05:09:11Z,112-5665832-2865833,PackageLess_UPSDropOff,Not Available,
DsQV9XnZRRMA,1Z909F2Y0302789888,2019-10-15T05:07:05Z,112-5665832-2865833,PackageLess_UPSDropOff,Not Available,
D4bLbvnBRRMA,1Z9E533F9044313959,2019-09-18T00:10:14Z,114-3358900-7813850,LabelLess_UPSDropOff,Not Available,
DfsbkSnVRRMA,1Z53Y4E99070751418,2019-09-05T19:48:30Z,114-1284380-0576226,PackageLess_UPSDropOff,Not Available,
DhwSN2n5RRMA,1Z9758RW7814101470,2019-08-30T14:44:11Z,114-1707832-0521023,UPSPickupRS1,Not Available,
DKTNN6n2RRMA,1Z67534Y9073059486,2019-08-29T05:33:55Z,114-0925358-7557023,UPSDropOff,Not Available,
DtTmNsn2RRMA,1Z67534Y9073059299,2019-08-29T05:32:32Z,114-0388665-2918659,UPSDropOff,Not Available,
DjTgNpn2RRMA,1Z67534Y9073059520,2019-08-29T05:30:46Z,114-3358900-7813850,UPSDropOff,Not Available,
DptQRwnbRRMA,1Z53Y4E90395677689,2019-08-22T04:29:10Z,114-8594189-7155439,PackageLess_UPSDropOff,Not Available,
DBcPRNnkRRMA,1Z53Y4E99061826720,2019-08-20T14:59:27Z,114-0927643-2097811,PackageLess_UPSDropOff,Not Available,
DYHwRVnhRRMA,1Z53Y4E90396588783,2019-08-20T14:48:36Z,114-9983448-5845801,PackageLess_UPSDropOff,Not Available,
DqpwRMn0RRMA,1Z67534Y9069554181,2019-08-17T20:06:13Z,114-1846757-1853037,UPSDropOff,Not Available,
DLKJhMq3RRMA,1Z67534Y9069330707,2019-08-16T22:18:35Z,114-1846757-1853037,UPSDropOff,Not Available,
DFk7hxq8RRMA,1Z53Y4E90391935086,2019-08-15T06:42:38Z,114-3944618-0386649,PackageLess_UPSDropOff,Not Available,
DskHhvqXRRMA,1Z9758R59063949162,2019-08-15T06:39:12Z,114-8052476-7953805,UPSDropOff,Not Available,
DpkZhkqXRRMA,1Z53Y4E90391935086,2019-08-15T06:39:11Z,114-0927643-2097811,PackageLess_UPSDropOff,Not Available,
Dxkbh1qXRRMA,1Z53Y4E90391935086,2019-08-15T06:39:10Z,114-4920665-7296267,PackageLess_UPSDropOff,Not Available,
DH7bhdqkRRMA,1Z9758R89021042008,2019-08-14T15:30:18Z,114-8608328-5945832,LabelLess_UPSDropOff,Not Available,
Dr9kh0qzRRMA,1Z9758R39003167766,2019-08-12T15:42:43Z,114-6879390-9690621,UPSDropOff,Not Available,
DQTfhpqbRRMA,1Z53Y4E90390634279,2019-08-11T15:43:33Z,114-4358876-6012244,PackageLess_UPSDropOff,Not Available,
DTTfhRqbRRMA,KOH1015183286,2019-08-11T15:43:32Z,114-8052476-7953805,Label_LabelLess_KohlsUSDropOff,Not Available,
DLsGh6qBRRMA,1Z53Y4E90390634279,2019-08-09T12:57:42Z,114-3814928-3399429,PackageLess_UPSDropOff,Not Available,
DxdqhpqnRRMA,1Z9758R59063362429,2019-08-09T05:12:23Z,114-9263017-8457030,UPSDropOff,Not Available,
DxdVhrqnRRMA,1Z67534Y9066937184,2019-08-09T05:12:21Z,114-4920665-7296267,UPSDropOff,Not Available,
DqdPhPqnRRMA,1Z9758R59063362189,2019-08-09T05:12:19Z,114-6292017-6519427,UPSDropOff,Not Available,
DHQBfpq1RRMA,1Z53Y4E90395950178,2019-08-02T16:23:54Z,114-7994448-4572261,PackageLess_UPSDropOff,Not Available,
D8nwfkqtRRMA,1Z53Y4E90395484815,2019-07-30T01:16:44Z,114-1360847-2821033,PackageLess_UPSDropOff,Not Available,
DY3Qj9q3RRMA,1Z53Y4E90397132290,2019-07-27T20:24:16Z,114-7610245-5868263,PackageLess_UPSDropOff,Not Available,
DL3rjQq3RRMA,1Z9758R89019663422,2019-07-27T20:24:14Z,114-3814928-3399429,LabelLess_UPSDropOff,Not Available,
DZ3jjvq1RRMA,1Z9758R89019661184,2019-07-27T20:14:15Z,114-7610245-5868263,LabelLess_UPSDropOff,Not Available,
D538j1q7RRMA,1Z30033A9049480996,2019-07-27T20:05:48Z,114-6062003-4685018,UPS_DropOff,Not Available,
D23Cj5qsRRMA,1Z9758R89019661193,2019-07-27T19:58:56Z,114-1846757-1853037,LabelLess_UPSDropOff,Not Available,
DZ3BjbqsRRMA,1Z9758R89019659811,2019-07-27T19:57:34Z,114-1846757-1853037,LabelLess_UPSDropOff,Not Available,
Dhtvjcq0RRMA,1Z9758R89019472254,2019-07-25T15:54:33Z,114-1846757-1853037,LabelLess_UPSDropOff,Not Available,
DfZDjCqmRRMA,1Z9758R59061826637,2019-07-25T03:27:29Z,114-1846757-1853037,UPSDropOff,Not Available,
DfZtj2qlRRMA,1Z9758R59061825156,2019-07-25T03:24:31Z,114-1846757-1853037,UPSDropOff,Not Available,
DLZTj6q0RRMA,1Z53Y4E90397132290,2019-07-25T03:18:49Z,112-4242818-5885804,PackageLess_UPSDropOff,Not Available,
Djh1jRq4RRMA,1Z9758R59061700352,2019-07-24T03:04:16Z,114-3814928-3399429,UPSDropOff,Not Available,
DWhfjWqkRRMA,1Z67534Y9061738041,2019-07-24T02:53:56Z,112-2837772-7060213,UPSDropOff,Not Available,
DWv1Z3qcRRMA,1Z9758R59061258911,2019-07-20T06:17:36Z,114-2209705-8336240,UPSDropOff,Not Available,
DkvwZBqcRRMA,1Z9758R59061258644,2019-07-20T06:13:18Z,114-9806915-1934653,UPSDropOff,Not Available,
DLvFZVqzRRMA,1Z30033A9047906333,2019-07-20T05:42:20Z,114-9617827-0969855,UPS_DropOff,Not Available,
DTS8ZLqPRRMA,Not Available,2019-07-20T01:41:14Z,114-3476361-9195435,CustomSellerOption,Not Available,
DxSzZRqPRRMA,Not Available,2019-07-20T01:40:57Z,114-6973310-7031464,CustomSellerOption,Not Available,
Dq4GZ5qcRRMA,1Z9758R59061173306,2019-07-19T17:00:38Z,114-1232244-4330615,UPSDropOff,Not Available,
DQ47Z5qcRRMA,1Z9758R59061173226,2019-07-19T17:00:36Z,114-6990567-6835437,UPSDropOff,Not Available,
DH4SZRqcRRMA,KOH1011085164,2019-07-19T16:58:08Z,114-6990567-6835437,Label_LabelLess_KohlsUSDropOff,Not Available,
DQ4zZPqcRRMA,KOH1011084966,2019-07-19T16:58:07Z,114-1232244-4330615,Label_LabelLess_KohlsUSDropOff,Not Available,
D84SZKqYRRMA,1Z9758R59061170443,2019-07-19T16:40:09Z,114-6926272-5576229,UPSDropOff,Not Available,
DQ4jZvqyRRMA,1Z9758R59061169124,2019-07-19T16:37:11Z,114-6926272-5576229,UPSDropOff,Not Available,
Dq4VZpq9RRMA,1Z9758R57861168247,2019-07-19T16:25:41Z,114-6926272-5576229,UPSPickupRS1,Not Available,
D44LZkq4RRMA,1Z9758R59061167555,2019-07-19T16:24:54Z,114-6926272-5576229,UPSDropOff,Not Available,
Dk46ZFqNRRMA,1Z67534Y9060097307,2019-07-19T16:13:48Z,114-2299648-4256235,UPSDropOff,Not Available,
DWyQZwqPRRMA,1Z9758R59061158145,2019-07-19T15:04:43Z,114-5346678-6092244,UPSDropOff,Not Available,
DLytZ5qQRRMA,1Z67534Y9060066920,2019-07-19T14:29:13Z,114-1434242-6846666,UPSDropOff,Not Available,
D7yXZwqvRRMA,1Z53Y4E99043473323,2019-07-19T14:21:57Z,112-2837772-7060213,PackageLess_UPSDropOff,Not Available,
Dpy4ZkqvRRMA,1Z9758R59061154167,2019-07-19T14:21:56Z,114-3663530-3214610,UPSDropOff,Not Available,
D2yvZgqBRRMA,1Z9758R59061152927,2019-07-19T13:51:03Z,114-7892093-3293006,UPSDropOff,Not Available,
DkDKZqqgRRMA,1Z30033A9047438849,2019-07-18T04:57:14Z,114-9214902-2712230,UPS_DropOff,Not Available,
D5DCZ2qpRRMA,1Z9758R59061021372,2019-07-18T04:30:11Z,114-1481315-7300247,UPSDropOff,Not Available,
DxDkZwqWRRMA,1Z9758R59061020239,2019-07-18T04:22:38Z,114-2209705-8336240,UPSDropOff,Not Available,
DpBzZbqCRRMA,1Z9758R89018808830,2019-07-17T19:56:53Z,114-2041806-6201812,LabelLess_UPSDropOff,Not Available,
DFB9Z0qpRRMA,1Z9758R59060958452,2019-07-17T19:53:04Z,114-2041806-6201812,UPSDropOff,Not Available,
DHQ8ZYqqRRMA,1Z53Y4E99041488875,2019-07-16T02:31:04Z,114-1134555-8629067,PackageLess_UPSDropOff,Not Available,
DvQSZ9qqRRMA,1Z9E533F9043047347,2019-07-16T02:31:03Z,114-1419363-3049031,LabelLess_UPSDropOff,Not Available,
DhQvZbqqRRMA,KOH1010474030,2019-07-16T02:31:01Z,114-2041806-6201812,Label_LabelLess_KohlsUSDropOff,Not Available,
Drncq5qYRRMA,1Z53Y4E90395666557,2019-07-01T15:10:48Z,113-4633052-3701854,PackageLess_UPSDropOff,Not Available,
DHpB5pqTRRMA,DHpB5pqTRRMA,2019-06-20T20:03:52Z,113-4633052-3701854,InstoreUSDropoff,Not Available,
Dqhw8Pq1RRMA,1Z53Y4E90391181195,2019-06-03T04:17:23Z,112-1763189-4601035,PackageLess_UPSDropOff,Not Available,
DjlcWMq3RRMA,1Z9758R59051646412,2019-04-14T03:17:03Z,111-1171559-2809840,UPSDropOff,Not Available,
DqXJJgqhRRMA,Not Available,2018-10-22T03:01:03Z,112-0244442-8789806,CustomSellerOption,Not Available,
D8QNMGqTRRMA,1ZW48A399002670842,2018-09-28T20:11:00Z,111-1381848-8225866,UPSDropOff,Not Available,
DvVF76qTRRMA,1ZW48A399002056944,2018-08-15T18:58:10Z,114-2225300-6783410,UPSDropOff,Not Available,
DFV470qMRRMA,1ZW485A69003625033,2018-08-15T18:31:45Z,114-5181948-0773831,UPSDropOff,Not Available,
DYhQLPq5RRMA,9304420503600094525713,2018-07-29T01:57:53Z,114-7010595-2442660,USPS,Not Available,
DWhgLDqgRRMA,9304420503600094557769,2018-07-29T01:56:21Z,114-1938781-5678636,USPS,Not Available,
DFp0sWqbRRMA,1ZW48A399001357513,2018-07-09T04:56:43Z,114-2225300-6783410,UPSDropOff,Not Available,
DxpZscqkRRMA,9202090153540040227346,2018-07-09T04:40:41Z,114-9044376-2957034,USPS,Not Available,
DsD8zLqtRRMA,1ZW485A69000670892,2018-05-15T16:22:16Z,113-1708885-7953804,UPSDropOff,Not Available,
DK2Zz8qHRRMA,1ZW485A69000620436,2018-05-14T03:07:45Z,113-9845767-5817052,UPSDropOff,Not Available,
DBf9VdqKRRMA,1Z3764A89032888656,2018-04-22T15:48:32Z,112-2868033-2058601,UPSDropOff,Not Available,
Dx8S2nqCRRMA,1Z976RX39021336791,2018-04-12T17:30:45Z,113-8345583-1990659,UPSDropOff,Not Available,
Df892nqCRRMA,1Z976RX39021336773,2018-04-12T17:30:43Z,113-8345583-1990659,UPSDropOff,Not Available,
D8TnyKqhRRMA,1ZY082799000032037,2018-01-30T05:57:19Z,112-8095774-1589028,UPSDropOff,Not Available,
DTzqyJqRRRMA,1Z9758R19001357540,2018-01-30T05:57:17Z,112-8095774-1589028,UPSDropOff,Not Available,
D5YgySqDRRMA,1Z6089509099840127,2018-01-29T02:48:11Z,112-8095774-1589028,UPSDropOff,Not Available,
DZYvypqFRRMA,1Z9758R19001327822,2018-01-29T02:48:10Z,112-8095774-1589028,UPSDropOff,Not Available,
DBkpwyqjRRMA,1Z3764A89003536349,2018-01-22T04:20:35Z,114-4834556-9761825,UPSDropOff,Not Available,
DqkPwzqjRRMA,1Z3764A89003542234,2018-01-22T04:16:14Z,114-4699018-2131407,UPSDropOff,Not Available,
DBk9w9qjRRMA,1Z7F75039043133730,2018-01-22T04:16:13Z,114-5714342-0857031,UPSDropOff,Not Available,
DxR0wNqdRRMA,1Z7F75039037948185,2018-01-12T02:46:25Z,114-3058902-8776229,UPSDropOff,Not Available,
D4RMw3qdRRMA,1Z3764A79099892867,2018-01-12T02:46:23Z,114-8305900-3359406,UPSDropOff,Not Available,
DKzw9sqSRRMA,1Z3764A79090050667,2017-12-25T03:02:16Z,114-4699018-2131407,UPSDropOff,Not Available,
Dk0P9hqrRRMA,1Z3764A79089071290,2017-12-22T05:36:49Z,114-4699018-2131407,UPSDropOff,Not Available,
DFs19HqsRRMA,1Z976RX39003539043,2017-12-21T15:48:57Z,114-7709588-4172227,UPSDropOff,Not Available,
Dhnx9wqjRRMA,1Z976RX39003246216,2017-12-19T23:53:15Z,114-7709588-4172227,UPSDropOff,Not Available,
Dtng9mqjRRMA,1Z976RX39003246172,2017-12-19T23:53:13Z,114-7709588-4172227,UPSDropOff,Not Available,
D5nX9KqZRRMA,9304420503600021399967,2017-12-19T23:50:04Z,114-7709588-4172227,USPS,Not Available,
D8nZ9jqZRRMA,9304420503600021379396,2017-12-19T23:50:02Z,114-7709588-4172227,USPS,Not Available,
DhDm4hqvRRMA,1Z7F75039021996402,2017-12-15T06:33:43Z,114-0881759-6072226,UPSDropOff,Not Available,
DpMX4rqBRRMA,1Z9758R59001801963,2017-12-14T05:37:44Z,114-6976211-8841800,UPSDropOff,Not Available,
D7ML44qkRRMA,9304420503600019534233,2017-12-14T04:53:53Z,114-0881759-6072226,USPS,Not Available,
DfW44bqRRRMA,1Z9758RW9000544398,2017-12-12T17:37:24Z,112-0784871-7154606,UPSDropOff,Not Available,
DfQR4fqsRRMA,9304420503600018800902,2017-12-12T03:57:47Z,114-0693541-9743457,USPS,Not Available,
DLc44wq6RRMA,1Z9758RW9000500943,2017-12-11T03:51:55Z,112-0485977-5057024,UPSDropOff,Not Available,
DB7VHRqtRRMA,1Z9758RW9000273690,2017-12-02T09:09:38Z,112-9710811-4926606,UPSDropOff,Not Available,
D7LNb3qxRRMA,1Z3Y51819053474168,2017-11-07T02:57:15Z,114-9645664-5825008,UPSDropOff,Not Available,
DxdJbNqHRRMA,Not Available,2017-11-06T03:21:57Z,114-5642801-0747458,CustomSellerOption,Not Available,
DHC0knqLRRMA,1Z3764A79062202242,2017-10-21T17:47:07Z,114-4279074-7320245,UPSDropOff,Not Available,
DsHBNcqlRRMA,1Z3764A79055205075,2017-10-04T02:50:48Z,114-8517695-1156229,UPSDropOff,Not Available,
DYSdh4PtRRMA,1Z6089509075533389,2017-09-06T22:44:59Z,114-1007463-1041018,UPSDropOff,Not Available,
DhZwf4PLRRMA,1Z6089509071102226,2017-08-10T22:10:37Z,114-2448054-7522661,UPSDropOff,Not Available,
DZZPf4PLRRMA,1Z6089509071102217,2017-08-10T22:10:36Z,114-3893013-6864219,UPSDropOff,Not Available,
D8ZtfVPLRRMA,1Z6089509071101763,2017-08-10T22:08:55Z,114-7876400-2881824,UPSDropOff,Not Available,
DkGwqnPYRRMA,1Z7F75029006808430,2017-06-08T05:07:52Z,114-1687301-1521008,UPSDropOff,Not Available,
D8GBqRPYRRMA,1Z7F75029006808421,2017-06-08T05:07:51Z,114-1687301-1521008,UPSDropOff,Not Available,
D7GKqPPYRRMA,1Z3764A79000463845,2017-06-08T05:06:39Z,114-3613078-1887421,UPSDropOff,Not Available,
DqVXg3PZRRMA,1Z9F084X9072463008,2017-05-05T15:21:42Z,114-9401320-9021831,UPSDropOff,Not Available,
DhCbCgPvRRMA,1Z9F084X9042328327,2017-02-18T19:59:22Z,107-5688348-3363415,UPSDropOff,Not Available,
DTR9KbPmRRMA,1Z9F084X9008748321,2016-12-23T00:19:22Z,112-8949816-4284207,UPSDropOff,Not Available,
Ds9vl9PmRRMA,1Z9F084E9007174174,2016-11-22T22:42:11Z,112-9179542-5989864,UPSDropOff,Not Available,
Dt9klwPmRRMA,1Z9F084E9007174156,2016-11-22T22:42:09Z,112-9179542-5989864,UPSDropOff,Not Available,
Djr8dPPdRRMA,1Z6089509045853189,2016-08-03T19:33:44Z,115-9798705-5625013,UPSDropOff,Not Available,
DQr3dmPGRRMA,1ZW931979031305580,2016-08-03T19:31:52Z,105-8246370-2444253,UPSDropOff,Not Available,
DP8qh1fYRRMA,1ZW993X29025376457,2016-06-30T20:27:56Z,105-5577048-2672251,UPSDropOff,Not Available,
DVV2hdf5RRMA,1ZW993X29024507165,2016-06-28T18:42:06Z,105-7433625-8750638,UPSDropOff,Not Available,
DVvtfCfCRRMA,1ZW993X29017977251,2016-06-09T23:34:28Z,105-0412695-3147453,UPSDropOff,Not Available,
DC46fVflRRMA,1ZW993X29017197531,2016-06-07T22:49:54Z,102-2717620-9293864,UPSDropOff,Not Available,
DM4pf6flRRMA,1Z6089509043139115,2016-06-07T22:48:32Z,102-0300775-3092205,UPSDropOff,Not Available,
DMZJT608RRMA,1ZW934F69077268588,2016-02-16T02:04:27Z,113-6356069-2460239,UPSDropOff,Not Available,
DMDtgwGFRRMA,1ZW934F69045076185,2015-12-05T19:45:35Z,112-3811801-2549002,UPSDropOff,Not Available,
D9BqPWG2RRMA,1ZW934F69039802786,2015-11-19T21:22:44Z,106-1239124-5442616,UPSDropOff,Not Available,
DMWrm3swRRMA,1ZW934F69022849302,2015-09-24T06:05:22Z,106-9985245-3232240,UPSDropOff,Not Available,
D98xPhsMRRMA,1ZW992W89023645152,2015-09-14T03:33:47Z,103-5320683-0372239,UPSDropOff,Not Available,
Dl77Qvs8RRMA,1ZW934F69014398145,2015-08-27T06:44:29Z,104-6168552-4344218,UPSDropOff,Not Available,
DSKxcNdjRRMA,1Z6089419085374273,2015-06-06T13:30:37Z,110-1557779-6802646,UPSDropOff,Not Available,
DbzxcZd1RRMA,1Z6089419085155803,2015-06-05T14:41:56Z,105-6598301-1296243,UPSDropOff,Not Available,
DM1tFydrRRMA,1Z6089419083480938,2015-05-29T12:10:27Z,104-5947969-4036262,UPSDropOff,Not Available,
DV7jG8r7RRMA,1Z6089419071048473,2015-04-01T22:45:32Z,103-3726695-2691401,UPSDropOff,Not Available,
Dy7mGCrLRRMA,1Z6089419071048142,2015-04-01T22:44:22Z,103-3098018-8879421,UPSDropOff,Not Available,
DJqYSJJYRRMA,Not Available,2014-12-27T20:21:10Z,105-6392370-5689861,Not Available,Not Available,
DnPPSZJqRRMA,Not Available,2014-12-27T20:11:32Z,105-8205474-6529810,Not Available,Not Available,
DnPwS6JPRRMA,Not Available,2014-12-27T20:00:29Z,110-5195163-1845038,Not Available,Not Available,
D3VdbWJTRRMA,Not Available,2014-10-02T05:12:22Z,110-0627842-5226631,Not Available,Not Available,
DgVfbBJnRRMA,Not Available,2014-10-02T05:10:21Z,105-8270033-3120232,Not Available,Not Available,
DDG1hJxHRRMA,Not Available,2014-09-21T16:51:41Z,103-1186611-5581020,Not Available,Not Available,
DDG1hJxHRRMA,Not Available,2014-09-18T10:34:40Z,103-1186611-5581020,Not Available,Not Available,
DcygZvRfRRMA,Not Available,2014-05-13T13:36:45Z,103-9813427-0516237,Not Available,Not Available,
Dyz608RWRRMA,Not Available,2014-04-13T20:04:29Z,103-9612197-6922656,Not Available,Not Available,
D9dG70R3RRMA,Not Available,2014-03-04T21:55:12Z,116-5195472-4596229,Not Available,Not Available,
DDdy70RMRRMA,Not Available,2014-03-04T21:52:58Z,103-6229980-1769001,Not Available,Not Available,
D6VxQ3RQRRMA,Not Available,2014-02-24T19:59:54Z,103-8056181-6285823,Not Available,Not Available,
Dl4mq1p4RRMA,Not Available,2013-12-30T18:28:07Z,103-6938154-0399441,Not Available,Not Available,
